priority,status,cannibalization_risk,service,intent_cluster,location,location_slug,target_keyword,url,seo_score,content_score,word_count,unique_word_count,location_mentions,service_keyword_mentions,title,title_chars,title_has_location,h1,h1_count,h1_has_location,meta_description_chars,description_has_location,body_has_location,canonical_path_ok,robots_indexable,sitemap_included,has_service_schema,has_faq_schema,internal_links,local_links,incoming_internal_links,linked_from_parent,similarity_to_base_service,nearest_same_service_url,nearest_same_service_shingle_similarity,nearest_same_service_template_url,nearest_same_service_template_similarity,nearest_same_service_location_masked_template_url,nearest_same_service_location_masked_template_similarity,nearest_same_location_url,nearest_same_location_similarity,json_ld_types
"P3","ready","high","beerdigungen","trauermusik","Aachen","aachen","Trauermusik Aachen","https://kim-marie-borger.com/beerdigungen/aachen/","92","71","867","278","17","9","Trauermusik Aachen | Viola für Abschied","39","true","Trauermusik in Aachen für einen würdevollen Abschied.","1","true","110","true","true","true","true","true","false","true","74","28","3","false","0.0322","https://kim-marie-borger.com/beerdigungen/bielefeld/","0.6415","https://kim-marie-borger.com/beerdigungen/bielefeld/","0.9643","https://kim-marie-borger.com/beerdigungen/bielefeld/","0.9839","https://kim-marie-borger.com/hochzeiten/aachen/","0.1862","Answer|BreadcrumbList|City|ContactPoint|FAQPage|ListItem|Occupation|Offer|Person|Question|WebPage|WebSite"
"P3","improve-copy","medium","beerdigungen","trauermusik","Bergisch Gladbach","bergisch-gladbach","Trauermusik Bergisch Gladbach","https://kim-marie-borger.com/beerdigungen/bergisch-gladbach/","92","80","888","279","17","9","Trauermusik Bergisch Gladbach | Viola für Abschied","50","true","Trauermusik in Bergisch Gladbach für einen würdevollen Abschied.","1","true","132","true","true","true","true","true","false","true","74","28","4","false","0.0316","https://kim-marie-borger.com/beerdigungen/aachen/","0.6085","https://kim-marie-borger.com/beerdigungen/aachen/","0.9459","https://kim-marie-borger.com/beerdigungen/hagen/","0.9793","https://kim-marie-borger.com/hochzeiten/bergisch-gladbach/","0.186","Answer|BreadcrumbList|City|ContactPoint|FAQPage|ListItem|Occupation|Offer|Person|Question|WebPage|WebSite"
"P3","improve-copy","medium","beerdigungen","trauermusik","Bergisches Land","bergisches-land","Trauermusik Bergisches Land","https://kim-marie-borger.com/beerdigungen/bergisches-land/","92","80","834","272","19","7","Trauermusik Bergisches Land | Viola für Abschied","48","true","Trauermusik im Bergischen Land für einen würdevollen Abschied.","1","true","128","true","true","true","true","true","false","true","74","28","24","false","0.0321","https://kim-marie-borger.com/beerdigungen/rheinland/","0.5962","https://kim-marie-borger.com/beerdigungen/rheinland/","0.9375","https://kim-marie-borger.com/beerdigungen/rheinland/","0.9963","https://kim-marie-borger.com/hochzeiten/bergisches-land/","0.1861","Answer|BreadcrumbList|ContactPoint|FAQPage|ListItem|Occupation|Offer|Person|Place|Question|WebPage|WebSite"
"P3","ready","high","beerdigungen","trauermusik","Bielefeld","bielefeld","Trauermusik Bielefeld","https://kim-marie-borger.com/beerdigungen/bielefeld/","92","71","871","279","17","9","Trauermusik Bielefeld | Viola für Abschied","42","true","Trauermusik in Bielefeld für einen würdevollen Abschied.","1","true","116","true","true","true","true","true","false","true","74","28","3","false","0.0321","https://kim-marie-borger.com/beerdigungen/aachen/","0.6415","https://kim-marie-borger.com/beerdigungen/aachen/","0.9643","https://kim-marie-borger.com/beerdigungen/aachen/","0.9839","https://kim-marie-borger.com/hochzeiten/bielefeld/","0.1861","Answer|BreadcrumbList|City|ContactPoint|FAQPage|ListItem|Occupation|Offer|Person|Question|WebPage|WebSite"
"P2","improve-copy","medium","beerdigungen","trauermusik","Bochum","bochum","Trauermusik Bochum","https://kim-marie-borger.com/beerdigungen/bochum/","92","80","699","261","15","5","Trauermusik Bochum | Viola für Abschied","39","true","Trauermusik in Bochum: ruhig geplant, nicht nur gebucht.","1","true","126","true","true","true","true","true","false","true","74","28","3","false","0.0352","https://kim-marie-borger.com/beerdigungen/neuss/","0.6226","https://kim-marie-borger.com/beerdigungen/erkrath/","0.9171","https://kim-marie-borger.com/beerdigungen/erkrath/","0.9387","https://kim-marie-borger.com/taufen/bochum/","0.1551","Answer|BreadcrumbList|City|ContactPoint|FAQPage|ListItem|Occupation|Offer|Person|Question|WebPage|WebSite"
"P3","ready","high","beerdigungen","trauermusik","Bonn","bonn","Trauermusik Bonn","https://kim-marie-borger.com/beerdigungen/bonn/","92","80","871","275","17","7","Trauermusik Bonn | Viola für Abschied","37","true","Trauermusik in Bonn für einen würdevollen Abschied.","1","true","106","true","true","true","true","true","false","true","74","28","3","false","0.0323","https://kim-marie-borger.com/beerdigungen/bottrop/","0.6292","https://kim-marie-borger.com/beerdigungen/bottrop/","0.9551","https://kim-marie-borger.com/beerdigungen/bottrop/","0.9747","https://kim-marie-borger.com/hochzeiten/bonn/","0.1881","Answer|BreadcrumbList|City|ContactPoint|FAQPage|ListItem|Occupation|Offer|Person|Question|WebPage|WebSite"
"P3","ready","high","beerdigungen","trauermusik","Bottrop","bottrop","Trauermusik Bottrop","https://kim-marie-borger.com/beerdigungen/bottrop/","92","80","867","274","17","7","Trauermusik Bottrop | Viola für Abschied","40","true","Trauermusik in Bottrop für einen würdevollen Abschied.","1","true","112","true","true","true","true","true","false","true","74","28","3","false","0.0323","https://kim-marie-borger.com/beerdigungen/langenfeld/","0.6303","https://kim-marie-borger.com/beerdigungen/langenfeld/","0.9573","https://kim-marie-borger.com/beerdigungen/langenfeld/","0.9815","https://kim-marie-borger.com/hochzeiten/bottrop/","0.1872","Answer|BreadcrumbList|City|ContactPoint|FAQPage|ListItem|Occupation|Offer|Person|Question|WebPage|WebSite"
"P3","improve-copy","medium","beerdigungen","trauermusik","Dormagen","dormagen","Trauermusik Dormagen","https://kim-marie-borger.com/beerdigungen/dormagen/","92","80","863","275","17","7","Trauermusik Dormagen | Viola für Abschied","41","true","Trauermusik in Dormagen für einen würdevollen Abschied.","1","true","114","true","true","true","true","true","false","true","74","28","3","false","0.0324","https://kim-marie-borger.com/beerdigungen/haan/","0.6175","https://kim-marie-borger.com/beerdigungen/haan/","0.9571","https://kim-marie-borger.com/beerdigungen/haan/","0.9768","https://kim-marie-borger.com/hochzeiten/dormagen/","0.1926","Answer|BreadcrumbList|City|ContactPoint|FAQPage|ListItem|Occupation|Offer|Person|Question|WebPage|WebSite"
"P2","improve-copy","medium","beerdigungen","trauermusik","Dortmund","dortmund","Trauermusik Dortmund","https://kim-marie-borger.com/beerdigungen/dortmund/","100","80","686","264","15","5","Trauermusik Dortmund | Viola für Abschied","41","true","Trauermusik in Dortmund: ruhig geplant, nicht nur gebucht.","1","true","130","true","true","true","true","true","false","true","74","28","69","true","0.035","https://kim-marie-borger.com/beerdigungen/erkrath/","0.6167","https://kim-marie-borger.com/beerdigungen/moenchengladbach/","0.9164","https://kim-marie-borger.com/beerdigungen/moenchengladbach/","0.9384","https://kim-marie-borger.com/taufen/dortmund/","0.158","Answer|BreadcrumbList|City|ContactPoint|FAQPage|ListItem|Occupation|Offer|Person|Question|WebPage|WebSite"
"P1","ready","low","beerdigungen","trauermusik","Düsseldorf","duesseldorf","Trauermusik Düsseldorf","https://kim-marie-borger.com/beerdigungen/duesseldorf/","100","94","698","263","14","5","Trauermusik Düsseldorf | Viola für Abschied","43","true","Trauermusik in Düsseldorf — ruhig und verlässlich abgestimmt.","1","true","134","true","true","true","true","true","false","true","72","26","72","true","0.0388","https://kim-marie-borger.com/beerdigungen/wuppertal/","0.533","https://kim-marie-borger.com/beerdigungen/wuppertal/","0.8611","https://kim-marie-borger.com/beerdigungen/wuppertal/","0.8813","https://kim-marie-borger.com/taufen/duesseldorf/","0.1459","Answer|BreadcrumbList|City|ContactPoint|FAQPage|ListItem|Occupation|Offer|Person|Question|WebPage|WebSite"
"P2","improve-copy","medium","beerdigungen","trauermusik","Duisburg","duisburg","Trauermusik Duisburg","https://kim-marie-borger.com/beerdigungen/duisburg/","100","80","692","262","15","5","Trauermusik Duisburg | Viola für Abschied","41","true","Trauermusik in Duisburg: ruhig geplant, nicht nur gebucht.","1","true","130","true","true","true","true","true","false","true","74","28","69","true","0.0351","https://kim-marie-borger.com/beerdigungen/erkrath/","0.616","https://kim-marie-borger.com/beerdigungen/dortmund/","0.91","https://kim-marie-borger.com/beerdigungen/ratingen/","0.9337","https://kim-marie-borger.com/taufen/duisburg/","0.1581","Answer|BreadcrumbList|City|ContactPoint|FAQPage|ListItem|Occupation|Offer|Person|Question|WebPage|WebSite"
"P2","priority-rewrite","high","beerdigungen","trauermusik","Erkrath","erkrath","Trauermusik Erkrath","https://kim-marie-borger.com/beerdigungen/erkrath/","92","80","688","260","17","5","Trauermusik Erkrath | Viola für Abschied","40","true","Trauermusik in Erkrath: ruhig geplant, nicht nur gebucht.","1","true","128","true","true","true","true","true","false","true","74","28","3","false","0.0352","https://kim-marie-borger.com/beerdigungen/remscheid/","0.6339","https://kim-marie-borger.com/beerdigungen/moenchengladbach/","0.9209","https://kim-marie-borger.com/beerdigungen/moenchengladbach/","0.9444","https://kim-marie-borger.com/taufen/erkrath/","0.155","Answer|BreadcrumbList|City|ContactPoint|FAQPage|ListItem|Occupation|Offer|Person|Question|WebPage|WebSite"
"P2","improve-copy","medium","beerdigungen","trauermusik","Essen","essen","Trauermusik Essen","https://kim-marie-borger.com/beerdigungen/essen/","100","80","697","260","15","5","Trauermusik Essen | Viola für Abschied","38","true","Trauermusik in Essen: ruhig geplant, nicht nur gebucht.","1","true","124","true","true","true","true","true","false","true","74","28","69","true","0.0353","https://kim-marie-borger.com/beerdigungen/leverkusen/","0.6281","https://kim-marie-borger.com/beerdigungen/mettmann/","0.9054","https://kim-marie-borger.com/beerdigungen/mettmann/","0.9284","https://kim-marie-borger.com/taufen/essen/","0.1555","Answer|BreadcrumbList|City|ContactPoint|FAQPage|ListItem|Occupation|Offer|Person|Question|WebPage|WebSite"
"P3","ready","high","beerdigungen","trauermusik","Gelsenkirchen","gelsenkirchen","Trauermusik Gelsenkirchen","https://kim-marie-borger.com/beerdigungen/gelsenkirchen/","92","80","871","276","17","7","Trauermusik Gelsenkirchen | Viola für Abschied","46","true","Trauermusik in Gelsenkirchen für einen würdevollen Abschied.","1","true","124","true","true","true","true","true","false","true","74","28","3","false","0.0323","https://kim-marie-borger.com/beerdigungen/herne/","0.6209","https://kim-marie-borger.com/beerdigungen/paderborn/","0.9551","https://kim-marie-borger.com/beerdigungen/muelheim-an-der-ruhr/","0.977","https://kim-marie-borger.com/hochzeiten/gelsenkirchen/","0.1956","Answer|BreadcrumbList|City|ContactPoint|FAQPage|ListItem|Occupation|Offer|Person|Question|WebPage|WebSite"
"P3","improve-copy","medium","beerdigungen","trauermusik","Haan","haan","Trauermusik Haan","https://kim-marie-borger.com/beerdigungen/haan/","92","80","863","275","17","7","Trauermusik Haan | Viola für Abschied","37","true","Trauermusik in Haan für einen würdevollen Abschied.","1","true","106","true","true","true","true","true","false","true","74","28","3","false","0.0324","https://kim-marie-borger.com/beerdigungen/dormagen/","0.6175","https://kim-marie-borger.com/beerdigungen/dormagen/","0.9571","https://kim-marie-borger.com/beerdigungen/recklinghausen/","0.9815","https://kim-marie-borger.com/hochzeiten/haan/","0.1926","Answer|BreadcrumbList|City|ContactPoint|FAQPage|ListItem|Occupation|Offer|Person|Question|WebPage|WebSite"
"P3","ready","high","beerdigungen","trauermusik","Hagen","hagen","Trauermusik Hagen","https://kim-marie-borger.com/beerdigungen/hagen/","92","80","867","278","17","9","Trauermusik Hagen | Viola für Abschied","38","true","Trauermusik in Hagen für einen würdevollen Abschied.","1","true","108","true","true","true","true","true","false","true","74","28","3","false","0.0322","https://kim-marie-borger.com/beerdigungen/aachen/","0.6265","https://kim-marie-borger.com/beerdigungen/aachen/","0.9573","https://kim-marie-borger.com/beerdigungen/heiligenhaus/","0.9815","https://kim-marie-borger.com/hochzeiten/hagen/","0.1862","Answer|BreadcrumbList|City|ContactPoint|FAQPage|ListItem|Occupation|Offer|Person|Question|WebPage|WebSite"
"P3","ready","high","beerdigungen","trauermusik","Heiligenhaus","heiligenhaus","Trauermusik Heiligenhaus","https://kim-marie-borger.com/beerdigungen/heiligenhaus/","92","80","867","278","17","9","Trauermusik Heiligenhaus | Viola für Abschied","45","true","Trauermusik in Heiligenhaus für einen würdevollen Abschied.","1","true","122","true","true","true","true","true","false","true","74","28","3","false","0.0322","https://kim-marie-borger.com/beerdigungen/wuelfrath/","0.6351","https://kim-marie-borger.com/beerdigungen/wuelfrath/","0.9619","https://kim-marie-borger.com/beerdigungen/wuelfrath/","0.9908","https://kim-marie-borger.com/hochzeiten/heiligenhaus/","0.1862","Answer|BreadcrumbList|City|ContactPoint|FAQPage|ListItem|Occupation|Offer|Person|Question|WebPage|WebSite"
"P3","ready","high","beerdigungen","trauermusik","Herne","herne","Trauermusik Herne","https://kim-marie-borger.com/beerdigungen/herne/","92","80","879","277","17","7","Trauermusik Herne | Viola für Abschied","38","true","Trauermusik in Herne für einen würdevollen Abschied.","1","true","108","true","true","true","true","true","false","true","74","28","3","false","0.0322","https://kim-marie-borger.com/beerdigungen/gelsenkirchen/","0.6209","https://kim-marie-borger.com/beerdigungen/gelsenkirchen/","0.9531","https://kim-marie-borger.com/beerdigungen/gelsenkirchen/","0.9726","https://kim-marie-borger.com/hochzeiten/herne/","0.1971","Answer|BreadcrumbList|City|ContactPoint|FAQPage|ListItem|Occupation|Offer|Person|Question|WebPage|WebSite"
"P2","improve-copy","medium","beerdigungen","trauermusik","Hilden","hilden","Trauermusik Hilden","https://kim-marie-borger.com/beerdigungen/hilden/","92","80","691","261","15","5","Trauermusik Hilden | Viola für Abschied","39","true","Trauermusik in Hilden: ruhig geplant, nicht nur gebucht.","1","true","126","true","true","true","true","true","false","true","74","28","3","false","0.0352","https://kim-marie-borger.com/beerdigungen/ratingen/","0.6315","https://kim-marie-borger.com/beerdigungen/erkrath/","0.9137","https://kim-marie-borger.com/beerdigungen/erkrath/","0.9355","https://kim-marie-borger.com/taufen/hilden/","0.1546","Answer|BreadcrumbList|City|ContactPoint|FAQPage|ListItem|Occupation|Offer|Person|Question|WebPage|WebSite"
"P3","ready","high","beerdigungen","trauermusik","Iserlohn","iserlohn","Trauermusik Iserlohn","https://kim-marie-borger.com/beerdigungen/iserlohn/","92","80","871","275","17","7","Trauermusik Iserlohn | Viola für Abschied","41","true","Trauermusik in Iserlohn für einen würdevollen Abschied.","1","true","114","true","true","true","true","true","false","true","74","28","3","false","0.0323","https://kim-marie-borger.com/beerdigungen/bottrop/","0.6292","https://kim-marie-borger.com/beerdigungen/bottrop/","0.9551","https://kim-marie-borger.com/beerdigungen/bottrop/","0.9747","https://kim-marie-borger.com/hochzeiten/iserlohn/","0.1881","Answer|BreadcrumbList|City|ContactPoint|FAQPage|ListItem|Occupation|Offer|Person|Question|WebPage|WebSite"
"P1","ready","low","beerdigungen","trauermusik","Köln","koeln","Trauermusik Köln","https://kim-marie-borger.com/beerdigungen/koeln/","100","90","665","254","13","5","Trauermusik Köln | Viola für Abschied","37","true","Trauermusik in Köln für einen persönlichen Abschied.","1","true","122","true","true","true","true","true","false","true","72","26","72","true","0.0343","https://kim-marie-borger.com/beerdigungen/wuppertal/","0.5125","https://kim-marie-borger.com/beerdigungen/duesseldorf/","0.8584","https://kim-marie-borger.com/beerdigungen/duesseldorf/","0.8789","https://kim-marie-borger.com/taufen/koeln/","0.1071","Answer|BreadcrumbList|City|ContactPoint|FAQPage|ListItem|Occupation|Offer|Person|Question|WebPage|WebSite"
"P3","improve-copy","medium","beerdigungen","trauermusik","Krefeld","krefeld","Trauermusik Krefeld","https://kim-marie-borger.com/beerdigungen/krefeld/","92","80","863","275","17","7","Trauermusik Krefeld | Viola für Abschied","40","true","Trauermusik in Krefeld für einen würdevollen Abschied.","1","true","112","true","true","true","true","true","false","true","74","28","3","false","0.0324","https://kim-marie-borger.com/beerdigungen/dormagen/","0.6175","https://kim-marie-borger.com/beerdigungen/dormagen/","0.9571","https://kim-marie-borger.com/beerdigungen/dormagen/","0.9768","https://kim-marie-borger.com/konzerte/krefeld/","0.1916","Answer|BreadcrumbList|City|ContactPoint|FAQPage|ListItem|Occupation|Offer|Person|Question|WebPage|WebSite"
"P3","ready","low","beerdigungen","trauermusik","Kreis Mettmann","kreis-mettmann","Trauermusik Kreis Mettmann","https://kim-marie-borger.com/beerdigungen/kreis-mettmann/","92","90","835","273","20","9","Trauermusik Kreis Mettmann | Viola für Abschied","47","true","Trauermusik im Kreis Mettmann für einen würdevollen Abschied.","1","true","126","true","true","true","true","true","false","true","74","28","30","false","0.0319","https://kim-marie-borger.com/beerdigungen/rhein-kreis-neuss/","0.5197","https://kim-marie-borger.com/beerdigungen/rhein-kreis-neuss/","0.9337","https://kim-marie-borger.com/beerdigungen/rhein-kreis-neuss/","0.9902","https://kim-marie-borger.com/konzerte/kreis-mettmann/","0.2048","AdministrativeArea|Answer|BreadcrumbList|ContactPoint|FAQPage|ListItem|Occupation|Offer|Person|Question|WebPage|WebSite"
"P3","ready","high","beerdigungen","trauermusik","Langenfeld","langenfeld","Trauermusik Langenfeld","https://kim-marie-borger.com/beerdigungen/langenfeld/","92","80","867","274","17","7","Trauermusik Langenfeld | Viola für Abschied","43","true","Trauermusik in Langenfeld für einen würdevollen Abschied.","1","true","118","true","true","true","true","true","false","true","74","28","3","false","0.0323","https://kim-marie-borger.com/beerdigungen/bottrop/","0.6303","https://kim-marie-borger.com/beerdigungen/bottrop/","0.9573","https://kim-marie-borger.com/beerdigungen/bottrop/","0.9815","https://kim-marie-borger.com/hochzeiten/langenfeld/","0.1872","Answer|BreadcrumbList|City|ContactPoint|FAQPage|ListItem|Occupation|Offer|Person|Question|WebPage|WebSite"
"P2","priority-rewrite","high","beerdigungen","trauermusik","Leverkusen","leverkusen","Trauermusik Leverkusen","https://kim-marie-borger.com/beerdigungen/leverkusen/","92","80","678","260","15","5","Trauermusik Leverkusen | Viola für Abschied","43","true","Trauermusik in Leverkusen: ruhig geplant, nicht nur gebucht.","1","true","134","true","true","true","true","true","false","true","74","28","4","false","0.0353","https://kim-marie-borger.com/beerdigungen/mettmann/","0.639","https://kim-marie-borger.com/beerdigungen/mettmann/","0.9151","https://kim-marie-borger.com/beerdigungen/mettmann/","0.9413","https://kim-marie-borger.com/taufen/leverkusen/","0.1563","Answer|BreadcrumbList|City|ContactPoint|FAQPage|ListItem|Occupation|Offer|Person|Question|WebPage|WebSite"
"P3","ready","high","beerdigungen","trauermusik","Meerbusch","meerbusch","Trauermusik Meerbusch","https://kim-marie-borger.com/beerdigungen/meerbusch/","92","80","867","274","17","7","Trauermusik Meerbusch | Viola für Abschied","42","true","Trauermusik in Meerbusch für einen würdevollen Abschied.","1","true","116","true","true","true","true","true","false","true","74","28","3","false","0.0323","https://kim-marie-borger.com/beerdigungen/bottrop/","0.6303","https://kim-marie-borger.com/beerdigungen/bottrop/","0.9573","https://kim-marie-borger.com/beerdigungen/bottrop/","0.9769","https://kim-marie-borger.com/hochzeiten/meerbusch/","0.1872","Answer|BreadcrumbList|City|ContactPoint|FAQPage|ListItem|Occupation|Offer|Person|Question|WebPage|WebSite"
"P2","priority-rewrite","high","beerdigungen","trauermusik","Mettmann","mettmann","Trauermusik Mettmann","https://kim-marie-borger.com/beerdigungen/mettmann/","92","76","688","259","17","5","Trauermusik Mettmann | Viola für Abschied","41","true","Trauermusik in Mettmann: ruhig geplant, nicht nur gebucht.","1","true","130","true","true","true","true","true","false","true","74","28","3","false","0.0351","https://kim-marie-borger.com/beerdigungen/leverkusen/","0.639","https://kim-marie-borger.com/beerdigungen/moenchengladbach/","0.9195","https://kim-marie-borger.com/beerdigungen/moenchengladbach/","0.9443","https://kim-marie-borger.com/taufen/mettmann/","0.1589","Answer|BreadcrumbList|City|ContactPoint|FAQPage|ListItem|Occupation|Offer|Person|Question|WebPage|WebSite"
"P2","priority-rewrite","high","beerdigungen","trauermusik","Mönchengladbach","moenchengladbach","Trauermusik Mönchengladbach","https://kim-marie-borger.com/beerdigungen/moenchengladbach/","92","80","678","260","15","5","Trauermusik Mönchengladbach | Viola für Abschied","48","true","Trauermusik in Mönchengladbach: ruhig geplant, nicht nur gebucht.","1","true","144","true","true","true","true","true","false","true","74","28","3","false","0.0353","https://kim-marie-borger.com/beerdigungen/erkrath/","0.6238","https://kim-marie-borger.com/beerdigungen/ratingen/","0.933","https://kim-marie-borger.com/beerdigungen/ratingen/","0.9566","https://kim-marie-borger.com/taufen/moenchengladbach/","0.1534","Answer|BreadcrumbList|City|ContactPoint|FAQPage|ListItem|Occupation|Offer|Person|Question|WebPage|WebSite"
"P3","ready","high","beerdigungen","trauermusik","Moers","moers","Trauermusik Moers","https://kim-marie-borger.com/beerdigungen/moers/","92","71","867","274","17","7","Trauermusik Moers | Viola für Abschied","38","true","Trauermusik in Moers für einen würdevollen Abschied.","1","true","108","true","true","true","true","true","false","true","74","28","3","false","0.0323","https://kim-marie-borger.com/beerdigungen/unna/","0.6465","https://kim-marie-borger.com/beerdigungen/unna/","0.9643","https://kim-marie-borger.com/beerdigungen/unna/","0.9839","https://kim-marie-borger.com/hochzeiten/moers/","0.1872","Answer|BreadcrumbList|City|ContactPoint|FAQPage|ListItem|Occupation|Offer|Person|Question|WebPage|WebSite"
"P3","improve-copy","medium","beerdigungen","trauermusik","Monheim am Rhein","monheim-am-rhein","Trauermusik Monheim am Rhein","https://kim-marie-borger.com/beerdigungen/monheim-am-rhein/","92","80","897","276","17","7","Trauermusik Monheim am Rhein | Viola für Abschied","49","true","Trauermusik in Monheim am Rhein für einen würdevollen Abschied.","1","true","130","true","true","true","true","true","false","true","74","28","3","false","0.0318","https://kim-marie-borger.com/beerdigungen/dormagen/","0.6017","https://kim-marie-borger.com/beerdigungen/dormagen/","0.9477","https://kim-marie-borger.com/beerdigungen/recklinghausen/","0.9861","https://kim-marie-borger.com/hochzeiten/monheim-am-rhein/","0.1906","Answer|BreadcrumbList|City|ContactPoint|FAQPage|ListItem|Occupation|Offer|Person|Question|WebPage|WebSite"
"P3","improve-copy","medium","beerdigungen","trauermusik","Mülheim an der Ruhr","muelheim-an-der-ruhr","Trauermusik Mülheim an der Ruhr","https://kim-marie-borger.com/beerdigungen/muelheim-an-der-ruhr/","92","84","922","277","17","7","Trauermusik Mülheim an der Ruhr | Viola für Abschied","52","true","Trauermusik in Mülheim an der Ruhr für einen würdevollen Abschied.","1","true","136","true","true","true","true","true","false","true","74","28","3","false","0.0317","https://kim-marie-borger.com/beerdigungen/dormagen/","0.5976","https://kim-marie-borger.com/beerdigungen/gelsenkirchen/","0.9303","https://kim-marie-borger.com/beerdigungen/gelsenkirchen/","0.977","https://kim-marie-borger.com/hochzeiten/muelheim-an-der-ruhr/","0.1883","Answer|BreadcrumbList|City|ContactPoint|FAQPage|ListItem|Occupation|Offer|Person|Question|WebPage|WebSite"
"P3","ready","high","beerdigungen","trauermusik","Münster","muenster","Trauermusik Münster","https://kim-marie-borger.com/beerdigungen/muenster/","92","80","867","278","17","9","Trauermusik Münster | Viola für Abschied","40","true","Trauermusik in Münster für einen würdevollen Abschied.","1","true","112","true","true","true","true","true","false","true","74","28","3","false","0.0322","https://kim-marie-borger.com/beerdigungen/aachen/","0.6265","https://kim-marie-borger.com/beerdigungen/aachen/","0.9619","https://kim-marie-borger.com/beerdigungen/aachen/","0.9815","https://kim-marie-borger.com/hochzeiten/muenster/","0.1862","Answer|BreadcrumbList|City|ContactPoint|FAQPage|ListItem|Occupation|Offer|Person|Question|WebPage|WebSite"
"P2","improve-copy","medium","beerdigungen","trauermusik","Neuss","neuss","Trauermusik Neuss","https://kim-marie-borger.com/beerdigungen/neuss/","100","76","698","258","17","5","Trauermusik Neuss | Viola für Abschied","38","true","Trauermusik in Neuss: ruhig geplant, nicht nur gebucht.","1","true","124","true","true","true","true","true","false","true","74","28","70","true","0.0353","https://kim-marie-borger.com/beerdigungen/bochum/","0.6226","https://kim-marie-borger.com/beerdigungen/erkrath/","0.9033","https://kim-marie-borger.com/beerdigungen/erkrath/","0.9305","https://kim-marie-borger.com/taufen/neuss/","0.155","Answer|BreadcrumbList|City|ContactPoint|FAQPage|ListItem|Occupation|Offer|Person|Question|WebPage|WebSite"
"P3","ready","low","beerdigungen","trauermusik","Nordrhein-Westfalen","nordrhein-westfalen","Trauermusik Nordrhein-Westfalen","https://kim-marie-borger.com/beerdigungen/nordrhein-westfalen/","92","100","843","271","20","9","Trauermusik Nordrhein-Westfalen | Viola für Abschied","52","true","Trauermusik in Nordrhein-Westfalen für einen würdevollen Abschied.","1","true","136","true","true","true","true","true","false","true","74","28","3","false","0.032","https://kim-marie-borger.com/beerdigungen/ruhrgebiet/","0.441","https://kim-marie-borger.com/beerdigungen/ruhrgebiet/","0.8438","https://kim-marie-borger.com/beerdigungen/ruhrgebiet/","0.8962","https://kim-marie-borger.com/konzerte/nordrhein-westfalen/","0.2066","AdministrativeArea|Answer|BreadcrumbList|ContactPoint|FAQPage|ListItem|Occupation|Offer|Person|Question|WebPage|WebSite"
"P3","ready","high","beerdigungen","trauermusik","Oberhausen","oberhausen","Trauermusik Oberhausen","https://kim-marie-borger.com/beerdigungen/oberhausen/","92","80","871","274","21","7","Trauermusik Oberhausen | Viola für Abschied","43","true","Trauermusik in Oberhausen für einen würdevollen Abschied.","1","true","118","true","true","true","true","true","false","true","74","28","3","false","0.0323","https://kim-marie-borger.com/beerdigungen/bottrop/","0.6292","https://kim-marie-borger.com/beerdigungen/bottrop/","0.9551","https://kim-marie-borger.com/beerdigungen/bottrop/","0.9793","https://kim-marie-borger.com/hochzeiten/oberhausen/","0.1891","Answer|BreadcrumbList|City|ContactPoint|FAQPage|ListItem|Occupation|Offer|Person|Question|WebPage|WebSite"
"P3","improve-copy","medium","beerdigungen","trauermusik","Paderborn","paderborn","Trauermusik Paderborn","https://kim-marie-borger.com/beerdigungen/paderborn/","92","80","867","276","17","7","Trauermusik Paderborn | Viola für Abschied","42","true","Trauermusik in Paderborn für einen würdevollen Abschied.","1","true","116","true","true","true","true","true","false","true","74","28","3","false","0.0323","https://kim-marie-borger.com/beerdigungen/aachen/","0.6157","https://kim-marie-borger.com/beerdigungen/gelsenkirchen/","0.9551","https://kim-marie-borger.com/beerdigungen/gelsenkirchen/","0.9747","https://kim-marie-borger.com/hochzeiten/paderborn/","0.1943","Answer|BreadcrumbList|City|ContactPoint|FAQPage|ListItem|Occupation|Offer|Person|Question|WebPage|WebSite"
"P2","priority-rewrite","high","beerdigungen","trauermusik","Ratingen","ratingen","Trauermusik Ratingen","https://kim-marie-borger.com/beerdigungen/ratingen/","100","80","681","262","15","5","Trauermusik Ratingen | Viola für Abschied","41","true","Trauermusik in Ratingen: ruhig geplant, nicht nur gebucht.","1","true","130","true","true","true","true","true","false","true","74","28","70","true","0.0352","https://kim-marie-borger.com/beerdigungen/hilden/","0.6315","https://kim-marie-borger.com/beerdigungen/moenchengladbach/","0.933","https://kim-marie-borger.com/beerdigungen/moenchengladbach/","0.9566","https://kim-marie-borger.com/taufen/ratingen/","0.1555","Answer|BreadcrumbList|City|ContactPoint|FAQPage|ListItem|Occupation|Offer|Person|Question|WebPage|WebSite"
"P3","improve-copy","medium","beerdigungen","trauermusik","Recklinghausen","recklinghausen","Trauermusik Recklinghausen","https://kim-marie-borger.com/beerdigungen/recklinghausen/","92","80","863","275","17","7","Trauermusik Recklinghausen | Viola für Abschied","47","true","Trauermusik in Recklinghausen für einen würdevollen Abschied.","1","true","126","true","true","true","true","true","false","true","74","28","3","false","0.0324","https://kim-marie-borger.com/beerdigungen/dormagen/","0.6175","https://kim-marie-borger.com/beerdigungen/dormagen/","0.9571","https://kim-marie-borger.com/beerdigungen/monheim-am-rhein/","0.9861","https://kim-marie-borger.com/hochzeiten/recklinghausen/","0.1912","Answer|BreadcrumbList|City|ContactPoint|FAQPage|ListItem|Occupation|Offer|Person|Question|WebPage|WebSite"
"P2","improve-copy","medium","beerdigungen","trauermusik","Remscheid","remscheid","Trauermusik Remscheid","https://kim-marie-borger.com/beerdigungen/remscheid/","92","80","682","261","15","5","Trauermusik Remscheid | Viola für Abschied","42","true","Trauermusik in Remscheid: ruhig geplant, nicht nur gebucht.","1","true","132","true","true","true","true","true","false","true","74","28","4","false","0.0352","https://kim-marie-borger.com/beerdigungen/erkrath/","0.6339","https://kim-marie-borger.com/beerdigungen/ratingen/","0.9171","https://kim-marie-borger.com/beerdigungen/ratingen/","0.9391","https://kim-marie-borger.com/taufen/remscheid/","0.1563","Answer|BreadcrumbList|City|ContactPoint|FAQPage|ListItem|Occupation|Offer|Person|Question|WebPage|WebSite"
"P3","ready","low","beerdigungen","trauermusik","Rhein-Kreis Neuss","rhein-kreis-neuss","Trauermusik Rhein-Kreis Neuss","https://kim-marie-borger.com/beerdigungen/rhein-kreis-neuss/","92","90","855","272","20","9","Trauermusik Rhein-Kreis Neuss | Viola für Abschied","50","true","Trauermusik im Rhein-Kreis Neuss für einen würdevollen Abschied.","1","true","132","true","true","true","true","true","false","true","74","28","3","false","0.0313","https://kim-marie-borger.com/beerdigungen/kreis-mettmann/","0.5197","https://kim-marie-borger.com/beerdigungen/kreis-mettmann/","0.9337","https://kim-marie-borger.com/beerdigungen/kreis-mettmann/","0.9902","https://kim-marie-borger.com/konzerte/rhein-kreis-neuss/","0.2031","AdministrativeArea|Answer|BreadcrumbList|ContactPoint|FAQPage|ListItem|Occupation|Offer|Person|Question|WebPage|WebSite"
"P3","improve-copy","medium","beerdigungen","trauermusik","Rhein-Ruhr","rhein-ruhr","Trauermusik Rhein-Ruhr","https://kim-marie-borger.com/beerdigungen/rhein-ruhr/","92","80","880","272","19","7","Trauermusik Rhein-Ruhr | Viola für Abschied","43","true","Trauermusik in der Region Rhein-Ruhr für einen würdevollen Abschied.","1","true","129","true","true","true","true","true","false","true","74","28","24","false","0.0315","https://kim-marie-borger.com/beerdigungen/rheinland/","0.5811","https://kim-marie-borger.com/beerdigungen/rheinland/","0.9132","https://kim-marie-borger.com/beerdigungen/rheinland/","0.9498","https://kim-marie-borger.com/hochzeiten/rhein-ruhr/","0.1875","Answer|BreadcrumbList|ContactPoint|FAQPage|ListItem|Occupation|Offer|Person|Place|Question|WebPage|WebSite"
"P3","improve-copy","medium","beerdigungen","trauermusik","Rheinland","rheinland","Trauermusik Rheinland","https://kim-marie-borger.com/beerdigungen/rheinland/","92","80","813","269","19","7","Trauermusik Rheinland | Viola für Abschied","42","true","Trauermusik im Rheinland für einen würdevollen Abschied.","1","true","116","true","true","true","true","true","false","true","74","28","25","false","0.0328","https://kim-marie-borger.com/beerdigungen/bergisches-land/","0.5962","https://kim-marie-borger.com/beerdigungen/bergisches-land/","0.9375","https://kim-marie-borger.com/beerdigungen/bergisches-land/","0.9963","https://kim-marie-borger.com/hochzeiten/rheinland/","0.1866","Answer|BreadcrumbList|ContactPoint|FAQPage|ListItem|Occupation|Offer|Person|Place|Question|WebPage|WebSite"
"P3","improve-copy","medium","beerdigungen","trauermusik","Ruhrgebiet","ruhrgebiet","Trauermusik Ruhrgebiet","https://kim-marie-borger.com/beerdigungen/ruhrgebiet/","92","80","821","274","19","9","Trauermusik Ruhrgebiet | Viola für Abschied","43","true","Trauermusik im Ruhrgebiet für einen würdevollen Abschied.","1","true","118","true","true","true","true","true","false","true","74","28","3","false","0.0326","https://kim-marie-borger.com/beerdigungen/rheinland/","0.5791","https://kim-marie-borger.com/beerdigungen/rheinland/","0.9082","https://kim-marie-borger.com/beerdigungen/rheinland/","0.9522","https://kim-marie-borger.com/hochzeiten/ruhrgebiet/","0.1857","Answer|BreadcrumbList|ContactPoint|FAQPage|ListItem|Occupation|Offer|Person|Place|Question|WebPage|WebSite"
"P3","ready","high","beerdigungen","trauermusik","Siegen","siegen","Trauermusik Siegen","https://kim-marie-borger.com/beerdigungen/siegen/","92","80","883","275","17","7","Trauermusik Siegen | Viola für Abschied","39","true","Trauermusik in Siegen für einen würdevollen Abschied.","1","true","110","true","true","true","true","true","false","true","74","28","3","false","0.0321","https://kim-marie-borger.com/beerdigungen/bottrop/","0.6248","https://kim-marie-borger.com/beerdigungen/oberhausen/","0.951","https://kim-marie-borger.com/beerdigungen/oberhausen/","0.9704","https://kim-marie-borger.com/hochzeiten/siegen/","0.1902","Answer|BreadcrumbList|City|ContactPoint|FAQPage|ListItem|Occupation|Offer|Person|Question|WebPage|WebSite"
"P2","improve-copy","medium","beerdigungen","trauermusik","Solingen","solingen","Trauermusik Solingen","https://kim-marie-borger.com/beerdigungen/solingen/","92","80","689","261","15","5","Trauermusik Solingen | Viola für Abschied","41","true","Trauermusik in Solingen: ruhig geplant, nicht nur gebucht.","1","true","130","true","true","true","true","true","false","true","74","28","4","false","0.035","https://kim-marie-borger.com/beerdigungen/leverkusen/","0.6353","https://kim-marie-borger.com/beerdigungen/erkrath/","0.9136","https://kim-marie-borger.com/beerdigungen/erkrath/","0.9354","https://kim-marie-borger.com/taufen/solingen/","0.1565","Answer|BreadcrumbList|City|ContactPoint|FAQPage|ListItem|Occupation|Offer|Person|Question|WebPage|WebSite"
"P3","ready","high","beerdigungen","trauermusik","Unna","unna","Trauermusik Unna","https://kim-marie-borger.com/beerdigungen/unna/","92","71","871","274","17","7","Trauermusik Unna | Viola für Abschied","37","true","Trauermusik in Unna für einen würdevollen Abschied.","1","true","106","true","true","true","true","true","false","true","74","28","3","false","0.0323","https://kim-marie-borger.com/beerdigungen/moers/","0.6465","https://kim-marie-borger.com/beerdigungen/moers/","0.9643","https://kim-marie-borger.com/beerdigungen/moers/","0.9839","https://kim-marie-borger.com/hochzeiten/unna/","0.1881","Answer|BreadcrumbList|City|ContactPoint|FAQPage|ListItem|Occupation|Offer|Person|Question|WebPage|WebSite"
"P3","ready","high","beerdigungen","trauermusik","Velbert","velbert","Trauermusik Velbert","https://kim-marie-borger.com/beerdigungen/velbert/","92","80","867","274","17","7","Trauermusik Velbert | Viola für Abschied","40","true","Trauermusik in Velbert für einen würdevollen Abschied.","1","true","112","true","true","true","true","true","false","true","74","28","3","false","0.0323","https://kim-marie-borger.com/beerdigungen/bottrop/","0.6303","https://kim-marie-borger.com/beerdigungen/bottrop/","0.9573","https://kim-marie-borger.com/beerdigungen/bottrop/","0.9769","https://kim-marie-borger.com/hochzeiten/velbert/","0.1872","Answer|BreadcrumbList|City|ContactPoint|FAQPage|ListItem|Occupation|Offer|Person|Question|WebPage|WebSite"
"P3","ready","high","beerdigungen","trauermusik","Wülfrath","wuelfrath","Trauermusik Wülfrath","https://kim-marie-borger.com/beerdigungen/wuelfrath/","92","80","867","278","17","9","Trauermusik Wülfrath | Viola für Abschied","41","true","Trauermusik in Wülfrath für einen würdevollen Abschied.","1","true","114","true","true","true","true","true","false","true","74","28","3","false","0.0322","https://kim-marie-borger.com/beerdigungen/heiligenhaus/","0.6351","https://kim-marie-borger.com/beerdigungen/heiligenhaus/","0.9619","https://kim-marie-borger.com/beerdigungen/heiligenhaus/","0.9908","https://kim-marie-borger.com/hochzeiten/wuelfrath/","0.1862","Answer|BreadcrumbList|City|ContactPoint|FAQPage|ListItem|Occupation|Offer|Person|Question|WebPage|WebSite"
"P1","ready","low","beerdigungen","trauermusik","Wuppertal","wuppertal","Trauermusik Wuppertal","https://kim-marie-borger.com/beerdigungen/wuppertal/","100","94","684","264","14","5","Trauermusik Wuppertal | Viola für Abschied","42","true","Trauermusik in Wuppertal — warm, zurückhaltend und vorbereitet.","1","true","132","true","true","true","true","true","false","true","72","26","595","true","0.0363","https://kim-marie-borger.com/beerdigungen/duesseldorf/","0.533","https://kim-marie-borger.com/beerdigungen/duesseldorf/","0.8611","https://kim-marie-borger.com/beerdigungen/duesseldorf/","0.8813","https://kim-marie-borger.com/taufen/wuppertal/","0.1488","Answer|BreadcrumbList|City|ContactPoint|FAQPage|ListItem|Occupation|Offer|Person|Question|WebPage|WebSite"
"P3","ready","high","firmenfeiern","firmenevent-musik","Live Musik Firmenevent Aachen","aachen","Live Musik Firmenevent Aachen","https://kim-marie-borger.com/firmenfeiern/aachen/","92","75","1307","335","26","8","Live Musik Firmenevent Aachen | Live-Viola fürs Event","53","true","Live Musik für Firmenevents in Aachen, die hochwertig wirkt und Gespräche lässt.","1","true","111","true","true","true","true","true","false","true","74","30","5","false","0.0091","https://kim-marie-borger.com/firmenfeiern/paderborn/","0.6512","https://kim-marie-borger.com/firmenfeiern/moers/","0.9655","https://kim-marie-borger.com/firmenfeiern/moers/","0.9854","https://kim-marie-borger.com/taufen/aachen/","0.4495","Answer|BreadcrumbList|City|ContactPoint|FAQPage|ListItem|Occupation|Offer|Person|Question|WebPage|WebSite"
"P3","improve-copy","medium","firmenfeiern","firmenevent-musik","Eventmusik Bergisch Gladbach","bergisch-gladbach","Live Musik Firmenevent Bergisch Gladbach","https://kim-marie-borger.com/firmenfeiern/bergisch-gladbach/","92","84","1339","336","26","8","Eventmusik Bergisch Gladbach | Solo-Viola","41","true","Live Musik für Firmenevents in Bergisch Gladbach, die hochwertig wirkt und Gespräche lässt.","1","true","133","true","true","true","true","true","false","true","74","30","6","false","0.0089","https://kim-marie-borger.com/firmenfeiern/aachen/","0.6062","https://kim-marie-borger.com/firmenfeiern/langenfeld/","0.9492","https://kim-marie-borger.com/firmenfeiern/haan/","0.9786","https://kim-marie-borger.com/taufen/bergisch-gladbach/","0.4501","Answer|BreadcrumbList|City|ContactPoint|FAQPage|ListItem|Occupation|Offer|Person|Question|WebPage|WebSite"
"P3","improve-copy","medium","firmenfeiern","firmenevent-musik","Eventmusik Bergisches Land","bergisches-land","Live Musik Firmenevent Bergisches Land","https://kim-marie-borger.com/firmenfeiern/bergisches-land/","84","84","1322","351","10","8","Eventmusik Bergisches Land | Solo-Viola","39","true","Live Musik für Firmenevents im Bergischen Land, die hochwertig wirkt und Gespräche lässt.","1","false","129","true","true","true","true","true","false","true","74","30","26","false","0.0087","https://kim-marie-borger.com/firmenfeiern/rheinland/","0.5685","https://kim-marie-borger.com/firmenfeiern/rheinland/","0.9389","https://kim-marie-borger.com/firmenfeiern/rheinland/","0.9977","https://kim-marie-borger.com/taufen/bergisches-land/","0.5016","Answer|BreadcrumbList|ContactPoint|FAQPage|ListItem|Occupation|Offer|Person|Place|Question|WebPage|WebSite"
"P3","improve-copy","medium","firmenfeiern","firmenevent-musik","Live Musik Firmenevent Bielefeld","bielefeld","Live Musik Firmenevent Bielefeld","https://kim-marie-borger.com/firmenfeiern/bielefeld/","92","84","1319","335","26","8","Live Musik Firmenevent Bielefeld | Live-Viola fürs Event","56","true","Live Musik für Firmenevents in Bielefeld, die hochwertig wirkt und Gespräche lässt.","1","true","117","true","true","true","true","true","false","true","74","30","5","false","0.0091","https://kim-marie-borger.com/firmenfeiern/hagen/","0.6078","https://kim-marie-borger.com/firmenfeiern/hagen/","0.9543","https://kim-marie-borger.com/firmenfeiern/muelheim-an-der-ruhr/","0.9742","https://kim-marie-borger.com/taufen/bielefeld/","0.4497","Answer|BreadcrumbList|City|ContactPoint|FAQPage|ListItem|Occupation|Offer|Person|Question|WebPage|WebSite"
"P2","priority-rewrite","high","firmenfeiern","firmenevent-musik","Live Musik Firmenevent Bochum","bochum","Live Musik Firmenevent Bochum","https://kim-marie-borger.com/firmenfeiern/bochum/","92","84","1132","329","23","3","Live Musik Firmenevent Bochum | Viola fürs Event","48","true","Live Musik für Firmenevents in Bochum: konkret geplant nach Ort und Ablauf.","1","true","141","true","true","true","true","true","false","true","74","30","5","false","0.0094","https://kim-marie-borger.com/firmenfeiern/moenchengladbach/","0.6358","https://kim-marie-borger.com/firmenfeiern/leverkusen/","0.9292","https://kim-marie-borger.com/firmenfeiern/leverkusen/","0.9474","https://kim-marie-borger.com/hochzeiten/bochum/","0.4079","Answer|BreadcrumbList|City|ContactPoint|FAQPage|ListItem|Occupation|Offer|Person|Question|WebPage|WebSite"
"P3","improve-copy","medium","firmenfeiern","firmenevent-musik","Live Musik Firmenevent Bonn","bonn","Live Musik Firmenevent Bonn","https://kim-marie-borger.com/firmenfeiern/bonn/","92","84","1311","342","26","8","Live Musik Firmenevent Bonn | Live-Viola fürs Event","51","true","Live Musik für Firmenevents in Bonn, die hochwertig wirkt und Gespräche lässt.","1","true","107","true","true","true","true","true","false","true","74","30","5","false","0.009","https://kim-marie-borger.com/firmenfeiern/bottrop/","0.6092","https://kim-marie-borger.com/firmenfeiern/dormagen/","0.9632","https://kim-marie-borger.com/firmenfeiern/dormagen/","0.9831","https://kim-marie-borger.com/taufen/bonn/","0.4482","Answer|BreadcrumbList|City|ContactPoint|FAQPage|ListItem|Occupation|Offer|Person|Question|WebPage|WebSite"
"P3","improve-copy","medium","firmenfeiern","firmenevent-musik","Live Musik Firmenevent Bottrop","bottrop","Live Musik Firmenevent Bottrop","https://kim-marie-borger.com/firmenfeiern/bottrop/","92","84","1305","341","26","8","Live Musik Firmenevent Bottrop | Live-Viola fürs Event","54","true","Live Musik für Firmenevents in Bottrop, die hochwertig wirkt und Gespräche lässt.","1","true","113","true","true","true","true","true","false","true","74","30","5","false","0.009","https://kim-marie-borger.com/firmenfeiern/dormagen/","0.6107","https://kim-marie-borger.com/firmenfeiern/dormagen/","0.9562","https://kim-marie-borger.com/firmenfeiern/heiligenhaus/","0.9808","https://kim-marie-borger.com/taufen/bottrop/","0.4615","Answer|BreadcrumbList|City|ContactPoint|FAQPage|ListItem|Occupation|Offer|Person|Question|WebPage|WebSite"
"P3","improve-copy","medium","firmenfeiern","firmenevent-musik","Live Musik Firmenevent Dormagen","dormagen","Live Musik Firmenevent Dormagen","https://kim-marie-borger.com/firmenfeiern/dormagen/","92","84","1305","341","26","8","Live Musik Firmenevent Dormagen | Live-Viola fürs Event","55","true","Live Musik für Firmenevents in Dormagen, die hochwertig wirkt und Gespräche lässt.","1","true","115","true","true","true","true","true","false","true","74","30","5","false","0.009","https://kim-marie-borger.com/firmenfeiern/bottrop/","0.6107","https://kim-marie-borger.com/firmenfeiern/bonn/","0.9632","https://kim-marie-borger.com/firmenfeiern/bonn/","0.9831","https://kim-marie-borger.com/taufen/dormagen/","0.446","Answer|BreadcrumbList|City|ContactPoint|FAQPage|ListItem|Occupation|Offer|Person|Question|WebPage|WebSite"
"P2","priority-rewrite","high","firmenfeiern","firmenevent-musik","Live Musik Firmenevent Dortmund","dortmund","Live Musik Firmenevent Dortmund","https://kim-marie-borger.com/firmenfeiern/dortmund/","100","75","1129","330","23","3","Live Musik Firmenevent Dortmund | Viola fürs Event","50","true","Live Musik für Firmenevents in Dortmund: konkret geplant nach Ort und Ablauf.","1","true","145","true","true","true","true","true","false","true","74","30","71","true","0.0114","https://kim-marie-borger.com/firmenfeiern/essen/","0.6402","https://kim-marie-borger.com/firmenfeiern/moenchengladbach/","0.929","https://kim-marie-borger.com/firmenfeiern/moenchengladbach/","0.9472","https://kim-marie-borger.com/hochzeiten/dortmund/","0.4092","Answer|BreadcrumbList|City|ContactPoint|FAQPage|ListItem|Occupation|Offer|Person|Question|WebPage|WebSite"
"P1","ready","low","firmenfeiern","firmenevent-musik","Düsseldorf","duesseldorf","Live Musik Firmenevent Düsseldorf","https://kim-marie-borger.com/firmenfeiern/duesseldorf/","100","98","1056","328","15","3","Live Musik Firmenevent Düsseldorf | Viola fürs Event","52","true","Live-Musik für Firmenevents in Düsseldorf, die Gespräche zulässt.","1","true","149","true","true","true","true","true","false","true","72","28","666","true","0.0118","https://kim-marie-borger.com/firmenfeiern/wuppertal/","0.5305","https://kim-marie-borger.com/firmenfeiern/koeln/","0.8755","https://kim-marie-borger.com/firmenfeiern/koeln/","0.8866","https://kim-marie-borger.com/hochzeiten/duesseldorf/","0.3127","Answer|BreadcrumbList|City|ContactPoint|FAQPage|ListItem|Occupation|Offer|Person|Question|WebPage|WebSite"
"P2","priority-rewrite","high","firmenfeiern","firmenevent-musik","Live Musik Firmenevent Duisburg","duisburg","Live Musik Firmenevent Duisburg","https://kim-marie-borger.com/firmenfeiern/duisburg/","100","84","1142","327","23","3","Live Musik Firmenevent Duisburg | Viola fürs Event","50","true","Live Musik für Firmenevents in Duisburg: konkret geplant nach Ort und Ablauf.","1","true","145","true","true","true","true","true","false","true","74","30","71","true","0.0114","https://kim-marie-borger.com/firmenfeiern/erkrath/","0.6342","https://kim-marie-borger.com/firmenfeiern/moenchengladbach/","0.9218","https://kim-marie-borger.com/firmenfeiern/neuss/","0.943","https://kim-marie-borger.com/hochzeiten/duisburg/","0.4099","Answer|BreadcrumbList|City|ContactPoint|FAQPage|ListItem|Occupation|Offer|Person|Question|WebPage|WebSite"
"P2","priority-rewrite","high","firmenfeiern","firmenevent-musik","Live Musik Firmenevent Erkrath","erkrath","Live Musik Firmenevent Erkrath","https://kim-marie-borger.com/firmenfeiern/erkrath/","92","75","1125","324","26","3","Live Musik Firmenevent Erkrath | Viola fürs Event","49","true","Live Musik für Firmenevents in Erkrath: konkret geplant nach Ort und Ablauf.","1","true","143","true","true","true","true","true","false","true","74","30","5","false","0.0094","https://kim-marie-borger.com/firmenfeiern/remscheid/","0.6509","https://kim-marie-borger.com/firmenfeiern/moenchengladbach/","0.9405","https://kim-marie-borger.com/firmenfeiern/ratingen/","0.9601","https://kim-marie-borger.com/hochzeiten/erkrath/","0.4085","Answer|BreadcrumbList|City|ContactPoint|FAQPage|ListItem|Occupation|Offer|Person|Question|WebPage|WebSite"
"P2","priority-rewrite","high","firmenfeiern","firmenevent-musik","Live Musik Firmenevent Essen","essen","Live Musik Firmenevent Essen","https://kim-marie-borger.com/firmenfeiern/essen/","100","75","1138","329","23","3","Live Musik Firmenevent Essen | Viola fürs Event","47","true","Live Musik für Firmenevents in Essen: konkret geplant nach Ort und Ablauf.","1","true","139","true","true","true","true","true","false","true","74","30","71","true","0.0115","https://kim-marie-borger.com/firmenfeiern/leverkusen/","0.6423","https://kim-marie-borger.com/firmenfeiern/bochum/","0.9275","https://kim-marie-borger.com/firmenfeiern/bochum/","0.9468","https://kim-marie-borger.com/hochzeiten/essen/","0.4079","Answer|BreadcrumbList|City|ContactPoint|FAQPage|ListItem|Occupation|Offer|Person|Question|WebPage|WebSite"
"P3","improve-copy","medium","firmenfeiern","firmenevent-musik","Eventmusik Gelsenkirchen","gelsenkirchen","Live Musik Firmenevent Gelsenkirchen","https://kim-marie-borger.com/firmenfeiern/gelsenkirchen/","92","84","1318","342","26","8","Eventmusik Gelsenkirchen | Solo-Viola","37","true","Live Musik für Firmenevents in Gelsenkirchen, die hochwertig wirkt und Gespräche lässt.","1","true","125","true","true","true","true","true","false","true","74","30","5","false","0.009","https://kim-marie-borger.com/firmenfeiern/bottrop/","0.6063","https://kim-marie-borger.com/firmenfeiern/bottrop/","0.9514","https://kim-marie-borger.com/firmenfeiern/bottrop/","0.9713","https://kim-marie-borger.com/taufen/gelsenkirchen/","0.4481","Answer|BreadcrumbList|City|ContactPoint|FAQPage|ListItem|Occupation|Offer|Person|Question|WebPage|WebSite"
"P3","improve-copy","medium","firmenfeiern","firmenevent-musik","Live Musik Firmenevent Haan","haan","Live Musik Firmenevent Haan","https://kim-marie-borger.com/firmenfeiern/haan/","92","84","1307","335","26","8","Live Musik Firmenevent Haan | Live-Viola fürs Event","51","true","Live Musik für Firmenevents in Haan, die hochwertig wirkt und Gespräche lässt.","1","true","107","true","true","true","true","true","false","true","74","30","5","false","0.0091","https://kim-marie-borger.com/firmenfeiern/aachen/","0.6196","https://kim-marie-borger.com/firmenfeiern/aachen/","0.9563","https://kim-marie-borger.com/firmenfeiern/langenfeld/","0.9808","https://kim-marie-borger.com/taufen/haan/","0.447","Answer|BreadcrumbList|City|ContactPoint|FAQPage|ListItem|Occupation|Offer|Person|Question|WebPage|WebSite"
"P3","improve-copy","medium","firmenfeiern","firmenevent-musik","Live Musik Firmenevent Hagen","hagen","Live Musik Firmenevent Hagen","https://kim-marie-borger.com/firmenfeiern/hagen/","92","84","1313","334","26","8","Live Musik Firmenevent Hagen | Live-Viola fürs Event","52","true","Live Musik für Firmenevents in Hagen, die hochwertig wirkt und Gespräche lässt.","1","true","109","true","true","true","true","true","false","true","74","30","5","false","0.0091","https://kim-marie-borger.com/firmenfeiern/wuelfrath/","0.6093","https://kim-marie-borger.com/firmenfeiern/wuelfrath/","0.9565","https://kim-marie-borger.com/firmenfeiern/wuelfrath/","0.9809","https://kim-marie-borger.com/taufen/hagen/","0.4475","Answer|BreadcrumbList|City|ContactPoint|FAQPage|ListItem|Occupation|Offer|Person|Question|WebPage|WebSite"
"P3","improve-copy","medium","firmenfeiern","firmenevent-musik","Heiligenhaus","heiligenhaus","Live Musik Firmenevent Heiligenhaus","https://kim-marie-borger.com/firmenfeiern/heiligenhaus/","92","84","1305","341","26","8","Live Musik Firmenevent Heiligenhaus | Live-Viola fürs Event","59","true","Live Musik für Firmenevents in Heiligenhaus, die hochwertig wirkt und Gespräche lässt.","1","true","123","true","true","true","true","true","false","true","74","30","5","false","0.009","https://kim-marie-borger.com/firmenfeiern/bottrop/","0.6107","https://kim-marie-borger.com/firmenfeiern/velbert/","0.9608","https://kim-marie-borger.com/firmenfeiern/bottrop/","0.9808","https://kim-marie-borger.com/taufen/heiligenhaus/","0.4615","Answer|BreadcrumbList|City|ContactPoint|FAQPage|ListItem|Occupation|Offer|Person|Question|WebPage|WebSite"
"P3","improve-copy","medium","firmenfeiern","firmenevent-musik","Live Musik Firmenevent Herne","herne","Live Musik Firmenevent Herne","https://kim-marie-borger.com/firmenfeiern/herne/","92","84","1332","337","26","8","Live Musik Firmenevent Herne | Live-Viola fürs Event","52","true","Live Musik für Firmenevents in Herne, die hochwertig wirkt und Gespräche lässt.","1","true","109","true","true","true","true","true","false","true","74","30","5","false","0.009","https://kim-marie-borger.com/firmenfeiern/aachen/","0.6144","https://kim-marie-borger.com/firmenfeiern/oberhausen/","0.9496","https://kim-marie-borger.com/firmenfeiern/oberhausen/","0.9738","https://kim-marie-borger.com/taufen/herne/","0.4512","Answer|BreadcrumbList|City|ContactPoint|FAQPage|ListItem|Occupation|Offer|Person|Question|WebPage|WebSite"
"P2","priority-rewrite","high","firmenfeiern","firmenevent-musik","Live Musik Firmenevent Hilden","hilden","Live Musik Firmenevent Hilden","https://kim-marie-borger.com/firmenfeiern/hilden/","92","75","1128","326","24","3","Live Musik Firmenevent Hilden | Viola fürs Event","48","true","Live Musik für Firmenevents in Hilden: konkret geplant nach Ort und Ablauf.","1","true","141","true","true","true","true","true","false","true","74","30","5","false","0.0093","https://kim-marie-borger.com/firmenfeiern/ratingen/","0.6535","https://kim-marie-borger.com/firmenfeiern/erkrath/","0.9363","https://kim-marie-borger.com/firmenfeiern/ratingen/","0.9561","https://kim-marie-borger.com/hochzeiten/hilden/","0.4092","Answer|BreadcrumbList|City|ContactPoint|FAQPage|ListItem|Occupation|Offer|Person|Question|WebPage|WebSite"
"P3","improve-copy","medium","firmenfeiern","firmenevent-musik","Live Musik Firmenevent Iserlohn","iserlohn","Live Musik Firmenevent Iserlohn","https://kim-marie-borger.com/firmenfeiern/iserlohn/","92","84","1319","335","26","8","Live Musik Firmenevent Iserlohn | Live-Viola fürs Event","55","true","Live Musik für Firmenevents in Iserlohn, die hochwertig wirkt und Gespräche lässt.","1","true","115","true","true","true","true","true","false","true","74","30","5","false","0.0091","https://kim-marie-borger.com/firmenfeiern/hagen/","0.6078","https://kim-marie-borger.com/firmenfeiern/hagen/","0.9543","https://kim-marie-borger.com/firmenfeiern/hagen/","0.9741","https://kim-marie-borger.com/taufen/iserlohn/","0.4642","Answer|BreadcrumbList|City|ContactPoint|FAQPage|ListItem|Occupation|Offer|Person|Question|WebPage|WebSite"
"P1","ready","low","firmenfeiern","firmenevent-musik","Live Musik Firmenevent Köln","koeln","Live Musik Firmenevent Köln","https://kim-marie-borger.com/firmenfeiern/koeln/","100","98","1001","314","14","3","Live Musik Firmenevent Köln | Viola fürs Event","46","true","Live-Musik für Firmenevents in Köln — präsent, aber nicht zu laut.","1","true","137","true","true","true","true","true","false","true","72","28","74","true","0.0119","https://kim-marie-borger.com/firmenfeiern/wuppertal/","0.5335","https://kim-marie-borger.com/firmenfeiern/wuppertal/","0.8831","https://kim-marie-borger.com/firmenfeiern/wuppertal/","0.8955","https://kim-marie-borger.com/hochzeiten/koeln/","0.2461","Answer|BreadcrumbList|City|ContactPoint|FAQPage|ListItem|Occupation|Offer|Person|Question|WebPage|WebSite"
"P3","improve-copy","medium","firmenfeiern","firmenevent-musik","Live Musik Firmenevent Krefeld","krefeld","Live Musik Firmenevent Krefeld","https://kim-marie-borger.com/firmenfeiern/krefeld/","92","84","1307","335","26","8","Live Musik Firmenevent Krefeld | Live-Viola fürs Event","54","true","Live Musik für Firmenevents in Krefeld, die hochwertig wirkt und Gespräche lässt.","1","true","113","true","true","true","true","true","false","true","74","30","5","false","0.0091","https://kim-marie-borger.com/firmenfeiern/aachen/","0.6196","https://kim-marie-borger.com/firmenfeiern/aachen/","0.9563","https://kim-marie-borger.com/firmenfeiern/aachen/","0.9762","https://kim-marie-borger.com/taufen/krefeld/","0.447","Answer|BreadcrumbList|City|ContactPoint|FAQPage|ListItem|Occupation|Offer|Person|Question|WebPage|WebSite"
"P3","ready","low","firmenfeiern","firmenevent-musik","Eventmusik Kreis Mettmann","kreis-mettmann","Live Musik Firmenevent Kreis Mettmann","https://kim-marie-borger.com/firmenfeiern/kreis-mettmann/","92","94","1330","349","34","8","Eventmusik Kreis Mettmann | Solo-Viola","38","true","Live Musik für Firmenevents im Kreis Mettmann, die hochwertig wirkt und Gespräche lässt.","1","true","127","true","true","true","true","true","false","true","74","30","32","false","0.0087","https://kim-marie-borger.com/firmenfeiern/rhein-kreis-neuss/","0.5063","https://kim-marie-borger.com/firmenfeiern/rhein-kreis-neuss/","0.9112","https://kim-marie-borger.com/firmenfeiern/rhein-kreis-neuss/","0.9666","https://kim-marie-borger.com/taufen/kreis-mettmann/","0.5152","AdministrativeArea|Answer|BreadcrumbList|ContactPoint|FAQPage|ListItem|Occupation|Offer|Person|Question|WebPage|WebSite"
"P3","improve-copy","medium","firmenfeiern","firmenevent-musik","Langenfeld","langenfeld","Live Musik Firmenevent Langenfeld","https://kim-marie-borger.com/firmenfeiern/langenfeld/","92","84","1307","334","26","8","Live Musik Firmenevent Langenfeld | Live-Viola fürs Event","57","true","Live Musik für Firmenevents in Langenfeld, die hochwertig wirkt und Gespräche lässt.","1","true","119","true","true","true","true","true","false","true","74","30","5","false","0.0091","https://kim-marie-borger.com/firmenfeiern/aachen/","0.6196","https://kim-marie-borger.com/firmenfeiern/aachen/","0.9563","https://kim-marie-borger.com/firmenfeiern/haan/","0.9808","https://kim-marie-borger.com/taufen/langenfeld/","0.4475","Answer|BreadcrumbList|City|ContactPoint|FAQPage|ListItem|Occupation|Offer|Person|Question|WebPage|WebSite"
"P2","priority-rewrite","high","firmenfeiern","firmenevent-musik","Leverkusen","leverkusen","Live Musik Firmenevent Leverkusen","https://kim-marie-borger.com/firmenfeiern/leverkusen/","92","75","1121","325","22","3","Live Musik Firmenevent Leverkusen | Viola fürs Event","52","true","Live Musik für Firmenevents in Leverkusen: konkret geplant nach Ort und Ablauf.","1","true","149","true","true","true","true","true","false","true","74","30","6","false","0.0093","https://kim-marie-borger.com/firmenfeiern/solingen/","0.6557","https://kim-marie-borger.com/firmenfeiern/mettmann/","0.9324","https://kim-marie-borger.com/firmenfeiern/mettmann/","0.9572","https://kim-marie-borger.com/hochzeiten/leverkusen/","0.4092","Answer|BreadcrumbList|City|ContactPoint|FAQPage|ListItem|Occupation|Offer|Person|Question|WebPage|WebSite"
"P3","improve-copy","medium","firmenfeiern","firmenevent-musik","Live Musik Firmenevent Meerbusch","meerbusch","Live Musik Firmenevent Meerbusch","https://kim-marie-borger.com/firmenfeiern/meerbusch/","92","84","1307","335","26","8","Live Musik Firmenevent Meerbusch | Live-Viola fürs Event","56","true","Live Musik für Firmenevents in Meerbusch, die hochwertig wirkt und Gespräche lässt.","1","true","117","true","true","true","true","true","false","true","74","30","5","false","0.0091","https://kim-marie-borger.com/firmenfeiern/aachen/","0.6196","https://kim-marie-borger.com/firmenfeiern/aachen/","0.9563","https://kim-marie-borger.com/firmenfeiern/aachen/","0.9762","https://kim-marie-borger.com/taufen/meerbusch/","0.447","Answer|BreadcrumbList|City|ContactPoint|FAQPage|ListItem|Occupation|Offer|Person|Question|WebPage|WebSite"
"P2","priority-rewrite","high","firmenfeiern","firmenevent-musik","Live Musik Firmenevent Mettmann","mettmann","Live Musik Firmenevent Mettmann","https://kim-marie-borger.com/firmenfeiern/mettmann/","92","75","1135","328","27","3","Live Musik Firmenevent Mettmann | Viola fürs Event","50","true","Live Musik für Firmenevents in Mettmann: konkret geplant nach Ort und Ablauf.","1","true","145","true","true","true","true","true","false","true","74","30","5","false","0.0093","https://kim-marie-borger.com/firmenfeiern/solingen/","0.6566","https://kim-marie-borger.com/firmenfeiern/leverkusen/","0.9324","https://kim-marie-borger.com/firmenfeiern/leverkusen/","0.9572","https://kim-marie-borger.com/hochzeiten/mettmann/","0.4118","Answer|BreadcrumbList|City|ContactPoint|FAQPage|ListItem|Occupation|Offer|Person|Question|WebPage|WebSite"
"P2","priority-rewrite","high","firmenfeiern","firmenevent-musik","Mönchengladbach","moenchengladbach","Live Musik Firmenevent Mönchengladbach","https://kim-marie-borger.com/firmenfeiern/moenchengladbach/","92","75","1118","326","22","3","Live Musik Firmenevent Mönchengladbach | Viola fürs Event","57","true","Live Musik für Firmenevents in Mönchengladbach: konkret geplant nach Ort und Ablauf.","1","true","159","true","true","true","true","true","false","true","74","30","5","false","0.0094","https://kim-marie-borger.com/firmenfeiern/ratingen/","0.6447","https://kim-marie-borger.com/firmenfeiern/ratingen/","0.952","https://kim-marie-borger.com/firmenfeiern/ratingen/","0.9704","https://kim-marie-borger.com/hochzeiten/moenchengladbach/","0.4059","Answer|BreadcrumbList|City|ContactPoint|FAQPage|ListItem|Occupation|Offer|Person|Question|WebPage|WebSite"
"P3","ready","high","firmenfeiern","firmenevent-musik","Live Musik Firmenevent Moers","moers","Live Musik Firmenevent Moers","https://kim-marie-borger.com/firmenfeiern/moers/","92","84","1307","335","26","8","Live Musik Firmenevent Moers | Live-Viola fürs Event","52","true","Live Musik für Firmenevents in Moers, die hochwertig wirkt und Gespräche lässt.","1","true","109","true","true","true","true","true","false","true","74","30","5","false","0.0091","https://kim-marie-borger.com/firmenfeiern/aachen/","0.6337","https://kim-marie-borger.com/firmenfeiern/aachen/","0.9655","https://kim-marie-borger.com/firmenfeiern/aachen/","0.9854","https://kim-marie-borger.com/taufen/moers/","0.4495","Answer|BreadcrumbList|City|ContactPoint|FAQPage|ListItem|Occupation|Offer|Person|Question|WebPage|WebSite"
"P3","ready","high","firmenfeiern","firmenevent-musik","Eventmusik Monheim am Rhein","monheim-am-rhein","Live Musik Firmenevent Monheim am Rhein","https://kim-marie-borger.com/firmenfeiern/monheim-am-rhein/","92","84","1359","336","26","8","Eventmusik Monheim am Rhein | Solo-Viola","40","true","Live Musik für Firmenevents in Monheim am Rhein, die hochwertig wirkt und Gespräche lässt.","1","true","131","true","true","true","true","true","false","true","74","30","5","false","0.0089","https://kim-marie-borger.com/firmenfeiern/aachen/","0.6206","https://kim-marie-borger.com/firmenfeiern/aachen/","0.9466","https://kim-marie-borger.com/firmenfeiern/aachen/","0.9854","https://kim-marie-borger.com/taufen/monheim-am-rhein/","0.4514","Answer|BreadcrumbList|City|ContactPoint|FAQPage|ListItem|Occupation|Offer|Person|Question|WebPage|WebSite"
"P3","improve-copy","medium","firmenfeiern","firmenevent-musik","Eventmusik Mülheim an der Ruhr","muelheim-an-der-ruhr","Live Musik Firmenevent Mülheim an der Ruhr","https://kim-marie-borger.com/firmenfeiern/muelheim-an-der-ruhr/","92","84","1403","336","26","8","Eventmusik Mülheim an der Ruhr | Solo-Viola","43","true","Live Musik für Firmenevents in Mülheim an der Ruhr, die hochwertig wirkt und Gespräche lässt.","1","true","137","true","true","true","true","true","false","true","74","30","5","false","0.0089","https://kim-marie-borger.com/firmenfeiern/hagen/","0.5933","https://kim-marie-borger.com/firmenfeiern/bielefeld/","0.927","https://kim-marie-borger.com/firmenfeiern/bielefeld/","0.9742","https://kim-marie-borger.com/taufen/muelheim-an-der-ruhr/","0.4529","Answer|BreadcrumbList|City|ContactPoint|FAQPage|ListItem|Occupation|Offer|Person|Question|WebPage|WebSite"
"P3","improve-copy","medium","firmenfeiern","firmenevent-musik","Live Musik Firmenevent Münster","muenster","Live Musik Firmenevent Münster","https://kim-marie-borger.com/firmenfeiern/muenster/","92","84","1307","335","26","8","Live Musik Firmenevent Münster | Live-Viola fürs Event","54","true","Live Musik für Firmenevents in Münster, die hochwertig wirkt und Gespräche lässt.","1","true","113","true","true","true","true","true","false","true","74","30","5","false","0.0091","https://kim-marie-borger.com/firmenfeiern/aachen/","0.6196","https://kim-marie-borger.com/firmenfeiern/aachen/","0.9609","https://kim-marie-borger.com/firmenfeiern/aachen/","0.9808","https://kim-marie-borger.com/taufen/muenster/","0.4475","Answer|BreadcrumbList|City|ContactPoint|FAQPage|ListItem|Occupation|Offer|Person|Question|WebPage|WebSite"
"P2","priority-rewrite","high","firmenfeiern","firmenevent-musik","Live Musik Firmenevent Neuss","neuss","Live Musik Firmenevent Neuss","https://kim-marie-borger.com/firmenfeiern/neuss/","100","84","1143","323","26","3","Live Musik Firmenevent Neuss | Viola fürs Event","47","true","Live Musik für Firmenevents in Neuss: konkret geplant nach Ort und Ablauf.","1","true","139","true","true","true","true","true","false","true","74","30","72","true","0.0114","https://kim-marie-borger.com/firmenfeiern/moenchengladbach/","0.6341","https://kim-marie-borger.com/firmenfeiern/duisburg/","0.9196","https://kim-marie-borger.com/firmenfeiern/hilden/","0.944","https://kim-marie-borger.com/hochzeiten/neuss/","0.4092","Answer|BreadcrumbList|City|ContactPoint|FAQPage|ListItem|Occupation|Offer|Person|Question|WebPage|WebSite"
"P3","ready","low","firmenfeiern","firmenevent-musik","Eventmusik Nordrhein-Westfalen","nordrhein-westfalen","Live Musik Firmenevent Nordrhein-Westfalen","https://kim-marie-borger.com/firmenfeiern/nordrhein-westfalen/","92","100","1302","347","29","8","Eventmusik Nordrhein-Westfalen | Solo-Viola","43","true","Live Musik für Firmenevents in Nordrhein-Westfalen, die hochwertig wirkt und Gespräche lässt.","1","true","137","true","true","true","true","true","false","true","74","30","5","false","0.0088","https://kim-marie-borger.com/firmenfeiern/rhein-ruhr/","0.4302","https://kim-marie-borger.com/firmenfeiern/rheinland/","0.8322","https://kim-marie-borger.com/firmenfeiern/rheinland/","0.8766","https://kim-marie-borger.com/taufen/nordrhein-westfalen/","0.5017","AdministrativeArea|Answer|BreadcrumbList|ContactPoint|FAQPage|ListItem|Occupation|Offer|Person|Question|WebPage|WebSite"
"P3","improve-copy","medium","firmenfeiern","firmenevent-musik","Oberhausen","oberhausen","Live Musik Firmenevent Oberhausen","https://kim-marie-borger.com/firmenfeiern/oberhausen/","92","84","1313","335","32","8","Live Musik Firmenevent Oberhausen | Live-Viola fürs Event","57","true","Live Musik für Firmenevents in Oberhausen, die hochwertig wirkt und Gespräche lässt.","1","true","119","true","true","true","true","true","false","true","74","30","5","false","0.0091","https://kim-marie-borger.com/firmenfeiern/aachen/","0.6189","https://kim-marie-borger.com/firmenfeiern/paderborn/","0.9565","https://kim-marie-borger.com/firmenfeiern/haan/","0.9786","https://kim-marie-borger.com/taufen/oberhausen/","0.4496","Answer|BreadcrumbList|City|ContactPoint|FAQPage|ListItem|Occupation|Offer|Person|Question|WebPage|WebSite"
"P3","ready","high","firmenfeiern","firmenevent-musik","Live Musik Firmenevent Paderborn","paderborn","Live Musik Firmenevent Paderborn","https://kim-marie-borger.com/firmenfeiern/paderborn/","92","75","1313","336","26","8","Live Musik Firmenevent Paderborn | Live-Viola fürs Event","56","true","Live Musik für Firmenevents in Paderborn, die hochwertig wirkt und Gespräche lässt.","1","true","117","true","true","true","true","true","false","true","74","30","5","false","0.0091","https://kim-marie-borger.com/firmenfeiern/aachen/","0.6512","https://kim-marie-borger.com/firmenfeiern/aachen/","0.964","https://kim-marie-borger.com/firmenfeiern/aachen/","0.9839","https://kim-marie-borger.com/taufen/paderborn/","0.4471","Answer|BreadcrumbList|City|ContactPoint|FAQPage|ListItem|Occupation|Offer|Person|Question|WebPage|WebSite"
"P2","priority-rewrite","high","firmenfeiern","firmenevent-musik","Live Musik Firmenevent Ratingen","ratingen","Live Musik Firmenevent Ratingen","https://kim-marie-borger.com/firmenfeiern/ratingen/","100","75","1121","323","23","3","Live Musik Firmenevent Ratingen | Viola fürs Event","50","true","Live Musik für Firmenevents in Ratingen: konkret geplant nach Ort und Ablauf.","1","true","145","true","true","true","true","true","false","true","74","30","72","true","0.0094","https://kim-marie-borger.com/firmenfeiern/hilden/","0.6535","https://kim-marie-borger.com/firmenfeiern/moenchengladbach/","0.952","https://kim-marie-borger.com/firmenfeiern/moenchengladbach/","0.9704","https://kim-marie-borger.com/hochzeiten/ratingen/","0.4059","Answer|BreadcrumbList|City|ContactPoint|FAQPage|ListItem|Occupation|Offer|Person|Question|WebPage|WebSite"
"P3","improve-copy","medium","firmenfeiern","firmenevent-musik","Eventmusik Recklinghausen","recklinghausen","Live Musik Firmenevent Recklinghausen","https://kim-marie-borger.com/firmenfeiern/recklinghausen/","92","84","1307","335","26","8","Eventmusik Recklinghausen | Solo-Viola","38","true","Live Musik für Firmenevents in Recklinghausen, die hochwertig wirkt und Gespräche lässt.","1","true","127","true","true","true","true","true","false","true","74","30","5","false","0.0091","https://kim-marie-borger.com/firmenfeiern/aachen/","0.6196","https://kim-marie-borger.com/firmenfeiern/aachen/","0.9655","https://kim-marie-borger.com/firmenfeiern/aachen/","0.9854","https://kim-marie-borger.com/taufen/recklinghausen/","0.4495","Answer|BreadcrumbList|City|ContactPoint|FAQPage|ListItem|Occupation|Offer|Person|Question|WebPage|WebSite"
"P2","priority-rewrite","high","firmenfeiern","firmenevent-musik","Live Musik Firmenevent Remscheid","remscheid","Live Musik Firmenevent Remscheid","https://kim-marie-borger.com/firmenfeiern/remscheid/","92","75","1122","327","23","3","Live Musik Firmenevent Remscheid | Viola fürs Event","51","true","Live Musik für Firmenevents in Remscheid: konkret geplant nach Ort und Ablauf.","1","true","147","true","true","true","true","true","false","true","74","30","6","false","0.0094","https://kim-marie-borger.com/firmenfeiern/erkrath/","0.6509","https://kim-marie-borger.com/firmenfeiern/solingen/","0.9356","https://kim-marie-borger.com/firmenfeiern/erkrath/","0.9552","https://kim-marie-borger.com/hochzeiten/remscheid/","0.4085","Answer|BreadcrumbList|City|ContactPoint|FAQPage|ListItem|Occupation|Offer|Person|Question|WebPage|WebSite"
"P3","ready","low","firmenfeiern","firmenevent-musik","Eventmusik Rhein-Kreis Neuss","rhein-kreis-neuss","Live Musik Firmenevent Rhein-Kreis Neuss","https://kim-marie-borger.com/firmenfeiern/rhein-kreis-neuss/","92","94","1358","350","34","8","Eventmusik Rhein-Kreis Neuss | Solo-Viola","41","true","Live Musik für Firmenevents im Rhein-Kreis Neuss, die hochwertig wirkt und Gespräche lässt.","1","true","133","true","true","true","true","true","false","true","74","30","5","false","0.0085","https://kim-marie-borger.com/firmenfeiern/kreis-mettmann/","0.5063","https://kim-marie-borger.com/firmenfeiern/kreis-mettmann/","0.9112","https://kim-marie-borger.com/firmenfeiern/kreis-mettmann/","0.9666","https://kim-marie-borger.com/taufen/rhein-kreis-neuss/","0.5163","AdministrativeArea|Answer|BreadcrumbList|ContactPoint|FAQPage|ListItem|Occupation|Offer|Person|Question|WebPage|WebSite"
"P3","ready","low","firmenfeiern","firmenevent-musik","Rhein-Ruhr","rhein-ruhr","Live Musik Firmenevent Rhein-Ruhr","https://kim-marie-borger.com/firmenfeiern/rhein-ruhr/","92","98","1379","334","32","8","Live Musik Firmenevent Rhein-Ruhr | Live-Viola fürs Event","57","true","Live Musik für Firmenevents in der Region Rhein-Ruhr, die hochwertig wirkt und Gespräche lässt.","1","true","130","true","true","true","true","true","false","true","74","30","26","false","0.0087","https://kim-marie-borger.com/firmenfeiern/rheinland/","0.5192","https://kim-marie-borger.com/firmenfeiern/rheinland/","0.8789","https://kim-marie-borger.com/firmenfeiern/rheinland/","0.9184","https://kim-marie-borger.com/taufen/rhein-ruhr/","0.4665","Answer|BreadcrumbList|ContactPoint|FAQPage|ListItem|Occupation|Offer|Person|Place|Question|WebPage|WebSite"
"P3","improve-copy","medium","firmenfeiern","firmenevent-musik","Live Musik Firmenevent Rheinland","rheinland","Live Musik Firmenevent Rheinland","https://kim-marie-borger.com/firmenfeiern/rheinland/","92","84","1287","347","33","8","Live Musik Firmenevent Rheinland | Live-Viola fürs Event","56","true","Live Musik für Firmenevents im Rheinland, die hochwertig wirkt und Gespräche lässt.","1","true","117","true","true","true","true","true","false","true","74","30","27","false","0.0089","https://kim-marie-borger.com/firmenfeiern/bergisches-land/","0.5685","https://kim-marie-borger.com/firmenfeiern/ruhrgebiet/","0.9416","https://kim-marie-borger.com/firmenfeiern/bergisches-land/","0.9977","https://kim-marie-borger.com/taufen/rheinland/","0.4989","Answer|BreadcrumbList|ContactPoint|FAQPage|ListItem|Occupation|Offer|Person|Place|Question|WebPage|WebSite"
"P3","improve-copy","medium","firmenfeiern","firmenevent-musik","Ruhrgebiet","ruhrgebiet","Live Musik Firmenevent Ruhrgebiet","https://kim-marie-borger.com/firmenfeiern/ruhrgebiet/","92","84","1306","349","33","8","Live Musik Firmenevent Ruhrgebiet | Live-Viola fürs Event","57","true","Live Musik für Firmenevents im Ruhrgebiet, die hochwertig wirkt und Gespräche lässt.","1","true","119","true","true","true","true","true","false","true","74","30","5","false","0.0088","https://kim-marie-borger.com/firmenfeiern/rheinland/","0.5621","https://kim-marie-borger.com/firmenfeiern/rheinland/","0.9416","https://kim-marie-borger.com/firmenfeiern/rheinland/","0.9857","https://kim-marie-borger.com/taufen/ruhrgebiet/","0.4814","Answer|BreadcrumbList|ContactPoint|FAQPage|ListItem|Occupation|Offer|Person|Place|Question|WebPage|WebSite"
"P3","improve-copy","medium","firmenfeiern","firmenevent-musik","Live Musik Firmenevent Siegen","siegen","Live Musik Firmenevent Siegen","https://kim-marie-borger.com/firmenfeiern/siegen/","92","84","1338","335","26","8","Live Musik Firmenevent Siegen | Live-Viola fürs Event","53","true","Live Musik für Firmenevents in Siegen, die hochwertig wirkt und Gespräche lässt.","1","true","111","true","true","true","true","true","false","true","74","30","5","false","0.009","https://kim-marie-borger.com/firmenfeiern/hagen/","0.6034","https://kim-marie-borger.com/firmenfeiern/hagen/","0.9474","https://kim-marie-borger.com/firmenfeiern/muelheim-an-der-ruhr/","0.9718","https://kim-marie-borger.com/taufen/siegen/","0.4656","Answer|BreadcrumbList|City|ContactPoint|FAQPage|ListItem|Occupation|Offer|Person|Question|WebPage|WebSite"
"P2","priority-rewrite","high","firmenfeiern","firmenevent-musik","Live Musik Firmenevent Solingen","solingen","Live Musik Firmenevent Solingen","https://kim-marie-borger.com/firmenfeiern/solingen/","92","75","1122","328","23","3","Live Musik Firmenevent Solingen | Viola fürs Event","50","true","Live Musik für Firmenevents in Solingen: konkret geplant nach Ort und Ablauf.","1","true","145","true","true","true","true","true","false","true","74","30","6","false","0.0093","https://kim-marie-borger.com/firmenfeiern/mettmann/","0.6566","https://kim-marie-borger.com/firmenfeiern/remscheid/","0.9356","https://kim-marie-borger.com/firmenfeiern/remscheid/","0.9552","https://kim-marie-borger.com/hochzeiten/solingen/","0.4092","Answer|BreadcrumbList|City|ContactPoint|FAQPage|ListItem|Occupation|Offer|Person|Question|WebPage|WebSite"
"P3","improve-copy","medium","firmenfeiern","firmenevent-musik","Live Musik Firmenevent Unna","unna","Live Musik Firmenevent Unna","https://kim-marie-borger.com/firmenfeiern/unna/","92","84","1311","341","26","8","Live Musik Firmenevent Unna | Live-Viola fürs Event","51","true","Live Musik für Firmenevents in Unna, die hochwertig wirkt und Gespräche lässt.","1","true","107","true","true","true","true","true","false","true","74","30","5","false","0.009","https://kim-marie-borger.com/firmenfeiern/bottrop/","0.6092","https://kim-marie-borger.com/firmenfeiern/bottrop/","0.954","https://kim-marie-borger.com/firmenfeiern/bottrop/","0.9785","https://kim-marie-borger.com/taufen/unna/","0.4482","Answer|BreadcrumbList|City|ContactPoint|FAQPage|ListItem|Occupation|Offer|Person|Question|WebPage|WebSite"
"P3","improve-copy","medium","firmenfeiern","firmenevent-musik","Live Musik Firmenevent Velbert","velbert","Live Musik Firmenevent Velbert","https://kim-marie-borger.com/firmenfeiern/velbert/","92","84","1305","341","26","8","Live Musik Firmenevent Velbert | Live-Viola fürs Event","54","true","Live Musik für Firmenevents in Velbert, die hochwertig wirkt und Gespräche lässt.","1","true","113","true","true","true","true","true","false","true","74","30","5","false","0.009","https://kim-marie-borger.com/firmenfeiern/bottrop/","0.6107","https://kim-marie-borger.com/firmenfeiern/heiligenhaus/","0.9608","https://kim-marie-borger.com/firmenfeiern/bottrop/","0.9762","https://kim-marie-borger.com/taufen/velbert/","0.4615","Answer|BreadcrumbList|City|ContactPoint|FAQPage|ListItem|Occupation|Offer|Person|Question|WebPage|WebSite"
"P3","improve-copy","medium","firmenfeiern","firmenevent-musik","Live Musik Firmenevent Wülfrath","wuelfrath","Live Musik Firmenevent Wülfrath","https://kim-marie-borger.com/firmenfeiern/wuelfrath/","92","84","1313","334","26","8","Live Musik Firmenevent Wülfrath | Live-Viola fürs Event","55","true","Live Musik für Firmenevents in Wülfrath, die hochwertig wirkt und Gespräche lässt.","1","true","115","true","true","true","true","true","false","true","74","30","5","false","0.0091","https://kim-marie-borger.com/firmenfeiern/hagen/","0.6093","https://kim-marie-borger.com/firmenfeiern/hagen/","0.9565","https://kim-marie-borger.com/firmenfeiern/hagen/","0.9809","https://kim-marie-borger.com/taufen/wuelfrath/","0.448","Answer|BreadcrumbList|City|ContactPoint|FAQPage|ListItem|Occupation|Offer|Person|Question|WebPage|WebSite"
"P1","ready","low","firmenfeiern","firmenevent-musik","Live Musik Firmenevent Wuppertal","wuppertal","Live Musik Firmenevent Wuppertal","https://kim-marie-borger.com/firmenfeiern/wuppertal/","100","98","1052","323","15","3","Live Musik Firmenevent Wuppertal | Viola fürs Event","51","true","Live-Musik für Firmenevents in Wuppertal mit klarem Ablauf.","1","true","147","true","true","true","true","true","false","true","72","28","74","true","0.0118","https://kim-marie-borger.com/firmenfeiern/koeln/","0.5335","https://kim-marie-borger.com/firmenfeiern/koeln/","0.8831","https://kim-marie-borger.com/firmenfeiern/koeln/","0.8955","https://kim-marie-borger.com/hochzeiten/wuppertal/","0.2995","Answer|BreadcrumbList|City|ContactPoint|FAQPage|ListItem|Occupation|Offer|Person|Question|WebPage|WebSite"
"P3","ready","high","geburtstage","geburtstagsmusik","Aachen","aachen","Live Musik Geburtstag Aachen","https://kim-marie-borger.com/geburtstage/aachen/","92","75","1114","350","23","7","Live Musik Geburtstag Aachen | Viola für Feiern","47","true","Live Musik zum Geburtstag in Aachen, die persönlich bleibt.","1","true","119","true","true","true","true","true","false","true","74","30","6","false","0.0627","https://kim-marie-borger.com/geburtstage/paderborn/","0.6413","https://kim-marie-borger.com/geburtstage/paderborn/","0.965","https://kim-marie-borger.com/geburtstage/monheim-am-rhein/","0.9865","https://kim-marie-borger.com/konzerte/aachen/","0.3802","Answer|BreadcrumbList|City|ContactPoint|FAQPage|ListItem|Occupation|Offer|Person|Question|WebPage|WebSite"
"P3","improve-copy","medium","geburtstage","geburtstagsmusik","Bergisch Gladbach","bergisch-gladbach","Live Musik Geburtstag Bergisch Gladbach","https://kim-marie-borger.com/geburtstage/bergisch-gladbach/","92","84","1153","356","23","7","Live Musik Geburtstag Bergisch Gladbach | Viola für Feiern","58","true","Live Musik zum Geburtstag in Bergisch Gladbach, die persönlich bleibt.","1","true","141","true","true","true","true","true","false","true","74","30","7","false","0.0614","https://kim-marie-borger.com/geburtstage/haan/","0.6107","https://kim-marie-borger.com/geburtstage/langenfeld/","0.9495","https://kim-marie-borger.com/geburtstage/haan/","0.9796","https://kim-marie-borger.com/konzerte/bergisch-gladbach/","0.3796","Answer|BreadcrumbList|City|ContactPoint|FAQPage|ListItem|Occupation|Offer|Person|Question|WebPage|WebSite"
"P3","improve-copy","medium","geburtstage","geburtstagsmusik","Bergisches Land","bergisches-land","Live Musik Geburtstag Bergisches Land","https://kim-marie-borger.com/geburtstage/bergisches-land/","92","94","1123","361","27","7","Live Musik Geburtstag Bergisches Land | Viola für Feiern","56","true","Live Musik zum Geburtstag im Bergischen Land, die persönlich bleibt.","1","true","137","true","true","true","true","true","false","true","74","30","23","false","0.0604","https://kim-marie-borger.com/geburtstage/rheinland/","0.5574","https://kim-marie-borger.com/geburtstage/rheinland/","0.9087","https://kim-marie-borger.com/geburtstage/rheinland/","0.9696","https://kim-marie-borger.com/konzerte/bergisches-land/","0.4207","Answer|BreadcrumbList|ContactPoint|FAQPage|ListItem|Occupation|Offer|Person|Place|Question|WebPage|WebSite"
"P3","ready","high","geburtstage","geburtstagsmusik","Bielefeld","bielefeld","Live Musik Geburtstag Bielefeld","https://kim-marie-borger.com/geburtstage/bielefeld/","92","84","1130","356","23","7","Live Musik Geburtstag Bielefeld | Viola für Feiern","50","true","Live Musik zum Geburtstag in Bielefeld, die persönlich bleibt.","1","true","125","true","true","true","true","true","false","true","74","30","6","false","0.0623","https://kim-marie-borger.com/geburtstage/haan/","0.6215","https://kim-marie-borger.com/geburtstage/muenster/","0.9591","https://kim-marie-borger.com/geburtstage/muenster/","0.9796","https://kim-marie-borger.com/konzerte/bielefeld/","0.3775","Answer|BreadcrumbList|City|ContactPoint|FAQPage|ListItem|Occupation|Offer|Person|Question|WebPage|WebSite"
"P2","priority-rewrite","high","geburtstage","geburtstagsmusik","Bochum","bochum","Live Musik Geburtstag Bochum","https://kim-marie-borger.com/geburtstage/bochum/","92","84","982","346","21","3","Live Musik Geburtstag Bochum | Viola für Feiern","47","true","Live Musik zum Geburtstag in Bochum: konkret geplant nach Ort und Ablauf.","1","true","141","true","true","true","true","true","false","true","74","30","6","false","0.0646","https://kim-marie-borger.com/geburtstage/moenchengladbach/","0.6353","https://kim-marie-borger.com/geburtstage/essen/","0.9297","https://kim-marie-borger.com/geburtstage/essen/","0.9511","https://kim-marie-borger.com/firmenfeiern/bochum/","0.3258","Answer|BreadcrumbList|City|ContactPoint|FAQPage|ListItem|Occupation|Offer|Person|Question|WebPage|WebSite"
"P3","improve-copy","medium","geburtstage","geburtstagsmusik","Bonn","bonn","Live Musik Geburtstag Bonn","https://kim-marie-borger.com/geburtstage/bonn/","92","84","1139","355","23","7","Live Musik Geburtstag Bonn | Viola für Feiern","45","true","Live Musik zum Geburtstag in Bonn, die persönlich bleibt.","1","true","115","true","true","true","true","true","false","true","74","30","6","false","0.0618","https://kim-marie-borger.com/geburtstage/krefeld/","0.5921","https://kim-marie-borger.com/geburtstage/krefeld/","0.94","https://kim-marie-borger.com/geburtstage/krefeld/","0.9605","https://kim-marie-borger.com/konzerte/bonn/","0.3742","Answer|BreadcrumbList|City|ContactPoint|FAQPage|ListItem|Occupation|Offer|Person|Question|WebPage|WebSite"
"P3","improve-copy","medium","geburtstage","geburtstagsmusik","Bottrop","bottrop","Live Musik Geburtstag Bottrop","https://kim-marie-borger.com/geburtstage/bottrop/","92","84","1114","350","23","7","Live Musik Geburtstag Bottrop | Viola für Feiern","48","true","Live Musik zum Geburtstag in Bottrop, die persönlich bleibt.","1","true","121","true","true","true","true","true","false","true","74","30","6","false","0.0627","https://kim-marie-borger.com/geburtstage/aachen/","0.6117","https://kim-marie-borger.com/geburtstage/aachen/","0.9568","https://kim-marie-borger.com/geburtstage/heiligenhaus/","0.9811","https://kim-marie-borger.com/konzerte/bottrop/","0.3802","Answer|BreadcrumbList|City|ContactPoint|FAQPage|ListItem|Occupation|Offer|Person|Question|WebPage|WebSite"
"P3","improve-copy","medium","geburtstage","geburtstagsmusik","Dormagen","dormagen","Live Musik Geburtstag Dormagen","https://kim-marie-borger.com/geburtstage/dormagen/","92","84","1114","350","23","7","Live Musik Geburtstag Dormagen | Viola für Feiern","49","true","Live Musik zum Geburtstag in Dormagen, die persönlich bleibt.","1","true","123","true","true","true","true","true","false","true","74","30","6","false","0.0627","https://kim-marie-borger.com/geburtstage/aachen/","0.6117","https://kim-marie-borger.com/geburtstage/aachen/","0.9568","https://kim-marie-borger.com/geburtstage/aachen/","0.9775","https://kim-marie-borger.com/konzerte/dormagen/","0.3936","Answer|BreadcrumbList|City|ContactPoint|FAQPage|ListItem|Occupation|Offer|Person|Question|WebPage|WebSite"
"P2","priority-rewrite","high","geburtstage","geburtstagsmusik","Dortmund","dortmund","Live Musik Geburtstag Dortmund","https://kim-marie-borger.com/geburtstage/dortmund/","100","84","973","346","21","3","Live Musik Geburtstag Dortmund | Viola für Feiern","49","true","Live Musik zum Geburtstag in Dortmund: konkret geplant nach Ort und Ablauf.","1","true","145","true","true","true","true","true","false","true","74","30","68","true","0.068","https://kim-marie-borger.com/geburtstage/essen/","0.6376","https://kim-marie-borger.com/geburtstage/moenchengladbach/","0.9364","https://kim-marie-borger.com/geburtstage/moenchengladbach/","0.9581","https://kim-marie-borger.com/firmenfeiern/dortmund/","0.3273","Answer|BreadcrumbList|City|ContactPoint|FAQPage|ListItem|Occupation|Offer|Person|Question|WebPage|WebSite"
"P1","ready","low","geburtstage","geburtstagsmusik","Düsseldorf","duesseldorf","Live Musik Geburtstag Düsseldorf","https://kim-marie-borger.com/geburtstage/duesseldorf/","100","98","921","346","16","3","Live Musik Geburtstag Düsseldorf | Viola für Feiern","51","true","Live-Musik zum Geburtstag in Düsseldorf — persönlich statt beliebig.","1","true","149","true","true","true","true","true","false","true","72","28","136","true","0.0703","https://kim-marie-borger.com/geburtstage/wuppertal/","0.5255","https://kim-marie-borger.com/geburtstage/wuppertal/","0.8739","https://kim-marie-borger.com/geburtstage/wuppertal/","0.8913","https://kim-marie-borger.com/taufen/duesseldorf/","0.246","Answer|BreadcrumbList|City|ContactPoint|FAQPage|ListItem|Occupation|Offer|Person|Question|WebPage|WebSite"
"P2","priority-rewrite","high","geburtstage","geburtstagsmusik","Duisburg","duisburg","Live Musik Geburtstag Duisburg","https://kim-marie-borger.com/geburtstage/duisburg/","100","84","980","345","21","3","Live Musik Geburtstag Duisburg | Viola für Feiern","49","true","Live Musik zum Geburtstag in Duisburg: konkret geplant nach Ort und Ablauf.","1","true","145","true","true","true","true","true","false","true","74","30","68","true","0.068","https://kim-marie-borger.com/geburtstage/moenchengladbach/","0.6327","https://kim-marie-borger.com/geburtstage/moenchengladbach/","0.933","https://kim-marie-borger.com/geburtstage/moenchengladbach/","0.9546","https://kim-marie-borger.com/firmenfeiern/duisburg/","0.328","Answer|BreadcrumbList|City|ContactPoint|FAQPage|ListItem|Occupation|Offer|Person|Question|WebPage|WebSite"
"P2","priority-rewrite","high","geburtstage","geburtstagsmusik","Erkrath","erkrath","Live Musik Geburtstag Erkrath","https://kim-marie-borger.com/geburtstage/erkrath/","92","75","971","340","24","3","Live Musik Geburtstag Erkrath | Viola für Feiern","48","true","Live Musik zum Geburtstag in Erkrath: konkret geplant nach Ort und Ablauf.","1","true","143","true","true","true","true","true","false","true","74","30","6","false","0.0645","https://kim-marie-borger.com/geburtstage/remscheid/","0.6442","https://kim-marie-borger.com/geburtstage/hilden/","0.9398","https://kim-marie-borger.com/geburtstage/hilden/","0.9614","https://kim-marie-borger.com/firmenfeiern/erkrath/","0.3266","Answer|BreadcrumbList|City|ContactPoint|FAQPage|ListItem|Occupation|Offer|Person|Question|WebPage|WebSite"
"P2","priority-rewrite","high","geburtstage","geburtstagsmusik","Essen","essen","Live Musik Geburtstag Essen","https://kim-marie-borger.com/geburtstage/essen/","100","84","984","344","21","3","Live Musik Geburtstag Essen | Viola für Feiern","46","true","Live Musik zum Geburtstag in Essen: konkret geplant nach Ort und Ablauf.","1","true","139","true","true","true","true","true","false","true","74","30","68","true","0.0682","https://kim-marie-borger.com/geburtstage/dortmund/","0.6376","https://kim-marie-borger.com/geburtstage/bochum/","0.9297","https://kim-marie-borger.com/geburtstage/bochum/","0.9511","https://kim-marie-borger.com/firmenfeiern/essen/","0.3258","Answer|BreadcrumbList|City|ContactPoint|FAQPage|ListItem|Occupation|Offer|Person|Question|WebPage|WebSite"
"P3","improve-copy","medium","geburtstage","geburtstagsmusik","Gelsenkirchen","gelsenkirchen","Live Musik Geburtstag Gelsenkirchen","https://kim-marie-borger.com/geburtstage/gelsenkirchen/","92","84","1127","354","23","7","Live Musik Geburtstag Gelsenkirchen | Viola für Feiern","54","true","Live Musik zum Geburtstag in Gelsenkirchen, die persönlich bleibt.","1","true","133","true","true","true","true","true","false","true","74","30","6","false","0.0621","https://kim-marie-borger.com/geburtstage/krefeld/","0.6179","https://kim-marie-borger.com/geburtstage/oberhausen/","0.9541","https://kim-marie-borger.com/geburtstage/oberhausen/","0.9746","https://kim-marie-borger.com/konzerte/gelsenkirchen/","0.3792","Answer|BreadcrumbList|City|ContactPoint|FAQPage|ListItem|Occupation|Offer|Person|Question|WebPage|WebSite"
"P3","ready","high","geburtstage","geburtstagsmusik","Haan","haan","Live Musik Geburtstag Haan","https://kim-marie-borger.com/geburtstage/haan/","92","84","1126","355","23","7","Live Musik Geburtstag Haan | Viola für Feiern","45","true","Live Musik zum Geburtstag in Haan, die persönlich bleibt.","1","true","115","true","true","true","true","true","false","true","74","30","6","false","0.0624","https://kim-marie-borger.com/geburtstage/hagen/","0.6223","https://kim-marie-borger.com/geburtstage/hagen/","0.9573","https://kim-marie-borger.com/geburtstage/hagen/","0.9813","https://kim-marie-borger.com/konzerte/haan/","0.3781","Answer|BreadcrumbList|City|ContactPoint|FAQPage|ListItem|Occupation|Offer|Person|Question|WebPage|WebSite"
"P3","ready","high","geburtstage","geburtstagsmusik","Hagen","hagen","Live Musik Geburtstag Hagen","https://kim-marie-borger.com/geburtstage/hagen/","92","84","1126","355","23","7","Live Musik Geburtstag Hagen | Viola für Feiern","46","true","Live Musik zum Geburtstag in Hagen, die persönlich bleibt.","1","true","117","true","true","true","true","true","false","true","74","30","6","false","0.0624","https://kim-marie-borger.com/geburtstage/haan/","0.6223","https://kim-marie-borger.com/geburtstage/haan/","0.9573","https://kim-marie-borger.com/geburtstage/haan/","0.9813","https://kim-marie-borger.com/konzerte/hagen/","0.3781","Answer|BreadcrumbList|City|ContactPoint|FAQPage|ListItem|Occupation|Offer|Person|Question|WebPage|WebSite"
"P3","improve-copy","medium","geburtstage","geburtstagsmusik","Heiligenhaus","heiligenhaus","Live Musik Geburtstag Heiligenhaus","https://kim-marie-borger.com/geburtstage/heiligenhaus/","92","84","1114","350","23","7","Live Musik Geburtstag Heiligenhaus | Viola für Feiern","53","true","Live Musik zum Geburtstag in Heiligenhaus, die persönlich bleibt.","1","true","131","true","true","true","true","true","false","true","74","30","6","false","0.0627","https://kim-marie-borger.com/geburtstage/aachen/","0.6117","https://kim-marie-borger.com/geburtstage/velbert/","0.9604","https://kim-marie-borger.com/geburtstage/bottrop/","0.9811","https://kim-marie-borger.com/konzerte/heiligenhaus/","0.3936","Answer|BreadcrumbList|City|ContactPoint|FAQPage|ListItem|Occupation|Offer|Person|Question|WebPage|WebSite"
"P3","improve-copy","medium","geburtstage","geburtstagsmusik","Herne","herne","Live Musik Geburtstag Herne","https://kim-marie-borger.com/geburtstage/herne/","92","84","1135","352","23","7","Live Musik Geburtstag Herne | Viola für Feiern","46","true","Live Musik zum Geburtstag in Herne, die persönlich bleibt.","1","true","117","true","true","true","true","true","false","true","74","30","6","false","0.0622","https://kim-marie-borger.com/geburtstage/aachen/","0.6055","https://kim-marie-borger.com/geburtstage/paderborn/","0.9498","https://kim-marie-borger.com/geburtstage/muelheim-an-der-ruhr/","0.9729","https://kim-marie-borger.com/konzerte/herne/","0.3975","Answer|BreadcrumbList|City|ContactPoint|FAQPage|ListItem|Occupation|Offer|Person|Question|WebPage|WebSite"
"P2","priority-rewrite","high","geburtstage","geburtstagsmusik","Hilden","hilden","Live Musik Geburtstag Hilden","https://kim-marie-borger.com/geburtstage/hilden/","92","75","978","340","22","3","Live Musik Geburtstag Hilden | Viola für Feiern","47","true","Live Musik zum Geburtstag in Hilden: konkret geplant nach Ort und Ablauf.","1","true","141","true","true","true","true","true","false","true","74","30","6","false","0.0644","https://kim-marie-borger.com/geburtstage/ratingen/","0.6468","https://kim-marie-borger.com/geburtstage/erkrath/","0.9398","https://kim-marie-borger.com/geburtstage/erkrath/","0.9614","https://kim-marie-borger.com/firmenfeiern/hilden/","0.3273","Answer|BreadcrumbList|City|ContactPoint|FAQPage|ListItem|Occupation|Offer|Person|Question|WebPage|WebSite"
"P3","ready","high","geburtstage","geburtstagsmusik","Iserlohn","iserlohn","Live Musik Geburtstag Iserlohn","https://kim-marie-borger.com/geburtstage/iserlohn/","92","84","1120","354","23","7","Live Musik Geburtstag Iserlohn | Viola für Feiern","49","true","Live Musik zum Geburtstag in Iserlohn, die persönlich bleibt.","1","true","123","true","true","true","true","true","false","true","74","30","6","false","0.0624","https://kim-marie-borger.com/geburtstage/krefeld/","0.621","https://kim-marie-borger.com/geburtstage/krefeld/","0.9552","https://kim-marie-borger.com/geburtstage/krefeld/","0.9758","https://kim-marie-borger.com/konzerte/iserlohn/","0.3779","Answer|BreadcrumbList|City|ContactPoint|FAQPage|ListItem|Occupation|Offer|Person|Question|WebPage|WebSite"
"P1","ready","low","geburtstage","geburtstagsmusik","Köln","koeln","Live Musik Geburtstag Köln","https://kim-marie-borger.com/geburtstage/koeln/","100","94","885","332","15","3","Live Musik Geburtstag Köln | Viola für Feiern","45","true","Live-Musik zum Geburtstag in Köln für einen echten Lieblingsmoment.","1","true","137","true","true","true","true","true","false","true","72","28","71","true","0.072","https://kim-marie-borger.com/geburtstage/wuppertal/","0.5383","https://kim-marie-borger.com/geburtstage/wuppertal/","0.8803","https://kim-marie-borger.com/geburtstage/wuppertal/","0.898","https://kim-marie-borger.com/taufen/koeln/","0.1884","Answer|BreadcrumbList|City|ContactPoint|FAQPage|ListItem|Occupation|Offer|Person|Question|WebPage|WebSite"
"P3","ready","high","geburtstage","geburtstagsmusik","Krefeld","krefeld","Live Musik Geburtstag Krefeld","https://kim-marie-borger.com/geburtstage/krefeld/","92","84","1116","353","23","7","Live Musik Geburtstag Krefeld | Viola für Feiern","48","true","Live Musik zum Geburtstag in Krefeld, die persönlich bleibt.","1","true","121","true","true","true","true","true","false","true","74","30","6","false","0.0624","https://kim-marie-borger.com/geburtstage/moers/","0.6218","https://kim-marie-borger.com/geburtstage/moers/","0.9569","https://kim-marie-borger.com/geburtstage/moers/","0.9776","https://kim-marie-borger.com/konzerte/krefeld/","0.3793","Answer|BreadcrumbList|City|ContactPoint|FAQPage|ListItem|Occupation|Offer|Person|Question|WebPage|WebSite"
"P3","ready","low","geburtstage","geburtstagsmusik","Kreis Mettmann","kreis-mettmann","Live Musik Geburtstag Kreis Mettmann","https://kim-marie-borger.com/geburtstage/kreis-mettmann/","92","94","1118","365","28","7","Live Musik Geburtstag Kreis Mettmann | Viola für Feiern","55","true","Live Musik zum Geburtstag im Kreis Mettmann, die persönlich bleibt.","1","true","135","true","true","true","true","true","false","true","74","30","29","false","0.0604","https://kim-marie-borger.com/geburtstage/rhein-kreis-neuss/","0.5162","https://kim-marie-borger.com/geburtstage/rhein-kreis-neuss/","0.9063","https://kim-marie-borger.com/geburtstage/rhein-kreis-neuss/","0.9642","https://kim-marie-borger.com/konzerte/kreis-mettmann/","0.4641","AdministrativeArea|Answer|BreadcrumbList|ContactPoint|FAQPage|ListItem|Occupation|Offer|Person|Question|WebPage|WebSite"
"P3","ready","high","geburtstage","geburtstagsmusik","Langenfeld","langenfeld","Live Musik Geburtstag Langenfeld","https://kim-marie-borger.com/geburtstage/langenfeld/","92","84","1126","354","23","7","Live Musik Geburtstag Langenfeld | Viola für Feiern","51","true","Live Musik zum Geburtstag in Langenfeld, die persönlich bleibt.","1","true","127","true","true","true","true","true","false","true","74","30","6","false","0.0624","https://kim-marie-borger.com/geburtstage/haan/","0.6223","https://kim-marie-borger.com/geburtstage/haan/","0.9573","https://kim-marie-borger.com/geburtstage/wuelfrath/","0.9902","https://kim-marie-borger.com/konzerte/langenfeld/","0.3789","Answer|BreadcrumbList|City|ContactPoint|FAQPage|ListItem|Occupation|Offer|Person|Question|WebPage|WebSite"
"P2","priority-rewrite","high","geburtstage","geburtstagsmusik","Leverkusen","leverkusen","Live Musik Geburtstag Leverkusen","https://kim-marie-borger.com/geburtstage/leverkusen/","92","75","969","341","21","3","Live Musik Geburtstag Leverkusen | Viola für Feiern","51","true","Live Musik zum Geburtstag in Leverkusen: konkret geplant nach Ort und Ablauf.","1","true","149","true","true","true","true","true","false","true","74","30","7","false","0.0644","https://kim-marie-borger.com/geburtstage/solingen/","0.6469","https://kim-marie-borger.com/geburtstage/erkrath/","0.9349","https://kim-marie-borger.com/geburtstage/mettmann/","0.9624","https://kim-marie-borger.com/firmenfeiern/leverkusen/","0.3273","Answer|BreadcrumbList|City|ContactPoint|FAQPage|ListItem|Occupation|Offer|Person|Question|WebPage|WebSite"
"P3","improve-copy","medium","geburtstage","geburtstagsmusik","Meerbusch","meerbusch","Live Musik Geburtstag Meerbusch","https://kim-marie-borger.com/geburtstage/meerbusch/","92","84","1114","350","23","7","Live Musik Geburtstag Meerbusch | Viola für Feiern","50","true","Live Musik zum Geburtstag in Meerbusch, die persönlich bleibt.","1","true","125","true","true","true","true","true","false","true","74","30","6","false","0.0627","https://kim-marie-borger.com/geburtstage/aachen/","0.6117","https://kim-marie-borger.com/geburtstage/aachen/","0.9568","https://kim-marie-borger.com/geburtstage/aachen/","0.9775","https://kim-marie-borger.com/konzerte/meerbusch/","0.3936","Answer|BreadcrumbList|City|ContactPoint|FAQPage|ListItem|Occupation|Offer|Person|Question|WebPage|WebSite"
"P2","priority-rewrite","high","geburtstage","geburtstagsmusik","Mettmann","mettmann","Live Musik Geburtstag Mettmann","https://kim-marie-borger.com/geburtstage/mettmann/","92","75","979","344","25","3","Live Musik Geburtstag Mettmann | Viola für Feiern","49","true","Live Musik zum Geburtstag in Mettmann: konkret geplant nach Ort und Ablauf.","1","true","145","true","true","true","true","true","false","true","74","30","6","false","0.0641","https://kim-marie-borger.com/geburtstage/solingen/","0.6456","https://kim-marie-borger.com/geburtstage/moenchengladbach/","0.9345","https://kim-marie-borger.com/geburtstage/leverkusen/","0.9624","https://kim-marie-borger.com/firmenfeiern/mettmann/","0.3301","Answer|BreadcrumbList|City|ContactPoint|FAQPage|ListItem|Occupation|Offer|Person|Question|WebPage|WebSite"
"P2","priority-rewrite","high","geburtstage","geburtstagsmusik","Mönchengladbach","moenchengladbach","Live Musik Geburtstag Mönchengladbach","https://kim-marie-borger.com/geburtstage/moenchengladbach/","92","75","964","342","21","3","Live Musik Geburtstag Mönchengladbach | Viola für Feiern","56","true","Live Musik zum Geburtstag in Mönchengladbach: konkret geplant nach Ort und Ablauf.","1","true","159","true","true","true","true","true","false","true","74","30","6","false","0.0648","https://kim-marie-borger.com/geburtstage/ratingen/","0.6423","https://kim-marie-borger.com/geburtstage/ratingen/","0.9506","https://kim-marie-borger.com/geburtstage/ratingen/","0.9725","https://kim-marie-borger.com/firmenfeiern/moenchengladbach/","0.3237","Answer|BreadcrumbList|City|ContactPoint|FAQPage|ListItem|Occupation|Offer|Person|Question|WebPage|WebSite"
"P3","ready","high","geburtstage","geburtstagsmusik","Moers","moers","Live Musik Geburtstag Moers","https://kim-marie-borger.com/geburtstage/moers/","92","84","1116","353","23","7","Live Musik Geburtstag Moers | Viola für Feiern","46","true","Live Musik zum Geburtstag in Moers, die persönlich bleibt.","1","true","117","true","true","true","true","true","false","true","74","30","6","false","0.0624","https://kim-marie-borger.com/geburtstage/unna/","0.6355","https://kim-marie-borger.com/geburtstage/recklinghausen/","0.9659","https://kim-marie-borger.com/geburtstage/recklinghausen/","0.9865","https://kim-marie-borger.com/konzerte/moers/","0.3793","Answer|BreadcrumbList|City|ContactPoint|FAQPage|ListItem|Occupation|Offer|Person|Question|WebPage|WebSite"
"P3","improve-copy","medium","geburtstage","geburtstagsmusik","Monheim am Rhein","monheim-am-rhein","Live Musik Geburtstag Monheim am Rhein","https://kim-marie-borger.com/geburtstage/monheim-am-rhein/","92","84","1160","351","23","7","Live Musik Geburtstag Monheim am Rhein | Viola für Feiern","57","true","Live Musik zum Geburtstag in Monheim am Rhein, die persönlich bleibt.","1","true","139","true","true","true","true","true","false","true","74","30","6","false","0.0618","https://kim-marie-borger.com/geburtstage/aachen/","0.6151","https://kim-marie-borger.com/geburtstage/aachen/","0.9463","https://kim-marie-borger.com/geburtstage/aachen/","0.9865","https://kim-marie-borger.com/konzerte/monheim-am-rhein/","0.3793","Answer|BreadcrumbList|City|ContactPoint|FAQPage|ListItem|Occupation|Offer|Person|Question|WebPage|WebSite"
"P3","improve-copy","medium","geburtstage","geburtstagsmusik","Mülheim an der Ruhr","muelheim-an-der-ruhr","Live Musik Geburtstag Mülheim an der Ruhr","https://kim-marie-borger.com/geburtstage/muelheim-an-der-ruhr/","92","84","1193","352","23","7","Live Musik Geburtstag Mülheim an der Ruhr | Viola für Feiern","60","true","Live Musik zum Geburtstag in Mülheim an der Ruhr, die persönlich bleibt.","1","true","145","true","true","true","true","true","false","true","74","30","6","false","0.0614","https://kim-marie-borger.com/geburtstage/aachen/","0.5973","https://kim-marie-borger.com/geburtstage/aachen/","0.9275","https://kim-marie-borger.com/geburtstage/aachen/","0.9767","https://kim-marie-borger.com/firmenfeiern/muelheim-an-der-ruhr/","0.3849","Answer|BreadcrumbList|City|ContactPoint|FAQPage|ListItem|Occupation|Offer|Person|Question|WebPage|WebSite"
"P3","ready","high","geburtstage","geburtstagsmusik","Münster","muenster","Live Musik Geburtstag Münster","https://kim-marie-borger.com/geburtstage/muenster/","92","84","1126","355","23","7","Live Musik Geburtstag Münster | Viola für Feiern","48","true","Live Musik zum Geburtstag in Münster, die persönlich bleibt.","1","true","121","true","true","true","true","true","false","true","74","30","6","false","0.0624","https://kim-marie-borger.com/geburtstage/haan/","0.6223","https://kim-marie-borger.com/geburtstage/bielefeld/","0.9591","https://kim-marie-borger.com/geburtstage/bielefeld/","0.9796","https://kim-marie-borger.com/konzerte/muenster/","0.3781","Answer|BreadcrumbList|City|ContactPoint|FAQPage|ListItem|Occupation|Offer|Person|Question|WebPage|WebSite"
"P2","priority-rewrite","high","geburtstage","geburtstagsmusik","Neuss","neuss","Live Musik Geburtstag Neuss","https://kim-marie-borger.com/geburtstage/neuss/","100","84","983","339","24","3","Live Musik Geburtstag Neuss | Viola für Feiern","46","true","Live Musik zum Geburtstag in Neuss: konkret geplant nach Ort und Ablauf.","1","true","139","true","true","true","true","true","false","true","74","30","69","true","0.068","https://kim-marie-borger.com/geburtstage/moenchengladbach/","0.6336","https://kim-marie-borger.com/geburtstage/duisburg/","0.927","https://kim-marie-borger.com/geburtstage/duisburg/","0.9534","https://kim-marie-borger.com/firmenfeiern/neuss/","0.3273","Answer|BreadcrumbList|City|ContactPoint|FAQPage|ListItem|Occupation|Offer|Person|Question|WebPage|WebSite"
"P3","ready","low","geburtstage","geburtstagsmusik","Nordrhein-Westfalen","nordrhein-westfalen","Live Musik Geburtstag Nordrhein-Westfalen","https://kim-marie-borger.com/geburtstage/nordrhein-westfalen/","92","100","1109","351","26","7","Live Musik Geburtstag Nordrhein-Westfalen | Viola für Feiern","60","true","Live Musik zum Geburtstag in Nordrhein-Westfalen, die persönlich bleibt.","1","true","145","true","true","true","true","true","false","true","74","30","6","false","0.0616","https://kim-marie-borger.com/geburtstage/rhein-ruhr/","0.4564","https://kim-marie-borger.com/geburtstage/rheinland/","0.8496","https://kim-marie-borger.com/geburtstage/rheinland/","0.8983","https://kim-marie-borger.com/konzerte/nordrhein-westfalen/","0.4217","AdministrativeArea|Answer|BreadcrumbList|ContactPoint|FAQPage|ListItem|Occupation|Offer|Person|Question|WebPage|WebSite"
"P3","ready","high","geburtstage","geburtstagsmusik","Oberhausen","oberhausen","Live Musik Geburtstag Oberhausen","https://kim-marie-borger.com/geburtstage/oberhausen/","92","84","1120","353","27","7","Live Musik Geburtstag Oberhausen | Viola für Feiern","51","true","Live Musik zum Geburtstag in Oberhausen, die persönlich bleibt.","1","true","127","true","true","true","true","true","false","true","74","30","6","false","0.0624","https://kim-marie-borger.com/geburtstage/krefeld/","0.621","https://kim-marie-borger.com/geburtstage/krefeld/","0.9552","https://kim-marie-borger.com/geburtstage/recklinghausen/","0.9794","https://kim-marie-borger.com/konzerte/oberhausen/","0.3788","Answer|BreadcrumbList|City|ContactPoint|FAQPage|ListItem|Occupation|Offer|Person|Question|WebPage|WebSite"
"P3","ready","high","geburtstage","geburtstagsmusik","Paderborn","paderborn","Live Musik Geburtstag Paderborn","https://kim-marie-borger.com/geburtstage/paderborn/","92","75","1118","351","23","7","Live Musik Geburtstag Paderborn | Viola für Feiern","50","true","Live Musik zum Geburtstag in Paderborn, die persönlich bleibt.","1","true","125","true","true","true","true","true","false","true","74","30","6","false","0.0626","https://kim-marie-borger.com/geburtstage/aachen/","0.6413","https://kim-marie-borger.com/geburtstage/aachen/","0.965","https://kim-marie-borger.com/geburtstage/aachen/","0.9856","https://kim-marie-borger.com/konzerte/paderborn/","0.395","Answer|BreadcrumbList|City|ContactPoint|FAQPage|ListItem|Occupation|Offer|Person|Question|WebPage|WebSite"
"P2","priority-rewrite","high","geburtstage","geburtstagsmusik","Ratingen","ratingen","Live Musik Geburtstag Ratingen","https://kim-marie-borger.com/geburtstage/ratingen/","100","75","965","339","21","3","Live Musik Geburtstag Ratingen | Viola für Feiern","49","true","Live Musik zum Geburtstag in Ratingen: konkret geplant nach Ort und Ablauf.","1","true","145","true","true","true","true","true","false","true","74","30","69","true","0.0648","https://kim-marie-borger.com/geburtstage/hilden/","0.6468","https://kim-marie-borger.com/geburtstage/moenchengladbach/","0.9506","https://kim-marie-borger.com/geburtstage/moenchengladbach/","0.9725","https://kim-marie-borger.com/firmenfeiern/ratingen/","0.3237","Answer|BreadcrumbList|City|ContactPoint|FAQPage|ListItem|Occupation|Offer|Person|Question|WebPage|WebSite"
"P3","ready","high","geburtstage","geburtstagsmusik","Recklinghausen","recklinghausen","Live Musik Geburtstag Recklinghausen","https://kim-marie-borger.com/geburtstage/recklinghausen/","92","84","1116","353","23","7","Live Musik Geburtstag Recklinghausen | Viola für Feiern","55","true","Live Musik zum Geburtstag in Recklinghausen, die persönlich bleibt.","1","true","135","true","true","true","true","true","false","true","74","30","6","false","0.0624","https://kim-marie-borger.com/geburtstage/krefeld/","0.6218","https://kim-marie-borger.com/geburtstage/moers/","0.9659","https://kim-marie-borger.com/geburtstage/unna/","0.9884","https://kim-marie-borger.com/konzerte/recklinghausen/","0.3772","Answer|BreadcrumbList|City|ContactPoint|FAQPage|ListItem|Occupation|Offer|Person|Question|WebPage|WebSite"
"P2","priority-rewrite","high","geburtstage","geburtstagsmusik","Remscheid","remscheid","Live Musik Geburtstag Remscheid","https://kim-marie-borger.com/geburtstage/remscheid/","92","75","968","344","21","3","Live Musik Geburtstag Remscheid | Viola für Feiern","50","true","Live Musik zum Geburtstag in Remscheid: konkret geplant nach Ort und Ablauf.","1","true","147","true","true","true","true","true","false","true","74","30","7","false","0.0645","https://kim-marie-borger.com/geburtstage/erkrath/","0.6442","https://kim-marie-borger.com/geburtstage/solingen/","0.937","https://kim-marie-borger.com/geburtstage/solingen/","0.9587","https://kim-marie-borger.com/firmenfeiern/remscheid/","0.3266","Answer|BreadcrumbList|City|ContactPoint|FAQPage|ListItem|Occupation|Offer|Person|Question|WebPage|WebSite"
"P3","ready","low","geburtstage","geburtstagsmusik","Rhein-Kreis Neuss","rhein-kreis-neuss","Live Musik Geburtstag Rhein-Kreis Neuss","https://kim-marie-borger.com/geburtstage/rhein-kreis-neuss/","92","94","1148","367","28","7","Live Musik Geburtstag Rhein-Kreis Neuss | Viola für Feiern","58","true","Live Musik zum Geburtstag im Rhein-Kreis Neuss, die persönlich bleibt.","1","true","141","true","true","true","true","true","false","true","74","30","6","false","0.0593","https://kim-marie-borger.com/geburtstage/kreis-mettmann/","0.5162","https://kim-marie-borger.com/geburtstage/kreis-mettmann/","0.9063","https://kim-marie-borger.com/geburtstage/kreis-mettmann/","0.9642","https://kim-marie-borger.com/konzerte/rhein-kreis-neuss/","0.4531","AdministrativeArea|Answer|BreadcrumbList|ContactPoint|FAQPage|ListItem|Occupation|Offer|Person|Question|WebPage|WebSite"
"P3","ready","low","geburtstage","geburtstagsmusik","Rhein-Ruhr","rhein-ruhr","Live Musik Geburtstag Rhein-Ruhr","https://kim-marie-borger.com/geburtstage/rhein-ruhr/","92","98","1166","349","26","7","Live Musik Geburtstag Rhein-Ruhr | Viola für Feiern","51","true","Live Musik zum Geburtstag in der Region Rhein-Ruhr, die persönlich bleibt.","1","true","138","true","true","true","true","true","false","true","74","30","23","false","0.0604","https://kim-marie-borger.com/geburtstage/rheinland/","0.5267","https://kim-marie-borger.com/geburtstage/rheinland/","0.8663","https://kim-marie-borger.com/geburtstage/rheinland/","0.9052","https://kim-marie-borger.com/konzerte/rhein-ruhr/","0.4037","Answer|BreadcrumbList|ContactPoint|FAQPage|ListItem|Occupation|Offer|Person|Place|Question|WebPage|WebSite"
"P3","improve-copy","medium","geburtstage","geburtstagsmusik","Rheinland","rheinland","Live Musik Geburtstag Rheinland","https://kim-marie-borger.com/geburtstage/rheinland/","92","84","1082","353","27","7","Live Musik Geburtstag Rheinland | Viola für Feiern","50","true","Live Musik zum Geburtstag im Rheinland, die persönlich bleibt.","1","true","125","true","true","true","true","true","false","true","74","30","24","false","0.062","https://kim-marie-borger.com/geburtstage/ruhrgebiet/","0.5885","https://kim-marie-borger.com/geburtstage/ruhrgebiet/","0.9465","https://kim-marie-borger.com/geburtstage/ruhrgebiet/","0.9935","https://kim-marie-borger.com/konzerte/rheinland/","0.4353","Answer|BreadcrumbList|ContactPoint|FAQPage|ListItem|Occupation|Offer|Person|Place|Question|WebPage|WebSite"
"P3","improve-copy","medium","geburtstage","geburtstagsmusik","Ruhrgebiet","ruhrgebiet","Live Musik Geburtstag Ruhrgebiet","https://kim-marie-borger.com/geburtstage/ruhrgebiet/","92","84","1090","355","27","7","Live Musik Geburtstag Ruhrgebiet | Viola für Feiern","51","true","Live Musik zum Geburtstag im Ruhrgebiet, die persönlich bleibt.","1","true","127","true","true","true","true","true","false","true","74","30","6","false","0.0619","https://kim-marie-borger.com/geburtstage/rheinland/","0.5885","https://kim-marie-borger.com/geburtstage/rheinland/","0.9465","https://kim-marie-borger.com/geburtstage/rheinland/","0.9935","https://kim-marie-borger.com/konzerte/ruhrgebiet/","0.4205","Answer|BreadcrumbList|ContactPoint|FAQPage|ListItem|Occupation|Offer|Person|Place|Question|WebPage|WebSite"
"P3","improve-copy","medium","geburtstage","geburtstagsmusik","Siegen","siegen","Live Musik Geburtstag Siegen","https://kim-marie-borger.com/geburtstage/siegen/","92","84","1135","351","23","7","Live Musik Geburtstag Siegen | Viola für Feiern","47","true","Live Musik zum Geburtstag in Siegen, die persönlich bleibt.","1","true","119","true","true","true","true","true","false","true","74","30","6","false","0.0622","https://kim-marie-borger.com/geburtstage/aachen/","0.6055","https://kim-marie-borger.com/geburtstage/paderborn/","0.9498","https://kim-marie-borger.com/geburtstage/muelheim-an-der-ruhr/","0.9729","https://kim-marie-borger.com/konzerte/siegen/","0.3842","Answer|BreadcrumbList|City|ContactPoint|FAQPage|ListItem|Occupation|Offer|Person|Question|WebPage|WebSite"
"P2","priority-rewrite","high","geburtstage","geburtstagsmusik","Solingen","solingen","Live Musik Geburtstag Solingen","https://kim-marie-borger.com/geburtstage/solingen/","92","75","972","343","21","3","Live Musik Geburtstag Solingen | Viola für Feiern","49","true","Live Musik zum Geburtstag in Solingen: konkret geplant nach Ort und Ablauf.","1","true","145","true","true","true","true","true","false","true","74","30","7","false","0.0644","https://kim-marie-borger.com/geburtstage/leverkusen/","0.6469","https://kim-marie-borger.com/geburtstage/remscheid/","0.937","https://kim-marie-borger.com/geburtstage/remscheid/","0.9587","https://kim-marie-borger.com/firmenfeiern/solingen/","0.3273","Answer|BreadcrumbList|City|ContactPoint|FAQPage|ListItem|Occupation|Offer|Person|Question|WebPage|WebSite"
"P3","ready","high","geburtstage","geburtstagsmusik","Unna","unna","Live Musik Geburtstag Unna","https://kim-marie-borger.com/geburtstage/unna/","92","84","1120","353","23","7","Live Musik Geburtstag Unna | Viola für Feiern","45","true","Live Musik zum Geburtstag in Unna, die persönlich bleibt.","1","true","115","true","true","true","true","true","false","true","74","30","6","false","0.0624","https://kim-marie-borger.com/geburtstage/moers/","0.6355","https://kim-marie-borger.com/geburtstage/moers/","0.9642","https://kim-marie-borger.com/geburtstage/recklinghausen/","0.9884","https://kim-marie-borger.com/konzerte/unna/","0.3779","Answer|BreadcrumbList|City|ContactPoint|FAQPage|ListItem|Occupation|Offer|Person|Question|WebPage|WebSite"
"P3","improve-copy","medium","geburtstage","geburtstagsmusik","Velbert","velbert","Live Musik Geburtstag Velbert","https://kim-marie-borger.com/geburtstage/velbert/","92","84","1114","350","23","7","Live Musik Geburtstag Velbert | Viola für Feiern","48","true","Live Musik zum Geburtstag in Velbert, die persönlich bleibt.","1","true","121","true","true","true","true","true","false","true","74","30","6","false","0.0627","https://kim-marie-borger.com/geburtstage/aachen/","0.6117","https://kim-marie-borger.com/geburtstage/heiligenhaus/","0.9604","https://kim-marie-borger.com/geburtstage/aachen/","0.9775","https://kim-marie-borger.com/konzerte/velbert/","0.3802","Answer|BreadcrumbList|City|ContactPoint|FAQPage|ListItem|Occupation|Offer|Person|Question|WebPage|WebSite"
"P3","ready","high","geburtstage","geburtstagsmusik","Wülfrath","wuelfrath","Live Musik Geburtstag Wülfrath","https://kim-marie-borger.com/geburtstage/wuelfrath/","92","84","1126","355","23","7","Live Musik Geburtstag Wülfrath | Viola für Feiern","49","true","Live Musik zum Geburtstag in Wülfrath, die persönlich bleibt.","1","true","123","true","true","true","true","true","false","true","74","30","6","false","0.0624","https://kim-marie-borger.com/geburtstage/haan/","0.6223","https://kim-marie-borger.com/geburtstage/haan/","0.9573","https://kim-marie-borger.com/geburtstage/langenfeld/","0.9902","https://kim-marie-borger.com/konzerte/wuelfrath/","0.3781","Answer|BreadcrumbList|City|ContactPoint|FAQPage|ListItem|Occupation|Offer|Person|Question|WebPage|WebSite"
"P1","ready","low","geburtstage","geburtstagsmusik","Wuppertal","wuppertal","Live Musik Geburtstag Wuppertal","https://kim-marie-borger.com/geburtstage/wuppertal/","100","98","923","348","16","3","Live Musik Geburtstag Wuppertal | Viola für Feiern","50","true","Live-Musik zum Geburtstag in Wuppertal, persönlich geplant.","1","true","147","true","true","true","true","true","false","true","72","28","71","true","0.0702","https://kim-marie-borger.com/geburtstage/koeln/","0.5383","https://kim-marie-borger.com/geburtstage/koeln/","0.8803","https://kim-marie-borger.com/geburtstage/koeln/","0.898","https://kim-marie-borger.com/firmenfeiern/wuppertal/","0.231","Answer|BreadcrumbList|City|ContactPoint|FAQPage|ListItem|Occupation|Offer|Person|Question|WebPage|WebSite"
"P3","ready","high","hochzeiten","hochzeitsmusik","Aachen","aachen","Hochzeitsmusik Aachen","https://kim-marie-borger.com/hochzeiten/aachen/","92","84","1201","330","25","10","Hochzeitsmusik Aachen | Viola für Trauung","41","true","Hochzeitsmusik in Aachen, die eure Trauung persönlich trägt.","1","true","114","true","true","true","true","true","false","true","77","31","7","false","0.0088","https://kim-marie-borger.com/hochzeiten/hagen/","0.6313","https://kim-marie-borger.com/hochzeiten/muenster/","0.9592","https://kim-marie-borger.com/hochzeiten/muenster/","0.98","https://kim-marie-borger.com/taufen/aachen/","0.4283","Answer|BreadcrumbList|City|ContactPoint|FAQPage|ListItem|Occupation|Offer|Person|Question|WebPage|WebSite"
"P3","improve-copy","medium","hochzeiten","hochzeitsmusik","Bergisch Gladbach","bergisch-gladbach","Hochzeitsmusik Bergisch Gladbach","https://kim-marie-borger.com/hochzeiten/bergisch-gladbach/","92","84","1231","331","25","10","Hochzeitsmusik Bergisch Gladbach | Viola für Trauung","52","true","Hochzeitsmusik in Bergisch Gladbach, die eure Trauung persönlich trägt.","1","true","136","true","true","true","true","true","false","true","77","31","8","false","0.0087","https://kim-marie-borger.com/hochzeiten/aachen/","0.6147","https://kim-marie-borger.com/hochzeiten/aachen/","0.9432","https://kim-marie-borger.com/hochzeiten/hagen/","0.978","https://kim-marie-borger.com/taufen/bergisch-gladbach/","0.4247","Answer|BreadcrumbList|City|ContactPoint|FAQPage|ListItem|Occupation|Offer|Person|Question|WebPage|WebSite"
"P3","improve-copy","medium","hochzeiten","hochzeitsmusik","Bergisches Land","bergisches-land","Hochzeitsmusik Bergisches Land","https://kim-marie-borger.com/hochzeiten/bergisches-land/","92","84","1223","344","30","10","Hochzeitsmusik Bergisches Land | Viola für Trauung","50","true","Hochzeitsmusik im Bergischen Land, die eure Trauung persönlich trägt.","1","true","132","true","true","true","true","true","false","true","77","31","50","false","0.0085","https://kim-marie-borger.com/hochzeiten/ruhrgebiet/","0.5911","https://kim-marie-borger.com/hochzeiten/ruhrgebiet/","0.9339","https://kim-marie-borger.com/hochzeiten/ruhrgebiet/","0.9933","https://kim-marie-borger.com/taufen/bergisches-land/","0.4648","Answer|BreadcrumbList|ContactPoint|FAQPage|ListItem|Occupation|Offer|Person|Place|Question|WebPage|WebSite"
"P3","ready","high","hochzeiten","hochzeitsmusik","Bielefeld","bielefeld","Hochzeitsmusik Bielefeld","https://kim-marie-borger.com/hochzeiten/bielefeld/","92","75","1216","333","25","10","Hochzeitsmusik Bielefeld | Viola für Trauung","44","true","Hochzeitsmusik in Bielefeld, die eure Trauung persönlich trägt.","1","true","120","true","true","true","true","true","false","true","77","31","7","false","0.0088","https://kim-marie-borger.com/hochzeiten/moers/","0.6483","https://kim-marie-borger.com/hochzeiten/moers/","0.9633","https://kim-marie-borger.com/hochzeiten/moers/","0.9839","https://kim-marie-borger.com/taufen/bielefeld/","0.4283","Answer|BreadcrumbList|City|ContactPoint|FAQPage|ListItem|Occupation|Offer|Person|Question|WebPage|WebSite"
"P2","priority-rewrite","high","hochzeiten","hochzeitsmusik","Bochum","bochum","Hochzeitsmusik Bochum","https://kim-marie-borger.com/hochzeiten/bochum/","92","75","1054","329","21","10","Hochzeitsmusik Bochum | Viola für Trauung","41","true","Hochzeitsmusik in Bochum: konkret geplant nach Ort und Ablauf.","1","true","126","true","true","true","true","true","false","true","77","31","7","false","0.0082","https://kim-marie-borger.com/hochzeiten/moenchengladbach/","0.6451","https://kim-marie-borger.com/hochzeiten/essen/","0.9289","https://kim-marie-borger.com/hochzeiten/essen/","0.9488","https://kim-marie-borger.com/firmenfeiern/bochum/","0.4079","Answer|BreadcrumbList|City|ContactPoint|FAQPage|ListItem|Occupation|Offer|Person|Question|WebPage|WebSite"
"P3","ready","high","hochzeiten","hochzeitsmusik","Bonn","bonn","Hochzeitsmusik Bonn","https://kim-marie-borger.com/hochzeiten/bonn/","92","84","1216","333","25","10","Hochzeitsmusik Bonn | Viola für Trauung","39","true","Hochzeitsmusik in Bonn, die eure Trauung persönlich trägt.","1","true","110","true","true","true","true","true","false","true","77","31","7","false","0.0088","https://kim-marie-borger.com/hochzeiten/langenfeld/","0.6323","https://kim-marie-borger.com/hochzeiten/langenfeld/","0.9534","https://kim-marie-borger.com/hochzeiten/langenfeld/","0.974","https://kim-marie-borger.com/taufen/bonn/","0.4283","Answer|BreadcrumbList|City|ContactPoint|FAQPage|ListItem|Occupation|Offer|Person|Question|WebPage|WebSite"
"P3","ready","high","hochzeiten","hochzeitsmusik","Bottrop","bottrop","Hochzeitsmusik Bottrop","https://kim-marie-borger.com/hochzeiten/bottrop/","92","84","1217","329","25","10","Hochzeitsmusik Bottrop | Viola für Trauung","42","true","Hochzeitsmusik in Bottrop, die eure Trauung persönlich trägt.","1","true","116","true","true","true","true","true","false","true","77","31","7","false","0.0088","https://kim-marie-borger.com/hochzeiten/dormagen/","0.6224","https://kim-marie-borger.com/hochzeiten/dormagen/","0.9556","https://kim-marie-borger.com/hochzeiten/haan/","0.9803","https://kim-marie-borger.com/taufen/bottrop/","0.4418","Answer|BreadcrumbList|City|ContactPoint|FAQPage|ListItem|Occupation|Offer|Person|Question|WebPage|WebSite"
"P3","ready","high","hochzeiten","hochzeitsmusik","Dormagen","dormagen","Hochzeitsmusik Dormagen","https://kim-marie-borger.com/hochzeiten/dormagen/","92","84","1217","329","25","10","Hochzeitsmusik Dormagen | Viola für Trauung","43","true","Hochzeitsmusik in Dormagen, die eure Trauung persönlich trägt.","1","true","118","true","true","true","true","true","false","true","77","31","7","false","0.0088","https://kim-marie-borger.com/hochzeiten/bottrop/","0.6224","https://kim-marie-borger.com/hochzeiten/bottrop/","0.9556","https://kim-marie-borger.com/hochzeiten/bottrop/","0.9762","https://kim-marie-borger.com/firmenfeiern/dormagen/","0.428","Answer|BreadcrumbList|City|ContactPoint|FAQPage|ListItem|Occupation|Offer|Person|Question|WebPage|WebSite"
"P2","priority-rewrite","high","hochzeiten","hochzeitsmusik","Dortmund","dortmund","Hochzeitsmusik Dortmund","https://kim-marie-borger.com/hochzeiten/dortmund/","100","75","1048","330","21","10","Hochzeitsmusik Dortmund | Viola für Trauung","43","true","Hochzeitsmusik in Dortmund: konkret geplant nach Ort und Ablauf.","1","true","130","true","true","true","true","true","false","true","77","31","95","true","0.0082","https://kim-marie-borger.com/hochzeiten/essen/","0.6495","https://kim-marie-borger.com/hochzeiten/moenchengladbach/","0.9328","https://kim-marie-borger.com/hochzeiten/moenchengladbach/","0.953","https://kim-marie-borger.com/firmenfeiern/dortmund/","0.4092","Answer|BreadcrumbList|City|ContactPoint|FAQPage|ListItem|Occupation|Offer|Person|Question|WebPage|WebSite"
"P1","ready","low","hochzeiten","hochzeitsmusik","Düsseldorf","duesseldorf","Hochzeitsmusik Düsseldorf","https://kim-marie-borger.com/hochzeiten/duesseldorf/","100","100","1036","333","14","6","Hochzeitsmusik Düsseldorf | Viola für Trauung","45","true","Hochzeitsmusik in Düsseldorf für Trauung und Empfang.","1","true","134","true","true","true","true","true","false","true","75","29","621","true","0.0101","https://kim-marie-borger.com/hochzeiten/wuppertal/","0.4747","https://kim-marie-borger.com/hochzeiten/koeln/","0.8487","https://kim-marie-borger.com/hochzeiten/koeln/","0.8615","https://kim-marie-borger.com/firmenfeiern/duesseldorf/","0.3127","Answer|BreadcrumbList|City|ContactPoint|FAQPage|ListItem|Occupation|Offer|Person|Question|WebPage|WebSite"
"P2","priority-rewrite","high","hochzeiten","hochzeitsmusik","Duisburg","duisburg","Hochzeitsmusik Duisburg","https://kim-marie-borger.com/hochzeiten/duisburg/","100","75","1058","329","21","10","Hochzeitsmusik Duisburg | Viola für Trauung","43","true","Hochzeitsmusik in Duisburg: konkret geplant nach Ort und Ablauf.","1","true","130","true","true","true","true","true","false","true","77","31","95","true","0.0082","https://kim-marie-borger.com/hochzeiten/erkrath/","0.6435","https://kim-marie-borger.com/hochzeiten/moenchengladbach/","0.9274","https://kim-marie-borger.com/hochzeiten/neuss/","0.9479","https://kim-marie-borger.com/firmenfeiern/duisburg/","0.4099","Answer|BreadcrumbList|City|ContactPoint|FAQPage|ListItem|Occupation|Offer|Person|Question|WebPage|WebSite"
"P2","priority-rewrite","high","hochzeiten","hochzeitsmusik","Erkrath","erkrath","Hochzeitsmusik Erkrath","https://kim-marie-borger.com/hochzeiten/erkrath/","92","75","1045","324","24","10","Hochzeitsmusik Erkrath | Viola für Trauung","42","true","Hochzeitsmusik in Erkrath: konkret geplant nach Ort und Ablauf.","1","true","128","true","true","true","true","true","false","true","77","31","7","false","0.0082","https://kim-marie-borger.com/hochzeiten/remscheid/","0.6605","https://kim-marie-borger.com/hochzeiten/ratingen/","0.94","https://kim-marie-borger.com/hochzeiten/ratingen/","0.9606","https://kim-marie-borger.com/firmenfeiern/erkrath/","0.4085","Answer|BreadcrumbList|City|ContactPoint|FAQPage|ListItem|Occupation|Offer|Person|Question|WebPage|WebSite"
"P2","priority-rewrite","high","hochzeiten","hochzeitsmusik","Essen","essen","Hochzeitsmusik Essen","https://kim-marie-borger.com/hochzeiten/essen/","100","75","1058","329","21","10","Hochzeitsmusik Essen | Viola für Trauung","40","true","Hochzeitsmusik in Essen: konkret geplant nach Ort und Ablauf.","1","true","124","true","true","true","true","true","false","true","77","31","95","true","0.0082","https://kim-marie-borger.com/hochzeiten/leverkusen/","0.6517","https://kim-marie-borger.com/hochzeiten/bochum/","0.9289","https://kim-marie-borger.com/hochzeiten/bochum/","0.9488","https://kim-marie-borger.com/firmenfeiern/essen/","0.4079","Answer|BreadcrumbList|City|ContactPoint|FAQPage|ListItem|Occupation|Offer|Person|Question|WebPage|WebSite"
"P3","ready","high","hochzeiten","hochzeitsmusik","Gelsenkirchen","gelsenkirchen","Hochzeitsmusik Gelsenkirchen","https://kim-marie-borger.com/hochzeiten/gelsenkirchen/","92","84","1229","329","25","10","Hochzeitsmusik Gelsenkirchen | Viola für Trauung","48","true","Hochzeitsmusik in Gelsenkirchen, die eure Trauung persönlich trägt.","1","true","128","true","true","true","true","true","false","true","77","31","7","false","0.0088","https://kim-marie-borger.com/hochzeiten/herne/","0.6248","https://kim-marie-borger.com/hochzeiten/oberhausen/","0.953","https://kim-marie-borger.com/hochzeiten/oberhausen/","0.9735","https://kim-marie-borger.com/firmenfeiern/gelsenkirchen/","0.4301","Answer|BreadcrumbList|City|ContactPoint|FAQPage|ListItem|Occupation|Offer|Person|Question|WebPage|WebSite"
"P3","ready","high","hochzeiten","hochzeitsmusik","Haan","haan","Hochzeitsmusik Haan","https://kim-marie-borger.com/hochzeiten/haan/","92","84","1217","329","25","10","Hochzeitsmusik Haan | Viola für Trauung","39","true","Hochzeitsmusik in Haan, die eure Trauung persönlich trägt.","1","true","110","true","true","true","true","true","false","true","77","31","7","false","0.0088","https://kim-marie-borger.com/hochzeiten/bottrop/","0.6224","https://kim-marie-borger.com/hochzeiten/bottrop/","0.9556","https://kim-marie-borger.com/hochzeiten/bottrop/","0.9803","https://kim-marie-borger.com/taufen/haan/","0.4269","Answer|BreadcrumbList|City|ContactPoint|FAQPage|ListItem|Occupation|Offer|Person|Question|WebPage|WebSite"
"P3","ready","high","hochzeiten","hochzeitsmusik","Hagen","hagen","Hochzeitsmusik Hagen","https://kim-marie-borger.com/hochzeiten/hagen/","92","84","1201","330","25","10","Hochzeitsmusik Hagen | Viola für Trauung","40","true","Hochzeitsmusik in Hagen, die eure Trauung persönlich trägt.","1","true","112","true","true","true","true","true","false","true","77","31","7","false","0.0088","https://kim-marie-borger.com/hochzeiten/aachen/","0.6313","https://kim-marie-borger.com/hochzeiten/aachen/","0.955","https://kim-marie-borger.com/hochzeiten/heiligenhaus/","0.98","https://kim-marie-borger.com/taufen/hagen/","0.4259","Answer|BreadcrumbList|City|ContactPoint|FAQPage|ListItem|Occupation|Offer|Person|Question|WebPage|WebSite"
"P3","ready","high","hochzeiten","hochzeitsmusik","Heiligenhaus","heiligenhaus","Hochzeitsmusik Heiligenhaus","https://kim-marie-borger.com/hochzeiten/heiligenhaus/","92","84","1201","330","25","10","Hochzeitsmusik Heiligenhaus | Viola für Trauung","47","true","Hochzeitsmusik in Heiligenhaus, die eure Trauung persönlich trägt.","1","true","126","true","true","true","true","true","false","true","77","31","7","false","0.0088","https://kim-marie-borger.com/hochzeiten/wuelfrath/","0.6353","https://kim-marie-borger.com/hochzeiten/wuelfrath/","0.9592","https://kim-marie-borger.com/hochzeiten/wuelfrath/","0.99","https://kim-marie-borger.com/taufen/heiligenhaus/","0.4283","Answer|BreadcrumbList|City|ContactPoint|FAQPage|ListItem|Occupation|Offer|Person|Question|WebPage|WebSite"
"P3","ready","high","hochzeiten","hochzeitsmusik","Herne","herne","Hochzeitsmusik Herne","https://kim-marie-borger.com/hochzeiten/herne/","92","84","1241","330","25","10","Hochzeitsmusik Herne | Viola für Trauung","40","true","Hochzeitsmusik in Herne, die eure Trauung persönlich trägt.","1","true","112","true","true","true","true","true","false","true","77","31","7","false","0.0088","https://kim-marie-borger.com/hochzeiten/gelsenkirchen/","0.6248","https://kim-marie-borger.com/hochzeiten/gelsenkirchen/","0.9514","https://kim-marie-borger.com/hochzeiten/oberhausen/","0.9728","https://kim-marie-borger.com/taufen/herne/","0.4457","Answer|BreadcrumbList|City|ContactPoint|FAQPage|ListItem|Occupation|Offer|Person|Question|WebPage|WebSite"
"P2","priority-rewrite","high","hochzeiten","hochzeitsmusik","Hilden","hilden","Hochzeitsmusik Hilden","https://kim-marie-borger.com/hochzeiten/hilden/","92","75","1050","325","22","10","Hochzeitsmusik Hilden | Viola für Trauung","41","true","Hochzeitsmusik in Hilden: konkret geplant nach Ort und Ablauf.","1","true","126","true","true","true","true","true","false","true","77","31","7","false","0.0082","https://kim-marie-borger.com/hochzeiten/ratingen/","0.6631","https://kim-marie-borger.com/hochzeiten/erkrath/","0.9384","https://kim-marie-borger.com/hochzeiten/erkrath/","0.9584","https://kim-marie-borger.com/firmenfeiern/hilden/","0.4092","Answer|BreadcrumbList|City|ContactPoint|FAQPage|ListItem|Occupation|Offer|Person|Question|WebPage|WebSite"
"P3","ready","high","hochzeiten","hochzeitsmusik","Iserlohn","iserlohn","Hochzeitsmusik Iserlohn","https://kim-marie-borger.com/hochzeiten/iserlohn/","92","84","1216","333","25","10","Hochzeitsmusik Iserlohn | Viola für Trauung","43","true","Hochzeitsmusik in Iserlohn, die eure Trauung persönlich trägt.","1","true","118","true","true","true","true","true","false","true","77","31","7","false","0.0088","https://kim-marie-borger.com/hochzeiten/langenfeld/","0.6323","https://kim-marie-borger.com/hochzeiten/langenfeld/","0.9534","https://kim-marie-borger.com/hochzeiten/langenfeld/","0.974","https://kim-marie-borger.com/taufen/iserlohn/","0.4266","Answer|BreadcrumbList|City|ContactPoint|FAQPage|ListItem|Occupation|Offer|Person|Question|WebPage|WebSite"
"P1","ready","low","hochzeiten","hochzeitsmusik","Köln","koeln","Hochzeitsmusik Köln","https://kim-marie-borger.com/hochzeiten/koeln/","100","100","989","342","13","6","Hochzeitsmusik Köln | Viola für Trauung","39","true","Hochzeitsmusik in Köln für Trauung und Empfang.","1","true","122","true","true","true","true","true","false","true","75","29","98","true","0.0083","https://kim-marie-borger.com/hochzeiten/wuppertal/","0.471","https://kim-marie-borger.com/hochzeiten/duesseldorf/","0.8487","https://kim-marie-borger.com/hochzeiten/duesseldorf/","0.8615","https://kim-marie-borger.com/firmenfeiern/koeln/","0.2461","Answer|BreadcrumbList|City|ContactPoint|FAQPage|ListItem|Occupation|Offer|Person|Question|WebPage|WebSite"
"P3","ready","high","hochzeiten","hochzeitsmusik","Krefeld","krefeld","Hochzeitsmusik Krefeld","https://kim-marie-borger.com/hochzeiten/krefeld/","92","84","1201","330","25","10","Hochzeitsmusik Krefeld | Viola für Trauung","42","true","Hochzeitsmusik in Krefeld, die eure Trauung persönlich trägt.","1","true","116","true","true","true","true","true","false","true","77","31","7","false","0.0088","https://kim-marie-borger.com/hochzeiten/aachen/","0.6313","https://kim-marie-borger.com/hochzeiten/aachen/","0.955","https://kim-marie-borger.com/hochzeiten/aachen/","0.9758","https://kim-marie-borger.com/taufen/krefeld/","0.4259","Answer|BreadcrumbList|City|ContactPoint|FAQPage|ListItem|Occupation|Offer|Person|Question|WebPage|WebSite"
"P3","ready","low","hochzeiten","hochzeitsmusik","Kreis Mettmann","kreis-mettmann","Hochzeitsmusik Kreis Mettmann","https://kim-marie-borger.com/hochzeiten/kreis-mettmann/","92","94","1221","344","31","10","Hochzeitsmusik Kreis Mettmann | Viola für Trauung","49","true","Hochzeitsmusik im Kreis Mettmann, die eure Trauung persönlich trägt.","1","true","130","true","true","true","true","true","false","true","77","31","56","false","0.0085","https://kim-marie-borger.com/hochzeiten/rhein-kreis-neuss/","0.5089","https://kim-marie-borger.com/hochzeiten/rhein-kreis-neuss/","0.9061","https://kim-marie-borger.com/hochzeiten/rhein-kreis-neuss/","0.9637","https://kim-marie-borger.com/taufen/kreis-mettmann/","0.4862","AdministrativeArea|Answer|BreadcrumbList|ContactPoint|FAQPage|ListItem|Occupation|Offer|Person|Question|WebPage|WebSite"
"P3","ready","high","hochzeiten","hochzeitsmusik","Langenfeld","langenfeld","Hochzeitsmusik Langenfeld","https://kim-marie-borger.com/hochzeiten/langenfeld/","92","84","1211","332","25","10","Hochzeitsmusik Langenfeld | Viola für Trauung","45","true","Hochzeitsmusik in Langenfeld, die eure Trauung persönlich trägt.","1","true","122","true","true","true","true","true","false","true","77","31","7","false","0.0088","https://kim-marie-borger.com/hochzeiten/moers/","0.633","https://kim-marie-borger.com/hochzeiten/moers/","0.9554","https://kim-marie-borger.com/hochzeiten/unna/","0.9781","https://kim-marie-borger.com/taufen/langenfeld/","0.4246","Answer|BreadcrumbList|City|ContactPoint|FAQPage|ListItem|Occupation|Offer|Person|Question|WebPage|WebSite"
"P2","priority-rewrite","high","hochzeiten","hochzeitsmusik","Leverkusen","leverkusen","Hochzeitsmusik Leverkusen","https://kim-marie-borger.com/hochzeiten/leverkusen/","92","75","1042","325","21","10","Hochzeitsmusik Leverkusen | Viola für Trauung","45","true","Hochzeitsmusik in Leverkusen: konkret geplant nach Ort und Ablauf.","1","true","134","true","true","true","true","true","false","true","77","31","8","false","0.0082","https://kim-marie-borger.com/hochzeiten/solingen/","0.6653","https://kim-marie-borger.com/hochzeiten/erkrath/","0.9333","https://kim-marie-borger.com/hochzeiten/mettmann/","0.9603","https://kim-marie-borger.com/firmenfeiern/leverkusen/","0.4092","Answer|BreadcrumbList|City|ContactPoint|FAQPage|ListItem|Occupation|Offer|Person|Question|WebPage|WebSite"
"P3","ready","high","hochzeiten","hochzeitsmusik","Meerbusch","meerbusch","Hochzeitsmusik Meerbusch","https://kim-marie-borger.com/hochzeiten/meerbusch/","92","84","1217","329","25","10","Hochzeitsmusik Meerbusch | Viola für Trauung","44","true","Hochzeitsmusik in Meerbusch, die eure Trauung persönlich trägt.","1","true","120","true","true","true","true","true","false","true","77","31","7","false","0.0088","https://kim-marie-borger.com/hochzeiten/bottrop/","0.6224","https://kim-marie-borger.com/hochzeiten/bottrop/","0.9556","https://kim-marie-borger.com/hochzeiten/bottrop/","0.9762","https://kim-marie-borger.com/taufen/meerbusch/","0.4269","Answer|BreadcrumbList|City|ContactPoint|FAQPage|ListItem|Occupation|Offer|Person|Question|WebPage|WebSite"
"P2","priority-rewrite","high","hochzeiten","hochzeitsmusik","Mettmann","mettmann","Hochzeitsmusik Mettmann","https://kim-marie-borger.com/hochzeiten/mettmann/","92","75","1054","327","25","10","Hochzeitsmusik Mettmann | Viola für Trauung","43","true","Hochzeitsmusik in Mettmann: konkret geplant nach Ort und Ablauf.","1","true","130","true","true","true","true","true","false","true","77","31","7","false","0.0082","https://kim-marie-borger.com/hochzeiten/solingen/","0.6662","https://kim-marie-borger.com/hochzeiten/leverkusen/","0.9331","https://kim-marie-borger.com/hochzeiten/leverkusen/","0.9603","https://kim-marie-borger.com/firmenfeiern/mettmann/","0.4118","Answer|BreadcrumbList|City|ContactPoint|FAQPage|ListItem|Occupation|Offer|Person|Question|WebPage|WebSite"
"P2","priority-rewrite","high","hochzeiten","hochzeitsmusik","Mönchengladbach","moenchengladbach","Hochzeitsmusik Mönchengladbach","https://kim-marie-borger.com/hochzeiten/moenchengladbach/","92","75","1038","326","21","10","Hochzeitsmusik Mönchengladbach | Viola für Trauung","50","true","Hochzeitsmusik in Mönchengladbach: konkret geplant nach Ort und Ablauf.","1","true","144","true","true","true","true","true","false","true","77","31","7","false","0.0083","https://kim-marie-borger.com/hochzeiten/ratingen/","0.6543","https://kim-marie-borger.com/hochzeiten/ratingen/","0.9518","https://kim-marie-borger.com/hochzeiten/ratingen/","0.9721","https://kim-marie-borger.com/firmenfeiern/moenchengladbach/","0.4059","Answer|BreadcrumbList|City|ContactPoint|FAQPage|ListItem|Occupation|Offer|Person|Question|WebPage|WebSite"
"P3","ready","high","hochzeiten","hochzeitsmusik","Moers","moers","Hochzeitsmusik Moers","https://kim-marie-borger.com/hochzeiten/moers/","92","75","1211","332","25","10","Hochzeitsmusik Moers | Viola für Trauung","40","true","Hochzeitsmusik in Moers, die eure Trauung persönlich trägt.","1","true","112","true","true","true","true","true","false","true","77","31","7","false","0.0088","https://kim-marie-borger.com/hochzeiten/bielefeld/","0.6483","https://kim-marie-borger.com/hochzeiten/bielefeld/","0.9633","https://kim-marie-borger.com/hochzeiten/bielefeld/","0.9839","https://kim-marie-borger.com/taufen/moers/","0.4264","Answer|BreadcrumbList|City|ContactPoint|FAQPage|ListItem|Occupation|Offer|Person|Question|WebPage|WebSite"
"P3","improve-copy","medium","hochzeiten","hochzeitsmusik","Monheim am Rhein","monheim-am-rhein","Hochzeitsmusik Monheim am Rhein","https://kim-marie-borger.com/hochzeiten/monheim-am-rhein/","92","84","1267","330","25","10","Hochzeitsmusik Monheim am Rhein | Viola für Trauung","51","true","Hochzeitsmusik in Monheim am Rhein, die eure Trauung persönlich trägt.","1","true","134","true","true","true","true","true","false","true","77","31","7","false","0.0087","https://kim-marie-borger.com/hochzeiten/bottrop/","0.6076","https://kim-marie-borger.com/hochzeiten/dormagen/","0.946","https://kim-marie-borger.com/hochzeiten/bottrop/","0.9762","https://kim-marie-borger.com/taufen/monheim-am-rhein/","0.4394","Answer|BreadcrumbList|City|ContactPoint|FAQPage|ListItem|Occupation|Offer|Person|Question|WebPage|WebSite"
"P3","improve-copy","medium","hochzeiten","hochzeitsmusik","Mülheim an der Ruhr","muelheim-an-der-ruhr","Hochzeitsmusik Mülheim an der Ruhr","https://kim-marie-borger.com/hochzeiten/muelheim-an-der-ruhr/","92","84","1288","331","25","10","Hochzeitsmusik Mülheim an der Ruhr | Viola für Trauung","54","true","Hochzeitsmusik in Mülheim an der Ruhr, die eure Trauung persönlich trägt.","1","true","140","true","true","true","true","true","false","true","77","31","7","false","0.0086","https://kim-marie-borger.com/hochzeiten/muenster/","0.6157","https://kim-marie-borger.com/hochzeiten/aachen/","0.9256","https://kim-marie-borger.com/hochzeiten/aachen/","0.9751","https://kim-marie-borger.com/taufen/muelheim-an-der-ruhr/","0.4256","Answer|BreadcrumbList|City|ContactPoint|FAQPage|ListItem|Occupation|Offer|Person|Question|WebPage|WebSite"
"P3","ready","high","hochzeiten","hochzeitsmusik","Münster","muenster","Hochzeitsmusik Münster","https://kim-marie-borger.com/hochzeiten/muenster/","92","84","1201","330","25","10","Hochzeitsmusik Münster | Viola für Trauung","42","true","Hochzeitsmusik in Münster, die eure Trauung persönlich trägt.","1","true","116","true","true","true","true","true","false","true","77","31","7","false","0.0088","https://kim-marie-borger.com/hochzeiten/aachen/","0.6313","https://kim-marie-borger.com/hochzeiten/aachen/","0.9592","https://kim-marie-borger.com/hochzeiten/aachen/","0.98","https://kim-marie-borger.com/taufen/muenster/","0.4264","Answer|BreadcrumbList|City|ContactPoint|FAQPage|ListItem|Occupation|Offer|Person|Question|WebPage|WebSite"
"P2","priority-rewrite","high","hochzeiten","hochzeitsmusik","Neuss","neuss","Hochzeitsmusik Neuss","https://kim-marie-borger.com/hochzeiten/neuss/","100","75","1060","324","24","10","Hochzeitsmusik Neuss | Viola für Trauung","40","true","Hochzeitsmusik in Neuss: konkret geplant nach Ort und Ablauf.","1","true","124","true","true","true","true","true","false","true","77","31","96","true","0.0082","https://kim-marie-borger.com/hochzeiten/moenchengladbach/","0.6434","https://kim-marie-borger.com/hochzeiten/duisburg/","0.9234","https://kim-marie-borger.com/hochzeiten/duisburg/","0.9479","https://kim-marie-borger.com/firmenfeiern/neuss/","0.4092","Answer|BreadcrumbList|City|ContactPoint|FAQPage|ListItem|Occupation|Offer|Person|Question|WebPage|WebSite"
"P3","ready","low","hochzeiten","hochzeitsmusik","Nordrhein-Westfalen","nordrhein-westfalen","Hochzeitsmusik Nordrhein-Westfalen","https://kim-marie-borger.com/hochzeiten/nordrhein-westfalen/","92","100","1212","332","28","10","Hochzeitsmusik Nordrhein-Westfalen | Viola für Trauung","54","true","Hochzeitsmusik in Nordrhein-Westfalen, die eure Trauung persönlich trägt.","1","true","140","true","true","true","true","true","false","true","77","31","7","false","0.0086","https://kim-marie-borger.com/hochzeiten/ruhrgebiet/","0.4486","https://kim-marie-borger.com/hochzeiten/ruhrgebiet/","0.841","https://kim-marie-borger.com/hochzeiten/bergisches-land/","0.8918","https://kim-marie-borger.com/taufen/nordrhein-westfalen/","0.4594","AdministrativeArea|Answer|BreadcrumbList|ContactPoint|FAQPage|ListItem|Occupation|Offer|Person|Question|WebPage|WebSite"
"P3","ready","high","hochzeiten","hochzeitsmusik","Oberhausen","oberhausen","Hochzeitsmusik Oberhausen","https://kim-marie-borger.com/hochzeiten/oberhausen/","92","84","1222","328","30","10","Hochzeitsmusik Oberhausen | Viola für Trauung","45","true","Hochzeitsmusik in Oberhausen, die eure Trauung persönlich trägt.","1","true","122","true","true","true","true","true","false","true","77","31","7","false","0.0088","https://kim-marie-borger.com/hochzeiten/bottrop/","0.6209","https://kim-marie-borger.com/hochzeiten/paderborn/","0.9558","https://kim-marie-borger.com/hochzeiten/bottrop/","0.9783","https://kim-marie-borger.com/taufen/oberhausen/","0.443","Answer|BreadcrumbList|City|ContactPoint|FAQPage|ListItem|Occupation|Offer|Person|Question|WebPage|WebSite"
"P3","ready","high","hochzeiten","hochzeitsmusik","Paderborn","paderborn","Hochzeitsmusik Paderborn","https://kim-marie-borger.com/hochzeiten/paderborn/","92","84","1222","329","25","10","Hochzeitsmusik Paderborn | Viola für Trauung","44","true","Hochzeitsmusik in Paderborn, die eure Trauung persönlich trägt.","1","true","120","true","true","true","true","true","false","true","77","31","7","false","0.0088","https://kim-marie-borger.com/hochzeiten/aachen/","0.6233","https://kim-marie-borger.com/hochzeiten/oberhausen/","0.9558","https://kim-marie-borger.com/hochzeiten/oberhausen/","0.9762","https://kim-marie-borger.com/taufen/paderborn/","0.4281","Answer|BreadcrumbList|City|ContactPoint|FAQPage|ListItem|Occupation|Offer|Person|Question|WebPage|WebSite"
"P2","priority-rewrite","high","hochzeiten","hochzeitsmusik","Ratingen","ratingen","Hochzeitsmusik Ratingen","https://kim-marie-borger.com/hochzeiten/ratingen/","100","75","1040","323","21","10","Hochzeitsmusik Ratingen | Viola für Trauung","43","true","Hochzeitsmusik in Ratingen: konkret geplant nach Ort und Ablauf.","1","true","130","true","true","true","true","true","false","true","77","31","96","true","0.0083","https://kim-marie-borger.com/hochzeiten/hilden/","0.6631","https://kim-marie-borger.com/hochzeiten/moenchengladbach/","0.9518","https://kim-marie-borger.com/hochzeiten/moenchengladbach/","0.9721","https://kim-marie-borger.com/firmenfeiern/ratingen/","0.4059","Answer|BreadcrumbList|City|ContactPoint|FAQPage|ListItem|Occupation|Offer|Person|Question|WebPage|WebSite"
"P3","improve-copy","medium","hochzeiten","hochzeitsmusik","Recklinghausen","recklinghausen","Hochzeitsmusik Recklinghausen","https://kim-marie-borger.com/hochzeiten/recklinghausen/","92","84","1228","328","25","10","Hochzeitsmusik Recklinghausen | Viola für Trauung","49","true","Hochzeitsmusik in Recklinghausen, die eure Trauung persönlich trägt.","1","true","130","true","true","true","true","true","false","true","77","31","7","false","0.0088","https://kim-marie-borger.com/hochzeiten/bottrop/","0.5998","https://kim-marie-borger.com/hochzeiten/bottrop/","0.9488","https://kim-marie-borger.com/hochzeiten/monheim-am-rhein/","0.9758","https://kim-marie-borger.com/taufen/recklinghausen/","0.4384","Answer|BreadcrumbList|City|ContactPoint|FAQPage|ListItem|Occupation|Offer|Person|Question|WebPage|WebSite"
"P2","priority-rewrite","high","hochzeiten","hochzeitsmusik","Remscheid","remscheid","Hochzeitsmusik Remscheid","https://kim-marie-borger.com/hochzeiten/remscheid/","92","75","1042","330","21","10","Hochzeitsmusik Remscheid | Viola für Trauung","44","true","Hochzeitsmusik in Remscheid: konkret geplant nach Ort und Ablauf.","1","true","132","true","true","true","true","true","false","true","77","31","8","false","0.0082","https://kim-marie-borger.com/hochzeiten/erkrath/","0.6605","https://kim-marie-borger.com/hochzeiten/solingen/","0.9367","https://kim-marie-borger.com/hochzeiten/solingen/","0.9568","https://kim-marie-borger.com/firmenfeiern/remscheid/","0.4085","Answer|BreadcrumbList|City|ContactPoint|FAQPage|ListItem|Occupation|Offer|Person|Question|WebPage|WebSite"
"P3","ready","low","hochzeiten","hochzeitsmusik","Rhein-Kreis Neuss","rhein-kreis-neuss","Hochzeitsmusik Rhein-Kreis Neuss","https://kim-marie-borger.com/hochzeiten/rhein-kreis-neuss/","92","94","1242","343","31","10","Hochzeitsmusik Rhein-Kreis Neuss | Viola für Trauung","52","true","Hochzeitsmusik im Rhein-Kreis Neuss, die eure Trauung persönlich trägt.","1","true","136","true","true","true","true","true","false","true","77","31","7","false","0.0084","https://kim-marie-borger.com/hochzeiten/kreis-mettmann/","0.5089","https://kim-marie-borger.com/hochzeiten/kreis-mettmann/","0.9061","https://kim-marie-borger.com/hochzeiten/kreis-mettmann/","0.9637","https://kim-marie-borger.com/taufen/rhein-kreis-neuss/","0.4876","AdministrativeArea|Answer|BreadcrumbList|ContactPoint|FAQPage|ListItem|Occupation|Offer|Person|Question|WebPage|WebSite"
"P3","improve-copy","medium","hochzeiten","hochzeitsmusik","Rhein-Ruhr","rhein-ruhr","Hochzeitsmusik Rhein-Ruhr","https://kim-marie-borger.com/hochzeiten/rhein-ruhr/","92","94","1284","329","29","10","Hochzeitsmusik Rhein-Ruhr | Viola für Trauung","45","true","Hochzeitsmusik in der Region Rhein-Ruhr, die eure Trauung persönlich trägt.","1","true","133","true","true","true","true","true","false","true","77","31","50","false","0.0085","https://kim-marie-borger.com/hochzeiten/rheinland/","0.5461","https://kim-marie-borger.com/hochzeiten/rheinland/","0.8955","https://kim-marie-borger.com/hochzeiten/rheinland/","0.9355","https://kim-marie-borger.com/taufen/rhein-ruhr/","0.4565","Answer|BreadcrumbList|ContactPoint|FAQPage|ListItem|Occupation|Offer|Person|Place|Question|WebPage|WebSite"
"P3","improve-copy","medium","hochzeiten","hochzeitsmusik","Rheinland","rheinland","Hochzeitsmusik Rheinland","https://kim-marie-borger.com/hochzeiten/rheinland/","92","84","1197","338","30","10","Hochzeitsmusik Rheinland | Viola für Trauung","44","true","Hochzeitsmusik im Rheinland, die eure Trauung persönlich trägt.","1","true","120","true","true","true","true","true","false","true","77","31","51","false","0.0087","https://kim-marie-borger.com/hochzeiten/ruhrgebiet/","0.5785","https://kim-marie-borger.com/hochzeiten/ruhrgebiet/","0.9156","https://kim-marie-borger.com/hochzeiten/bergisches-land/","0.9648","https://kim-marie-borger.com/taufen/rheinland/","0.4818","Answer|BreadcrumbList|ContactPoint|FAQPage|ListItem|Occupation|Offer|Person|Place|Question|WebPage|WebSite"
"P3","improve-copy","medium","hochzeiten","hochzeitsmusik","Ruhrgebiet","ruhrgebiet","Hochzeitsmusik Ruhrgebiet","https://kim-marie-borger.com/hochzeiten/ruhrgebiet/","92","84","1199","342","30","10","Hochzeitsmusik Ruhrgebiet | Viola für Trauung","45","true","Hochzeitsmusik im Ruhrgebiet, die eure Trauung persönlich trägt.","1","true","122","true","true","true","true","true","false","true","77","31","7","false","0.0087","https://kim-marie-borger.com/hochzeiten/bergisches-land/","0.5911","https://kim-marie-borger.com/hochzeiten/bergisches-land/","0.9339","https://kim-marie-borger.com/hochzeiten/bergisches-land/","0.9933","https://kim-marie-borger.com/taufen/ruhrgebiet/","0.4675","Answer|BreadcrumbList|ContactPoint|FAQPage|ListItem|Occupation|Offer|Person|Place|Question|WebPage|WebSite"
"P3","ready","high","hochzeiten","hochzeitsmusik","Siegen","siegen","Hochzeitsmusik Siegen","https://kim-marie-borger.com/hochzeiten/siegen/","92","84","1225","330","25","10","Hochzeitsmusik Siegen | Viola für Trauung","41","true","Hochzeitsmusik in Siegen, die eure Trauung persönlich trägt.","1","true","114","true","true","true","true","true","false","true","77","31","7","false","0.0087","https://kim-marie-borger.com/hochzeiten/aachen/","0.6244","https://kim-marie-borger.com/hochzeiten/aachen/","0.9455","https://kim-marie-borger.com/hochzeiten/muelheim-an-der-ruhr/","0.9713","https://kim-marie-borger.com/taufen/siegen/","0.4323","Answer|BreadcrumbList|City|ContactPoint|FAQPage|ListItem|Occupation|Offer|Person|Question|WebPage|WebSite"
"P2","priority-rewrite","high","hochzeiten","hochzeitsmusik","Solingen","solingen","Hochzeitsmusik Solingen","https://kim-marie-borger.com/hochzeiten/solingen/","92","75","1044","328","21","10","Hochzeitsmusik Solingen | Viola für Trauung","43","true","Hochzeitsmusik in Solingen: konkret geplant nach Ort und Ablauf.","1","true","130","true","true","true","true","true","false","true","77","31","8","false","0.0082","https://kim-marie-borger.com/hochzeiten/mettmann/","0.6662","https://kim-marie-borger.com/hochzeiten/remscheid/","0.9367","https://kim-marie-borger.com/hochzeiten/remscheid/","0.9568","https://kim-marie-borger.com/firmenfeiern/solingen/","0.4092","Answer|BreadcrumbList|City|ContactPoint|FAQPage|ListItem|Occupation|Offer|Person|Question|WebPage|WebSite"
"P3","ready","high","hochzeiten","hochzeitsmusik","Unna","unna","Hochzeitsmusik Unna","https://kim-marie-borger.com/hochzeiten/unna/","92","75","1216","332","25","10","Hochzeitsmusik Unna | Viola für Trauung","39","true","Hochzeitsmusik in Unna, die eure Trauung persönlich trägt.","1","true","110","true","true","true","true","true","false","true","77","31","7","false","0.0088","https://kim-marie-borger.com/hochzeiten/moers/","0.6483","https://kim-marie-borger.com/hochzeiten/moers/","0.9633","https://kim-marie-borger.com/hochzeiten/moers/","0.9839","https://kim-marie-borger.com/taufen/unna/","0.4283","Answer|BreadcrumbList|City|ContactPoint|FAQPage|ListItem|Occupation|Offer|Person|Question|WebPage|WebSite"
"P3","ready","high","hochzeiten","hochzeitsmusik","Velbert","velbert","Hochzeitsmusik Velbert","https://kim-marie-borger.com/hochzeiten/velbert/","92","84","1217","329","25","10","Hochzeitsmusik Velbert | Viola für Trauung","42","true","Hochzeitsmusik in Velbert, die eure Trauung persönlich trägt.","1","true","116","true","true","true","true","true","false","true","77","31","7","false","0.0088","https://kim-marie-borger.com/hochzeiten/bottrop/","0.6224","https://kim-marie-borger.com/hochzeiten/bottrop/","0.9556","https://kim-marie-borger.com/hochzeiten/bottrop/","0.9762","https://kim-marie-borger.com/taufen/velbert/","0.4418","Answer|BreadcrumbList|City|ContactPoint|FAQPage|ListItem|Occupation|Offer|Person|Question|WebPage|WebSite"
"P3","ready","high","hochzeiten","hochzeitsmusik","Wülfrath","wuelfrath","Hochzeitsmusik Wülfrath","https://kim-marie-borger.com/hochzeiten/wuelfrath/","92","84","1201","330","25","10","Hochzeitsmusik Wülfrath | Viola für Trauung","43","true","Hochzeitsmusik in Wülfrath, die eure Trauung persönlich trägt.","1","true","118","true","true","true","true","true","false","true","77","31","7","false","0.0088","https://kim-marie-borger.com/hochzeiten/heiligenhaus/","0.6353","https://kim-marie-borger.com/hochzeiten/heiligenhaus/","0.9592","https://kim-marie-borger.com/hochzeiten/heiligenhaus/","0.99","https://kim-marie-borger.com/taufen/wuelfrath/","0.4264","Answer|BreadcrumbList|City|ContactPoint|FAQPage|ListItem|Occupation|Offer|Person|Question|WebPage|WebSite"
"P1","ready","low","hochzeiten","hochzeitsmusik","Wuppertal","wuppertal","Hochzeitsmusik Wuppertal","https://kim-marie-borger.com/hochzeiten/wuppertal/","100","100","1038","342","14","6","Hochzeitsmusik Wuppertal | Viola für Trauung","44","true","Hochzeitsmusik in Wuppertal für euren besonderen Moment.","1","true","132","true","true","true","true","true","false","true","75","29","98","true","0.0091","https://kim-marie-borger.com/hochzeiten/duesseldorf/","0.4747","https://kim-marie-borger.com/hochzeiten/koeln/","0.8454","https://kim-marie-borger.com/hochzeiten/koeln/","0.8593","https://kim-marie-borger.com/firmenfeiern/wuppertal/","0.2995","Answer|BreadcrumbList|City|ContactPoint|FAQPage|ListItem|Occupation|Offer|Person|Question|WebPage|WebSite"
"P3","improve-copy","medium","konzerte","viola-konzert","Aachen","aachen","Viola Konzert Aachen","https://kim-marie-borger.com/konzerte/aachen/","92","84","1036","320","23","8","Viola Konzert Aachen | Viola für Events","39","true","Viola Konzert in Aachen für einen Raum, der wirklich zuhört.","1","true","117","true","true","true","true","true","false","true","74","30","5","false","0.0125","https://kim-marie-borger.com/konzerte/bottrop/","0.5957","https://kim-marie-borger.com/konzerte/muenster/","0.9575","https://kim-marie-borger.com/konzerte/muenster/","0.9797","https://kim-marie-borger.com/geburtstage/aachen/","0.3802","Answer|BreadcrumbList|City|ContactPoint|FAQPage|ListItem|Occupation|Offer|Person|Question|WebPage|WebSite"
"P3","improve-copy","medium","konzerte","viola-konzert","Bergisch Gladbach","bergisch-gladbach","Viola Konzert Bergisch Gladbach","https://kim-marie-borger.com/konzerte/bergisch-gladbach/","92","84","1063","321","23","8","Viola Konzert Bergisch Gladbach | Viola für Events","50","true","Viola Konzert in Bergisch Gladbach für einen Raum, der wirklich zuhört.","1","true","139","true","true","true","true","true","false","true","74","30","6","false","0.0122","https://kim-marie-borger.com/konzerte/unna/","0.5836","https://kim-marie-borger.com/konzerte/unna/","0.9434","https://kim-marie-borger.com/konzerte/unna/","0.9798","https://kim-marie-borger.com/firmenfeiern/bergisch-gladbach/","0.3821","Answer|BreadcrumbList|City|ContactPoint|FAQPage|ListItem|Occupation|Offer|Person|Question|WebPage|WebSite"
"P3","improve-copy","medium","konzerte","viola-konzert","Bergisches Land","bergisches-land","Viola Konzert Bergisches Land","https://kim-marie-borger.com/konzerte/bergisches-land/","92","94","1059","331","28","8","Viola Konzert Bergisches Land | Viola für Events","48","true","Viola Konzert im Bergischen Land für einen Raum, der wirklich zuhört.","1","true","135","true","true","true","true","true","false","true","74","30","16","false","0.0119","https://kim-marie-borger.com/konzerte/ruhrgebiet/","0.5489","https://kim-marie-borger.com/konzerte/ruhrgebiet/","0.9275","https://kim-marie-borger.com/konzerte/ruhrgebiet/","0.9923","https://kim-marie-borger.com/firmenfeiern/bergisches-land/","0.424","Answer|BreadcrumbList|ContactPoint|FAQPage|ListItem|Occupation|Offer|Person|Place|Question|WebPage|WebSite"
"P3","improve-copy","medium","konzerte","viola-konzert","Bielefeld","bielefeld","Viola Konzert Bielefeld","https://kim-marie-borger.com/konzerte/bielefeld/","92","84","1040","321","23","8","Viola Konzert Bielefeld | Viola für Events","42","true","Viola Konzert in Bielefeld für einen Raum, der wirklich zuhört.","1","true","123","true","true","true","true","true","false","true","74","30","5","false","0.0125","https://kim-marie-borger.com/konzerte/unna/","0.6108","https://kim-marie-borger.com/konzerte/recklinghausen/","0.9615","https://kim-marie-borger.com/konzerte/recklinghausen/","0.9836","https://kim-marie-borger.com/firmenfeiern/bielefeld/","0.3783","Answer|BreadcrumbList|City|ContactPoint|FAQPage|ListItem|Occupation|Offer|Person|Question|WebPage|WebSite"
"P2","priority-rewrite","high","konzerte","viola-konzert","Bochum","bochum","Viola Konzert Bochum","https://kim-marie-borger.com/konzerte/bochum/","92","84","927","312","20","10","Viola Konzert Bochum | Viola für Events","39","true","Viola Konzert in Bochum: konkret geplant nach Ort und Ablauf.","1","true","136","true","true","true","true","true","false","true","74","30","5","false","0.0105","https://kim-marie-borger.com/konzerte/moenchengladbach/","0.6237","https://kim-marie-borger.com/konzerte/essen/","0.9267","https://kim-marie-borger.com/konzerte/essen/","0.9483","https://kim-marie-borger.com/firmenfeiern/bochum/","0.3154","Answer|BreadcrumbList|City|ContactPoint|FAQPage|ListItem|Occupation|Offer|Person|Question|WebPage|WebSite"
"P3","improve-copy","medium","konzerte","viola-konzert","Bonn","bonn","Viola Konzert Bonn","https://kim-marie-borger.com/konzerte/bonn/","92","84","1040","321","23","8","Viola Konzert Bonn | Viola für Events","37","true","Viola Konzert in Bonn für einen Raum, der wirklich zuhört.","1","true","113","true","true","true","true","true","false","true","74","30","5","false","0.0125","https://kim-marie-borger.com/konzerte/recklinghausen/","0.5965","https://kim-marie-borger.com/konzerte/recklinghausen/","0.9518","https://kim-marie-borger.com/konzerte/recklinghausen/","0.974","https://kim-marie-borger.com/firmenfeiern/bonn/","0.377","Answer|BreadcrumbList|City|ContactPoint|FAQPage|ListItem|Occupation|Offer|Person|Question|WebPage|WebSite"
"P3","improve-copy","medium","konzerte","viola-konzert","Bottrop","bottrop","Viola Konzert Bottrop","https://kim-marie-borger.com/konzerte/bottrop/","92","84","1036","320","23","8","Viola Konzert Bottrop | Viola für Events","40","true","Viola Konzert in Bottrop für einen Raum, der wirklich zuhört.","1","true","119","true","true","true","true","true","false","true","74","30","5","false","0.0125","https://kim-marie-borger.com/konzerte/hagen/","0.6","https://kim-marie-borger.com/konzerte/hagen/","0.9575","https://kim-marie-borger.com/konzerte/haan/","0.9797","https://kim-marie-borger.com/geburtstage/bottrop/","0.3802","Answer|BreadcrumbList|City|ContactPoint|FAQPage|ListItem|Occupation|Offer|Person|Question|WebPage|WebSite"
"P3","improve-copy","medium","konzerte","viola-konzert","Dormagen","dormagen","Viola Konzert Dormagen","https://kim-marie-borger.com/konzerte/dormagen/","92","84","1036","317","23","8","Viola Konzert Dormagen | Viola für Events","41","true","Viola Konzert in Dormagen für einen Raum, der wirklich zuhört.","1","true","121","true","true","true","true","true","false","true","74","30","5","false","0.0126","https://kim-marie-borger.com/konzerte/heiligenhaus/","0.586","https://kim-marie-borger.com/konzerte/heiligenhaus/","0.9537","https://kim-marie-borger.com/konzerte/heiligenhaus/","0.9759","https://kim-marie-borger.com/geburtstage/dormagen/","0.3936","Answer|BreadcrumbList|City|ContactPoint|FAQPage|ListItem|Occupation|Offer|Person|Question|WebPage|WebSite"
"P2","priority-rewrite","high","konzerte","viola-konzert","Dortmund","dortmund","Viola Konzert Dortmund","https://kim-marie-borger.com/konzerte/dortmund/","100","84","918","312","20","10","Viola Konzert Dortmund | Viola für Events","41","true","Viola Konzert in Dortmund: konkret geplant nach Ort und Ablauf.","1","true","140","true","true","true","true","true","false","true","74","30","61","true","0.0117","https://kim-marie-borger.com/konzerte/essen/","0.6262","https://kim-marie-borger.com/konzerte/moenchengladbach/","0.9338","https://kim-marie-borger.com/konzerte/moenchengladbach/","0.9557","https://kim-marie-borger.com/firmenfeiern/dortmund/","0.3169","Answer|BreadcrumbList|City|ContactPoint|FAQPage|ListItem|Occupation|Offer|Person|Question|WebPage|WebSite"
"P1","ready","low","konzerte","viola-konzert","Düsseldorf","duesseldorf","Viola Konzert Düsseldorf","https://kim-marie-borger.com/konzerte/duesseldorf/","100","94","850","296","13","8","Viola Konzert Düsseldorf | Viola für Events","43","true","Viola-Konzert in Düsseldorf für Kulturabend, Lesung oder Vernissage.","1","true","144","true","true","true","true","true","false","true","72","28","64","true","0.0122","https://kim-marie-borger.com/konzerte/wuppertal/","0.5077","https://kim-marie-borger.com/konzerte/wuppertal/","0.8704","https://kim-marie-borger.com/konzerte/wuppertal/","0.8856","https://kim-marie-borger.com/firmenfeiern/duesseldorf/","0.2505","Answer|BreadcrumbList|City|ContactPoint|FAQPage|ListItem|Occupation|Offer|Person|Question|WebPage|WebSite"
"P2","priority-rewrite","high","konzerte","viola-konzert","Duisburg","duisburg","Viola Konzert Duisburg","https://kim-marie-borger.com/konzerte/duisburg/","100","84","925","310","20","10","Viola Konzert Duisburg | Viola für Events","41","true","Viola Konzert in Duisburg: konkret geplant nach Ort und Ablauf.","1","true","140","true","true","true","true","true","false","true","74","30","61","true","0.0116","https://kim-marie-borger.com/konzerte/moenchengladbach/","0.6211","https://kim-marie-borger.com/konzerte/moenchengladbach/","0.9302","https://kim-marie-borger.com/konzerte/moenchengladbach/","0.952","https://kim-marie-borger.com/firmenfeiern/duisburg/","0.3176","Answer|BreadcrumbList|City|ContactPoint|FAQPage|ListItem|Occupation|Offer|Person|Question|WebPage|WebSite"
"P2","priority-rewrite","high","konzerte","viola-konzert","Erkrath","erkrath","Viola Konzert Erkrath","https://kim-marie-borger.com/konzerte/erkrath/","92","84","916","307","23","10","Viola Konzert Erkrath | Viola für Events","40","true","Viola Konzert in Erkrath: konkret geplant nach Ort und Ablauf.","1","true","138","true","true","true","true","true","false","true","74","30","5","false","0.0105","https://kim-marie-borger.com/konzerte/remscheid/","0.6332","https://kim-marie-borger.com/konzerte/hilden/","0.9375","https://kim-marie-borger.com/konzerte/hilden/","0.9592","https://kim-marie-borger.com/firmenfeiern/erkrath/","0.3161","Answer|BreadcrumbList|City|ContactPoint|FAQPage|ListItem|Occupation|Offer|Person|Question|WebPage|WebSite"
"P2","priority-rewrite","high","konzerte","viola-konzert","Essen","essen","Viola Konzert Essen","https://kim-marie-borger.com/konzerte/essen/","100","84","929","311","20","10","Viola Konzert Essen | Viola für Events","38","true","Viola Konzert in Essen: konkret geplant nach Ort und Ablauf.","1","true","134","true","true","true","true","true","false","true","74","30","61","true","0.0117","https://kim-marie-borger.com/konzerte/dortmund/","0.6262","https://kim-marie-borger.com/konzerte/bochum/","0.9267","https://kim-marie-borger.com/konzerte/bochum/","0.9483","https://kim-marie-borger.com/firmenfeiern/essen/","0.3154","Answer|BreadcrumbList|City|ContactPoint|FAQPage|ListItem|Occupation|Offer|Person|Question|WebPage|WebSite"
"P3","improve-copy","medium","konzerte","viola-konzert","Gelsenkirchen","gelsenkirchen","Viola Konzert Gelsenkirchen","https://kim-marie-borger.com/konzerte/gelsenkirchen/","92","84","1047","321","23","8","Viola Konzert Gelsenkirchen | Viola für Events","46","true","Viola Konzert in Gelsenkirchen für einen Raum, der wirklich zuhört.","1","true","131","true","true","true","true","true","false","true","74","30","5","false","0.0124","https://kim-marie-borger.com/konzerte/recklinghausen/","0.5933","https://kim-marie-borger.com/konzerte/recklinghausen/","0.9486","https://kim-marie-borger.com/konzerte/muelheim-an-der-ruhr/","0.9756","https://kim-marie-borger.com/geburtstage/gelsenkirchen/","0.3792","Answer|BreadcrumbList|City|ContactPoint|FAQPage|ListItem|Occupation|Offer|Person|Question|WebPage|WebSite"
"P3","improve-copy","medium","konzerte","viola-konzert","Haan","haan","Viola Konzert Haan","https://kim-marie-borger.com/konzerte/haan/","92","84","1036","320","23","8","Viola Konzert Haan | Viola für Events","37","true","Viola Konzert in Haan für einen Raum, der wirklich zuhört.","1","true","113","true","true","true","true","true","false","true","74","30","5","false","0.0125","https://kim-marie-borger.com/konzerte/aachen/","0.5957","https://kim-marie-borger.com/konzerte/aachen/","0.9537","https://kim-marie-borger.com/konzerte/bottrop/","0.9797","https://kim-marie-borger.com/firmenfeiern/haan/","0.3789","Answer|BreadcrumbList|City|ContactPoint|FAQPage|ListItem|Occupation|Offer|Person|Question|WebPage|WebSite"
"P3","improve-copy","medium","konzerte","viola-konzert","Hagen","hagen","Viola Konzert Hagen","https://kim-marie-borger.com/konzerte/hagen/","92","84","1036","320","23","8","Viola Konzert Hagen | Viola für Events","38","true","Viola Konzert in Hagen für einen Raum, der wirklich zuhört.","1","true","115","true","true","true","true","true","false","true","74","30","5","false","0.0125","https://kim-marie-borger.com/konzerte/bottrop/","0.6","https://kim-marie-borger.com/konzerte/bottrop/","0.9575","https://kim-marie-borger.com/konzerte/bottrop/","0.9797","https://kim-marie-borger.com/firmenfeiern/hagen/","0.3793","Answer|BreadcrumbList|City|ContactPoint|FAQPage|ListItem|Occupation|Offer|Person|Question|WebPage|WebSite"
"P3","improve-copy","medium","konzerte","viola-konzert","Heiligenhaus","heiligenhaus","Viola Konzert Heiligenhaus","https://kim-marie-borger.com/konzerte/heiligenhaus/","92","84","1036","317","23","8","Viola Konzert Heiligenhaus | Viola für Events","45","true","Viola Konzert in Heiligenhaus für einen Raum, der wirklich zuhört.","1","true","129","true","true","true","true","true","false","true","74","30","5","false","0.0126","https://kim-marie-borger.com/konzerte/dormagen/","0.586","https://kim-marie-borger.com/konzerte/dormagen/","0.9537","https://kim-marie-borger.com/konzerte/langenfeld/","0.9894","https://kim-marie-borger.com/geburtstage/heiligenhaus/","0.3936","Answer|BreadcrumbList|City|ContactPoint|FAQPage|ListItem|Occupation|Offer|Person|Question|WebPage|WebSite"
"P3","improve-copy","medium","konzerte","viola-konzert","Herne","herne","Viola Konzert Herne","https://kim-marie-borger.com/konzerte/herne/","92","84","1057","319","23","8","Viola Konzert Herne | Viola für Events","38","true","Viola Konzert in Herne für einen Raum, der wirklich zuhört.","1","true","115","true","true","true","true","true","false","true","74","30","5","false","0.0124","https://kim-marie-borger.com/konzerte/dormagen/","0.5798","https://kim-marie-borger.com/konzerte/paderborn/","0.9461","https://kim-marie-borger.com/konzerte/heiligenhaus/","0.9699","https://kim-marie-borger.com/geburtstage/herne/","0.3975","Answer|BreadcrumbList|City|ContactPoint|FAQPage|ListItem|Occupation|Offer|Person|Question|WebPage|WebSite"
"P2","priority-rewrite","high","konzerte","viola-konzert","Hilden","hilden","Viola Konzert Hilden","https://kim-marie-borger.com/konzerte/hilden/","92","84","923","309","21","10","Viola Konzert Hilden | Viola für Events","39","true","Viola Konzert in Hilden: konkret geplant nach Ort und Ablauf.","1","true","136","true","true","true","true","true","false","true","74","30","5","false","0.0105","https://kim-marie-borger.com/konzerte/ratingen/","0.636","https://kim-marie-borger.com/konzerte/erkrath/","0.9375","https://kim-marie-borger.com/konzerte/erkrath/","0.9592","https://kim-marie-borger.com/firmenfeiern/hilden/","0.3169","Answer|BreadcrumbList|City|ContactPoint|FAQPage|ListItem|Occupation|Offer|Person|Question|WebPage|WebSite"
"P3","improve-copy","medium","konzerte","viola-konzert","Iserlohn","iserlohn","Viola Konzert Iserlohn","https://kim-marie-borger.com/konzerte/iserlohn/","92","84","1040","321","23","8","Viola Konzert Iserlohn | Viola für Events","41","true","Viola Konzert in Iserlohn für einen Raum, der wirklich zuhört.","1","true","121","true","true","true","true","true","false","true","74","30","5","false","0.0125","https://kim-marie-borger.com/konzerte/recklinghausen/","0.5965","https://kim-marie-borger.com/konzerte/recklinghausen/","0.9518","https://kim-marie-borger.com/konzerte/recklinghausen/","0.974","https://kim-marie-borger.com/firmenfeiern/iserlohn/","0.3783","Answer|BreadcrumbList|City|ContactPoint|FAQPage|ListItem|Occupation|Offer|Person|Question|WebPage|WebSite"
"P1","ready","low","konzerte","viola-konzert","Köln","koeln","Viola Konzert Köln","https://kim-marie-borger.com/konzerte/koeln/","100","94","820","289","12","7","Viola Konzert Köln | Viola für Events","37","true","Viola-Konzert in Köln — als Programm, nicht als Hintergrundrauschen.","1","true","132","true","true","true","true","true","false","true","72","28","64","true","0.0124","https://kim-marie-borger.com/konzerte/wuppertal/","0.5171","https://kim-marie-borger.com/konzerte/wuppertal/","0.8776","https://kim-marie-borger.com/konzerte/wuppertal/","0.8919","https://kim-marie-borger.com/firmenfeiern/koeln/","0.188","Answer|BreadcrumbList|City|ContactPoint|FAQPage|ListItem|Occupation|Offer|Person|Question|WebPage|WebSite"
"P3","improve-copy","medium","konzerte","viola-konzert","Krefeld","krefeld","Viola Konzert Krefeld","https://kim-marie-borger.com/konzerte/krefeld/","92","84","1036","317","23","8","Viola Konzert Krefeld | Viola für Events","40","true","Viola Konzert in Krefeld für einen Raum, der wirklich zuhört.","1","true","119","true","true","true","true","true","false","true","74","30","5","false","0.0126","https://kim-marie-borger.com/konzerte/dormagen/","0.586","https://kim-marie-borger.com/konzerte/dormagen/","0.9537","https://kim-marie-borger.com/konzerte/dormagen/","0.9759","https://kim-marie-borger.com/firmenfeiern/krefeld/","0.3797","Answer|BreadcrumbList|City|ContactPoint|FAQPage|ListItem|Occupation|Offer|Person|Question|WebPage|WebSite"
"P3","ready","low","konzerte","viola-konzert","Kreis Mettmann","kreis-mettmann","Viola Konzert Kreis Mettmann","https://kim-marie-borger.com/konzerte/kreis-mettmann/","92","100","1070","335","29","8","Viola Konzert Kreis Mettmann | Viola für Events","47","true","Viola Konzert im Kreis Mettmann für einen Raum, der wirklich zuhört.","1","true","133","true","true","true","true","true","false","true","74","30","22","false","0.0119","https://kim-marie-borger.com/konzerte/rhein-kreis-neuss/","0.4744","https://kim-marie-borger.com/konzerte/rhein-kreis-neuss/","0.8981","https://kim-marie-borger.com/konzerte/rhein-kreis-neuss/","0.9597","https://kim-marie-borger.com/firmenfeiern/kreis-mettmann/","0.4656","AdministrativeArea|Answer|BreadcrumbList|ContactPoint|FAQPage|ListItem|Occupation|Offer|Person|Question|WebPage|WebSite"
"P3","improve-copy","medium","konzerte","viola-konzert","Langenfeld","langenfeld","Viola Konzert Langenfeld","https://kim-marie-borger.com/konzerte/langenfeld/","92","84","1036","317","23","8","Viola Konzert Langenfeld | Viola für Events","43","true","Viola Konzert in Langenfeld für einen Raum, der wirklich zuhört.","1","true","125","true","true","true","true","true","false","true","74","30","5","false","0.0126","https://kim-marie-borger.com/konzerte/dormagen/","0.586","https://kim-marie-borger.com/konzerte/dormagen/","0.9537","https://kim-marie-borger.com/konzerte/heiligenhaus/","0.9894","https://kim-marie-borger.com/taufen/langenfeld/","0.3855","Answer|BreadcrumbList|City|ContactPoint|FAQPage|ListItem|Occupation|Offer|Person|Question|WebPage|WebSite"
"P2","priority-rewrite","high","konzerte","viola-konzert","Leverkusen","leverkusen","Viola Konzert Leverkusen","https://kim-marie-borger.com/konzerte/leverkusen/","92","84","914","308","20","10","Viola Konzert Leverkusen | Viola für Events","43","true","Viola Konzert in Leverkusen: konkret geplant nach Ort und Ablauf.","1","true","144","true","true","true","true","true","false","true","74","30","6","false","0.0105","https://kim-marie-borger.com/konzerte/solingen/","0.6361","https://kim-marie-borger.com/konzerte/erkrath/","0.9322","https://kim-marie-borger.com/konzerte/mettmann/","0.9602","https://kim-marie-borger.com/firmenfeiern/leverkusen/","0.3169","Answer|BreadcrumbList|City|ContactPoint|FAQPage|ListItem|Occupation|Offer|Person|Question|WebPage|WebSite"
"P3","improve-copy","medium","konzerte","viola-konzert","Meerbusch","meerbusch","Viola Konzert Meerbusch","https://kim-marie-borger.com/konzerte/meerbusch/","92","84","1036","317","23","8","Viola Konzert Meerbusch | Viola für Events","42","true","Viola Konzert in Meerbusch für einen Raum, der wirklich zuhört.","1","true","123","true","true","true","true","true","false","true","74","30","5","false","0.0126","https://kim-marie-borger.com/konzerte/dormagen/","0.586","https://kim-marie-borger.com/konzerte/dormagen/","0.9537","https://kim-marie-borger.com/konzerte/dormagen/","0.9759","https://kim-marie-borger.com/geburtstage/meerbusch/","0.3936","Answer|BreadcrumbList|City|ContactPoint|FAQPage|ListItem|Occupation|Offer|Person|Question|WebPage|WebSite"
"P2","priority-rewrite","high","konzerte","viola-konzert","Mettmann","mettmann","Viola Konzert Mettmann","https://kim-marie-borger.com/konzerte/mettmann/","92","84","924","309","24","10","Viola Konzert Mettmann | Viola für Events","41","true","Viola Konzert in Mettmann: konkret geplant nach Ort und Ablauf.","1","true","140","true","true","true","true","true","false","true","74","30","5","false","0.0104","https://kim-marie-borger.com/konzerte/solingen/","0.6348","https://kim-marie-borger.com/konzerte/moenchengladbach/","0.9318","https://kim-marie-borger.com/konzerte/leverkusen/","0.9602","https://kim-marie-borger.com/firmenfeiern/mettmann/","0.3199","Answer|BreadcrumbList|City|ContactPoint|FAQPage|ListItem|Occupation|Offer|Person|Question|WebPage|WebSite"
"P2","priority-rewrite","high","konzerte","viola-konzert","Mönchengladbach","moenchengladbach","Viola Konzert Mönchengladbach","https://kim-marie-borger.com/konzerte/moenchengladbach/","92","84","909","308","20","10","Viola Konzert Mönchengladbach | Viola für Events","48","true","Viola Konzert in Mönchengladbach: konkret geplant nach Ort und Ablauf.","1","true","154","true","true","true","true","true","false","true","74","30","5","false","0.0105","https://kim-marie-borger.com/konzerte/ratingen/","0.6311","https://kim-marie-borger.com/konzerte/ratingen/","0.9489","https://kim-marie-borger.com/konzerte/ratingen/","0.9709","https://kim-marie-borger.com/firmenfeiern/moenchengladbach/","0.3131","Answer|BreadcrumbList|City|ContactPoint|FAQPage|ListItem|Occupation|Offer|Person|Question|WebPage|WebSite"
"P3","improve-copy","medium","konzerte","viola-konzert","Moers","moers","Viola Konzert Moers","https://kim-marie-borger.com/konzerte/moers/","92","84","1036","317","23","8","Viola Konzert Moers | Viola für Events","38","true","Viola Konzert in Moers für einen Raum, der wirklich zuhört.","1","true","115","true","true","true","true","true","false","true","74","30","5","false","0.0126","https://kim-marie-borger.com/konzerte/dormagen/","0.586","https://kim-marie-borger.com/konzerte/dormagen/","0.9537","https://kim-marie-borger.com/konzerte/dormagen/","0.9759","https://kim-marie-borger.com/taufen/moers/","0.3872","Answer|BreadcrumbList|City|ContactPoint|FAQPage|ListItem|Occupation|Offer|Person|Question|WebPage|WebSite"
"P3","improve-copy","medium","konzerte","viola-konzert","Monheim am Rhein","monheim-am-rhein","Viola Konzert Monheim am Rhein","https://kim-marie-borger.com/konzerte/monheim-am-rhein/","92","94","1094","322","23","8","Viola Konzert Monheim am Rhein | Viola für Events","49","true","Viola Konzert in Monheim am Rhein für einen Raum, der wirklich zuhört.","1","true","137","true","true","true","true","true","false","true","74","30","5","false","0.0121","https://kim-marie-borger.com/konzerte/aachen/","0.5598","https://kim-marie-borger.com/konzerte/aachen/","0.9324","https://kim-marie-borger.com/konzerte/aachen/","0.975","https://kim-marie-borger.com/firmenfeiern/monheim-am-rhein/","0.3798","Answer|BreadcrumbList|City|ContactPoint|FAQPage|ListItem|Occupation|Offer|Person|Question|WebPage|WebSite"
"P3","improve-copy","medium","konzerte","viola-konzert","Mülheim an der Ruhr","muelheim-an-der-ruhr","Viola Konzert Mülheim an der Ruhr","https://kim-marie-borger.com/konzerte/muelheim-an-der-ruhr/","92","84","1115","322","23","8","Viola Konzert Mülheim an der Ruhr | Viola für Events","52","true","Viola Konzert in Mülheim an der Ruhr für einen Raum, der wirklich zuhört.","1","true","143","true","true","true","true","true","false","true","74","30","5","false","0.0121","https://kim-marie-borger.com/konzerte/recklinghausen/","0.5779","https://kim-marie-borger.com/konzerte/gelsenkirchen/","0.9232","https://kim-marie-borger.com/konzerte/gelsenkirchen/","0.9756","https://kim-marie-borger.com/firmenfeiern/muelheim-an-der-ruhr/","0.384","Answer|BreadcrumbList|City|ContactPoint|FAQPage|ListItem|Occupation|Offer|Person|Question|WebPage|WebSite"
"P3","improve-copy","medium","konzerte","viola-konzert","Münster","muenster","Viola Konzert Münster","https://kim-marie-borger.com/konzerte/muenster/","92","84","1036","320","23","8","Viola Konzert Münster | Viola für Events","40","true","Viola Konzert in Münster für einen Raum, der wirklich zuhört.","1","true","119","true","true","true","true","true","false","true","74","30","5","false","0.0125","https://kim-marie-borger.com/konzerte/aachen/","0.5957","https://kim-marie-borger.com/konzerte/aachen/","0.9575","https://kim-marie-borger.com/konzerte/aachen/","0.9797","https://kim-marie-borger.com/firmenfeiern/muenster/","0.3789","Answer|BreadcrumbList|City|ContactPoint|FAQPage|ListItem|Occupation|Offer|Person|Question|WebPage|WebSite"
"P2","priority-rewrite","high","konzerte","viola-konzert","Neuss","neuss","Viola Konzert Neuss","https://kim-marie-borger.com/konzerte/neuss/","100","84","928","306","23","10","Viola Konzert Neuss | Viola für Events","38","true","Viola Konzert in Neuss: konkret geplant nach Ort und Ablauf.","1","true","134","true","true","true","true","true","false","true","74","30","62","true","0.0117","https://kim-marie-borger.com/konzerte/moenchengladbach/","0.622","https://kim-marie-borger.com/konzerte/duisburg/","0.9239","https://kim-marie-borger.com/konzerte/duisburg/","0.9507","https://kim-marie-borger.com/firmenfeiern/neuss/","0.3169","Answer|BreadcrumbList|City|ContactPoint|FAQPage|ListItem|Occupation|Offer|Person|Question|WebPage|WebSite"
"P3","ready","low","konzerte","viola-konzert","Nordrhein-Westfalen","nordrhein-westfalen","Viola Konzert Nordrhein-Westfalen","https://kim-marie-borger.com/konzerte/nordrhein-westfalen/","92","100","1049","322","26","8","Viola Konzert Nordrhein-Westfalen | Viola für Events","52","true","Viola Konzert in Nordrhein-Westfalen für einen Raum, der wirklich zuhört.","1","true","143","true","true","true","true","true","false","true","74","30","5","false","0.0121","https://kim-marie-borger.com/konzerte/rhein-ruhr/","0.4043","https://kim-marie-borger.com/konzerte/rhein-ruhr/","0.8032","https://kim-marie-borger.com/konzerte/rhein-ruhr/","0.8563","https://kim-marie-borger.com/firmenfeiern/nordrhein-westfalen/","0.4233","AdministrativeArea|Answer|BreadcrumbList|ContactPoint|FAQPage|ListItem|Occupation|Offer|Person|Question|WebPage|WebSite"
"P3","improve-copy","medium","konzerte","viola-konzert","Oberhausen","oberhausen","Viola Konzert Oberhausen","https://kim-marie-borger.com/konzerte/oberhausen/","92","84","1040","320","27","8","Viola Konzert Oberhausen | Viola für Events","43","true","Viola Konzert in Oberhausen für einen Raum, der wirklich zuhört.","1","true","125","true","true","true","true","true","false","true","74","30","5","false","0.0125","https://kim-marie-borger.com/konzerte/aachen/","0.5941","https://kim-marie-borger.com/konzerte/aachen/","0.9518","https://kim-marie-borger.com/konzerte/bottrop/","0.9778","https://kim-marie-borger.com/firmenfeiern/oberhausen/","0.3791","Answer|BreadcrumbList|City|ContactPoint|FAQPage|ListItem|Occupation|Offer|Person|Question|WebPage|WebSite"
"P3","improve-copy","medium","konzerte","viola-konzert","Paderborn","paderborn","Viola Konzert Paderborn","https://kim-marie-borger.com/konzerte/paderborn/","92","84","1040","318","23","8","Viola Konzert Paderborn | Viola für Events","42","true","Viola Konzert in Paderborn für einen Raum, der wirklich zuhört.","1","true","123","true","true","true","true","true","false","true","74","30","5","false","0.0125","https://kim-marie-borger.com/konzerte/aachen/","0.5957","https://kim-marie-borger.com/konzerte/dormagen/","0.9518","https://kim-marie-borger.com/konzerte/dormagen/","0.974","https://kim-marie-borger.com/geburtstage/paderborn/","0.395","Answer|BreadcrumbList|City|ContactPoint|FAQPage|ListItem|Occupation|Offer|Person|Question|WebPage|WebSite"
"P2","priority-rewrite","high","konzerte","viola-konzert","Ratingen","ratingen","Viola Konzert Ratingen","https://kim-marie-borger.com/konzerte/ratingen/","100","84","910","306","20","10","Viola Konzert Ratingen | Viola für Events","41","true","Viola Konzert in Ratingen: konkret geplant nach Ort und Ablauf.","1","true","140","true","true","true","true","true","false","true","74","30","62","true","0.0105","https://kim-marie-borger.com/konzerte/hilden/","0.636","https://kim-marie-borger.com/konzerte/moenchengladbach/","0.9489","https://kim-marie-borger.com/konzerte/moenchengladbach/","0.9709","https://kim-marie-borger.com/firmenfeiern/ratingen/","0.3131","Answer|BreadcrumbList|City|ContactPoint|FAQPage|ListItem|Occupation|Offer|Person|Question|WebPage|WebSite"
"P3","improve-copy","medium","konzerte","viola-konzert","Recklinghausen","recklinghausen","Viola Konzert Recklinghausen","https://kim-marie-borger.com/konzerte/recklinghausen/","92","84","1036","320","23","8","Viola Konzert Recklinghausen | Viola für Events","47","true","Viola Konzert in Recklinghausen für einen Raum, der wirklich zuhört.","1","true","133","true","true","true","true","true","false","true","74","30","5","false","0.0125","https://kim-marie-borger.com/konzerte/bielefeld/","0.5965","https://kim-marie-borger.com/konzerte/bielefeld/","0.9615","https://kim-marie-borger.com/konzerte/unna/","0.9875","https://kim-marie-borger.com/firmenfeiern/recklinghausen/","0.3776","Answer|BreadcrumbList|City|ContactPoint|FAQPage|ListItem|Occupation|Offer|Person|Question|WebPage|WebSite"
"P2","priority-rewrite","high","konzerte","viola-konzert","Remscheid","remscheid","Viola Konzert Remscheid","https://kim-marie-borger.com/konzerte/remscheid/","92","84","913","309","20","10","Viola Konzert Remscheid | Viola für Events","42","true","Viola Konzert in Remscheid: konkret geplant nach Ort und Ablauf.","1","true","142","true","true","true","true","true","false","true","74","30","6","false","0.0105","https://kim-marie-borger.com/konzerte/erkrath/","0.6332","https://kim-marie-borger.com/konzerte/solingen/","0.9344","https://kim-marie-borger.com/konzerte/solingen/","0.9563","https://kim-marie-borger.com/firmenfeiern/remscheid/","0.3161","Answer|BreadcrumbList|City|ContactPoint|FAQPage|ListItem|Occupation|Offer|Person|Question|WebPage|WebSite"
"P3","ready","low","konzerte","viola-konzert","Rhein-Kreis Neuss","rhein-kreis-neuss","Viola Konzert Rhein-Kreis Neuss","https://kim-marie-borger.com/konzerte/rhein-kreis-neuss/","92","100","1099","336","29","8","Viola Konzert Rhein-Kreis Neuss | Viola für Events","50","true","Viola Konzert im Rhein-Kreis Neuss für einen Raum, der wirklich zuhört.","1","true","139","true","true","true","true","true","false","true","74","30","5","false","0.0116","https://kim-marie-borger.com/konzerte/kreis-mettmann/","0.4744","https://kim-marie-borger.com/konzerte/kreis-mettmann/","0.8981","https://kim-marie-borger.com/konzerte/kreis-mettmann/","0.9597","https://kim-marie-borger.com/firmenfeiern/rhein-kreis-neuss/","0.4573","AdministrativeArea|Answer|BreadcrumbList|ContactPoint|FAQPage|ListItem|Occupation|Offer|Person|Question|WebPage|WebSite"
"P3","ready","low","konzerte","viola-konzert","Rhein-Ruhr","rhein-ruhr","Viola Konzert Rhein-Ruhr","https://kim-marie-borger.com/konzerte/rhein-ruhr/","92","94","1105","316","27","8","Viola Konzert Rhein-Ruhr | Viola für Events","43","true","Viola Konzert in der Region Rhein-Ruhr für einen Raum, der wirklich zuhört.","1","true","136","true","true","true","true","true","false","true","74","30","16","false","0.012","https://kim-marie-borger.com/konzerte/rheinland/","0.5061","https://kim-marie-borger.com/konzerte/rheinland/","0.8894","https://kim-marie-borger.com/konzerte/rheinland/","0.9321","https://kim-marie-borger.com/taufen/rhein-ruhr/","0.4083","Answer|BreadcrumbList|ContactPoint|FAQPage|ListItem|Occupation|Offer|Person|Place|Question|WebPage|WebSite"
"P3","ready","low","konzerte","viola-konzert","Rheinland","rheinland","Viola Konzert Rheinland","https://kim-marie-borger.com/konzerte/rheinland/","92","94","1029","325","28","8","Viola Konzert Rheinland | Viola für Events","42","true","Viola Konzert im Rheinland für einen Raum, der wirklich zuhört.","1","true","123","true","true","true","true","true","false","true","74","30","17","false","0.0123","https://kim-marie-borger.com/konzerte/ruhrgebiet/","0.5385","https://kim-marie-borger.com/konzerte/ruhrgebiet/","0.91","https://kim-marie-borger.com/konzerte/bergisches-land/","0.964","https://kim-marie-borger.com/geburtstage/rheinland/","0.4353","Answer|BreadcrumbList|ContactPoint|FAQPage|ListItem|Occupation|Offer|Person|Place|Question|WebPage|WebSite"
"P3","improve-copy","medium","konzerte","viola-konzert","Ruhrgebiet","ruhrgebiet","Viola Konzert Ruhrgebiet","https://kim-marie-borger.com/konzerte/ruhrgebiet/","92","94","1037","330","28","8","Viola Konzert Ruhrgebiet | Viola für Events","43","true","Viola Konzert im Ruhrgebiet für einen Raum, der wirklich zuhört.","1","true","125","true","true","true","true","true","false","true","74","30","5","false","0.0122","https://kim-marie-borger.com/konzerte/bergisches-land/","0.5489","https://kim-marie-borger.com/konzerte/bergisches-land/","0.9275","https://kim-marie-borger.com/konzerte/bergisches-land/","0.9923","https://kim-marie-borger.com/geburtstage/ruhrgebiet/","0.4205","Answer|BreadcrumbList|ContactPoint|FAQPage|ListItem|Occupation|Offer|Person|Place|Question|WebPage|WebSite"
"P3","improve-copy","medium","konzerte","viola-konzert","Siegen","siegen","Viola Konzert Siegen","https://kim-marie-borger.com/konzerte/siegen/","92","84","1057","321","23","8","Viola Konzert Siegen | Viola für Events","39","true","Viola Konzert in Siegen für einen Raum, der wirklich zuhört.","1","true","117","true","true","true","true","true","false","true","74","30","5","false","0.0124","https://kim-marie-borger.com/konzerte/aachen/","0.5893","https://kim-marie-borger.com/konzerte/oberhausen/","0.9461","https://kim-marie-borger.com/konzerte/oberhausen/","0.968","https://kim-marie-borger.com/geburtstage/siegen/","0.3842","Answer|BreadcrumbList|City|ContactPoint|FAQPage|ListItem|Occupation|Offer|Person|Question|WebPage|WebSite"
"P2","priority-rewrite","high","konzerte","viola-konzert","Solingen","solingen","Viola Konzert Solingen","https://kim-marie-borger.com/konzerte/solingen/","92","84","917","311","20","10","Viola Konzert Solingen | Viola für Events","41","true","Viola Konzert in Solingen: konkret geplant nach Ort und Ablauf.","1","true","140","true","true","true","true","true","false","true","74","30","6","false","0.0105","https://kim-marie-borger.com/konzerte/leverkusen/","0.6361","https://kim-marie-borger.com/konzerte/remscheid/","0.9344","https://kim-marie-borger.com/konzerte/remscheid/","0.9563","https://kim-marie-borger.com/firmenfeiern/solingen/","0.3169","Answer|BreadcrumbList|City|ContactPoint|FAQPage|ListItem|Occupation|Offer|Person|Question|WebPage|WebSite"
"P3","improve-copy","medium","konzerte","viola-konzert","Unna","unna","Viola Konzert Unna","https://kim-marie-borger.com/konzerte/unna/","92","84","1040","320","23","8","Viola Konzert Unna | Viola für Events","37","true","Viola Konzert in Unna für einen Raum, der wirklich zuhört.","1","true","113","true","true","true","true","true","false","true","74","30","5","false","0.0125","https://kim-marie-borger.com/konzerte/bielefeld/","0.6108","https://kim-marie-borger.com/konzerte/recklinghausen/","0.9615","https://kim-marie-borger.com/konzerte/recklinghausen/","0.9875","https://kim-marie-borger.com/geburtstage/unna/","0.3779","Answer|BreadcrumbList|City|ContactPoint|FAQPage|ListItem|Occupation|Offer|Person|Question|WebPage|WebSite"
"P3","improve-copy","medium","konzerte","viola-konzert","Velbert","velbert","Viola Konzert Velbert","https://kim-marie-borger.com/konzerte/velbert/","92","84","1036","320","23","8","Viola Konzert Velbert | Viola für Events","40","true","Viola Konzert in Velbert für einen Raum, der wirklich zuhört.","1","true","119","true","true","true","true","true","false","true","74","30","5","false","0.0125","https://kim-marie-borger.com/konzerte/aachen/","0.5957","https://kim-marie-borger.com/konzerte/wuelfrath/","0.9614","https://kim-marie-borger.com/konzerte/wuelfrath/","0.9797","https://kim-marie-borger.com/geburtstage/velbert/","0.3802","Answer|BreadcrumbList|City|ContactPoint|FAQPage|ListItem|Occupation|Offer|Person|Question|WebPage|WebSite"
"P3","improve-copy","medium","konzerte","viola-konzert","Wülfrath","wuelfrath","Viola Konzert Wülfrath","https://kim-marie-borger.com/konzerte/wuelfrath/","92","84","1036","320","23","8","Viola Konzert Wülfrath | Viola für Events","41","true","Viola Konzert in Wülfrath für einen Raum, der wirklich zuhört.","1","true","121","true","true","true","true","true","false","true","74","30","5","false","0.0125","https://kim-marie-borger.com/konzerte/aachen/","0.5957","https://kim-marie-borger.com/konzerte/velbert/","0.9614","https://kim-marie-borger.com/konzerte/bottrop/","0.9797","https://kim-marie-borger.com/firmenfeiern/wuelfrath/","0.3793","Answer|BreadcrumbList|City|ContactPoint|FAQPage|ListItem|Occupation|Offer|Person|Question|WebPage|WebSite"
"P1","ready","low","konzerte","viola-konzert","Wuppertal","wuppertal","Viola Konzert Wuppertal","https://kim-marie-borger.com/konzerte/wuppertal/","100","94","855","304","14","7","Viola Konzert Wuppertal | Viola für Events","42","true","Viola-Konzert in Wuppertal mit einem Programm für Raum und Publikum.","1","true","142","true","true","true","true","true","false","true","72","28","123","true","0.0121","https://kim-marie-borger.com/konzerte/koeln/","0.5171","https://kim-marie-borger.com/konzerte/koeln/","0.8776","https://kim-marie-borger.com/konzerte/koeln/","0.8919","https://kim-marie-borger.com/firmenfeiern/wuppertal/","0.2364","Answer|BreadcrumbList|City|ContactPoint|FAQPage|ListItem|Occupation|Offer|Person|Question|WebPage|WebSite"
"P3","ready","high","taufen","taufmusik","Aachen","aachen","Taufmusik Aachen","https://kim-marie-borger.com/taufen/aachen/","92","84","1162","341","23","8","Taufmusik Aachen | Viola zur Taufe","34","true","Taufmusik in Aachen für einen warmen, ruhigen Anfang.","1","true","97","true","true","true","true","true","false","true","74","30","5","false","0.0084","https://kim-marie-borger.com/taufen/moers/","0.6313","https://kim-marie-borger.com/taufen/moers/","0.9656","https://kim-marie-borger.com/taufen/moers/","0.9854","https://kim-marie-borger.com/firmenfeiern/aachen/","0.4495","Answer|BreadcrumbList|City|ContactPoint|FAQPage|ListItem|Occupation|Offer|Person|Question|WebPage|WebSite"
"P3","improve-copy","medium","taufen","taufmusik","Bergisch Gladbach","bergisch-gladbach","Taufmusik Bergisch Gladbach","https://kim-marie-borger.com/taufen/bergisch-gladbach/","92","84","1202","344","23","8","Taufmusik Bergisch Gladbach | Viola zur Taufe","45","true","Taufmusik in Bergisch Gladbach für einen warmen, ruhigen Anfang.","1","true","119","true","true","true","true","true","false","true","74","30","6","false","0.0082","https://kim-marie-borger.com/taufen/unna/","0.6114","https://kim-marie-borger.com/taufen/unna/","0.9467","https://kim-marie-borger.com/taufen/unna/","0.9796","https://kim-marie-borger.com/firmenfeiern/bergisch-gladbach/","0.4501","Answer|BreadcrumbList|City|ContactPoint|FAQPage|ListItem|Occupation|Offer|Person|Question|WebPage|WebSite"
"P3","improve-copy","medium","taufen","taufmusik","Bergisches Land","bergisches-land","Taufmusik Bergisches Land","https://kim-marie-borger.com/taufen/bergisches-land/","92","84","1169","353","28","8","Taufmusik Bergisches Land | Viola zur Taufe","43","true","Taufmusik im Bergischen Land für einen warmen, ruhigen Anfang.","1","true","115","true","true","true","true","true","false","true","74","30","25","false","0.0081","https://kim-marie-borger.com/taufen/rheinland/","0.5736","https://kim-marie-borger.com/taufen/rheinland/","0.9367","https://kim-marie-borger.com/taufen/rheinland/","0.9974","https://kim-marie-borger.com/firmenfeiern/bergisches-land/","0.5016","Answer|BreadcrumbList|ContactPoint|FAQPage|ListItem|Occupation|Offer|Person|Place|Question|WebPage|WebSite"
"P3","ready","high","taufen","taufmusik","Bielefeld","bielefeld","Taufmusik Bielefeld","https://kim-marie-borger.com/taufen/bielefeld/","92","84","1179","344","23","8","Taufmusik Bielefeld | Viola zur Taufe","37","true","Taufmusik in Bielefeld für einen warmen, ruhigen Anfang.","1","true","103","true","true","true","true","true","false","true","74","30","5","false","0.0084","https://kim-marie-borger.com/taufen/unna/","0.6398","https://kim-marie-borger.com/taufen/unna/","0.9618","https://kim-marie-borger.com/taufen/unna/","0.9813","https://kim-marie-borger.com/firmenfeiern/bielefeld/","0.4497","Answer|BreadcrumbList|City|ContactPoint|FAQPage|ListItem|Occupation|Offer|Person|Question|WebPage|WebSite"
"P2","priority-rewrite","high","taufen","taufmusik","Bochum","bochum","Taufmusik Bochum","https://kim-marie-borger.com/taufen/bochum/","92","84","1035","341","20","9","Taufmusik Bochum | Viola zur Taufe","34","true","Taufmusik in Bochum: konkret geplant nach Ort und Ablauf.","1","true","126","true","true","true","true","true","false","true","74","30","5","false","0.0077","https://kim-marie-borger.com/taufen/moenchengladbach/","0.634","https://kim-marie-borger.com/taufen/essen/","0.9286","https://kim-marie-borger.com/taufen/essen/","0.9479","https://kim-marie-borger.com/firmenfeiern/bochum/","0.4064","Answer|BreadcrumbList|City|ContactPoint|FAQPage|ListItem|Occupation|Offer|Person|Question|WebPage|WebSite"
"P3","ready","high","taufen","taufmusik","Bonn","bonn","Taufmusik Bonn","https://kim-marie-borger.com/taufen/bonn/","92","84","1179","344","23","8","Taufmusik Bonn | Viola zur Taufe","32","true","Taufmusik in Bonn für einen warmen, ruhigen Anfang.","1","true","93","true","true","true","true","true","false","true","74","30","5","false","0.0084","https://kim-marie-borger.com/taufen/muenster/","0.6242","https://kim-marie-borger.com/taufen/muenster/","0.9537","https://kim-marie-borger.com/taufen/muenster/","0.9732","https://kim-marie-borger.com/firmenfeiern/bonn/","0.4482","Answer|BreadcrumbList|City|ContactPoint|FAQPage|ListItem|Occupation|Offer|Person|Question|WebPage|WebSite"
"P3","ready","high","taufen","taufmusik","Bottrop","bottrop","Taufmusik Bottrop","https://kim-marie-borger.com/taufen/bottrop/","92","84","1162","341","23","8","Taufmusik Bottrop | Viola zur Taufe","35","true","Taufmusik in Bottrop für einen warmen, ruhigen Anfang.","1","true","99","true","true","true","true","true","false","true","74","30","5","false","0.0084","https://kim-marie-borger.com/taufen/recklinghausen/","0.6211","https://kim-marie-borger.com/taufen/recklinghausen/","0.9596","https://kim-marie-borger.com/taufen/heiligenhaus/","0.9793","https://kim-marie-borger.com/firmenfeiern/bottrop/","0.4615","Answer|BreadcrumbList|City|ContactPoint|FAQPage|ListItem|Occupation|Offer|Person|Question|WebPage|WebSite"
"P3","ready","high","taufen","taufmusik","Dormagen","dormagen","Taufmusik Dormagen","https://kim-marie-borger.com/taufen/dormagen/","92","84","1164","345","23","8","Taufmusik Dormagen | Viola zur Taufe","36","true","Taufmusik in Dormagen für einen warmen, ruhigen Anfang.","1","true","101","true","true","true","true","true","false","true","74","30","5","false","0.0084","https://kim-marie-borger.com/taufen/haan/","0.6214","https://kim-marie-borger.com/taufen/haan/","0.9553","https://kim-marie-borger.com/taufen/haan/","0.9751","https://kim-marie-borger.com/firmenfeiern/dormagen/","0.446","Answer|BreadcrumbList|City|ContactPoint|FAQPage|ListItem|Occupation|Offer|Person|Question|WebPage|WebSite"
"P2","priority-rewrite","high","taufen","taufmusik","Dortmund","dortmund","Taufmusik Dortmund","https://kim-marie-borger.com/taufen/dortmund/","100","84","1029","341","20","9","Taufmusik Dortmund | Viola zur Taufe","36","true","Taufmusik in Dortmund: konkret geplant nach Ort und Ablauf.","1","true","130","true","true","true","true","true","false","true","74","30","70","true","0.0076","https://kim-marie-borger.com/taufen/essen/","0.6386","https://kim-marie-borger.com/taufen/moenchengladbach/","0.9326","https://kim-marie-borger.com/taufen/moenchengladbach/","0.9521","https://kim-marie-borger.com/firmenfeiern/dortmund/","0.4077","Answer|BreadcrumbList|City|ContactPoint|FAQPage|ListItem|Occupation|Offer|Person|Question|WebPage|WebSite"
"P1","ready","low","taufen","taufmusik","Düsseldorf","duesseldorf","Taufmusik Düsseldorf","https://kim-marie-borger.com/taufen/duesseldorf/","100","98","973","332","15","6","Taufmusik Düsseldorf | Viola zur Taufe","38","true","Taufmusik in Düsseldorf für Gottesdienst und Familienfeier.","1","true","134","true","true","true","true","true","false","true","72","28","141","true","0.0079","https://kim-marie-borger.com/taufen/koeln/","0.5259","https://kim-marie-borger.com/taufen/wuppertal/","0.8766","https://kim-marie-borger.com/taufen/wuppertal/","0.8909","https://kim-marie-borger.com/firmenfeiern/duesseldorf/","0.3076","Answer|BreadcrumbList|City|ContactPoint|FAQPage|ListItem|Occupation|Offer|Person|Question|WebPage|WebSite"
"P2","priority-rewrite","high","taufen","taufmusik","Duisburg","duisburg","Taufmusik Duisburg","https://kim-marie-borger.com/taufen/duisburg/","100","84","1039","339","20","9","Taufmusik Duisburg | Viola zur Taufe","36","true","Taufmusik in Duisburg: konkret geplant nach Ort und Ablauf.","1","true","130","true","true","true","true","true","false","true","74","30","70","true","0.0076","https://kim-marie-borger.com/taufen/erkrath/","0.6325","https://kim-marie-borger.com/taufen/moenchengladbach/","0.9271","https://kim-marie-borger.com/taufen/neuss/","0.947","https://kim-marie-borger.com/firmenfeiern/duisburg/","0.4084","Answer|BreadcrumbList|City|ContactPoint|FAQPage|ListItem|Occupation|Offer|Person|Question|WebPage|WebSite"
"P2","priority-rewrite","high","taufen","taufmusik","Erkrath","erkrath","Taufmusik Erkrath","https://kim-marie-borger.com/taufen/erkrath/","92","75","1026","335","23","9","Taufmusik Erkrath | Viola zur Taufe","35","true","Taufmusik in Erkrath: konkret geplant nach Ort und Ablauf.","1","true","128","true","true","true","true","true","false","true","74","30","5","false","0.0076","https://kim-marie-borger.com/taufen/remscheid/","0.6496","https://kim-marie-borger.com/taufen/ratingen/","0.9399","https://kim-marie-borger.com/taufen/ratingen/","0.9599","https://kim-marie-borger.com/firmenfeiern/erkrath/","0.407","Answer|BreadcrumbList|City|ContactPoint|FAQPage|ListItem|Occupation|Offer|Person|Question|WebPage|WebSite"
"P2","priority-rewrite","high","taufen","taufmusik","Essen","essen","Taufmusik Essen","https://kim-marie-borger.com/taufen/essen/","100","75","1039","339","20","9","Taufmusik Essen | Viola zur Taufe","33","true","Taufmusik in Essen: konkret geplant nach Ort und Ablauf.","1","true","124","true","true","true","true","true","false","true","74","30","70","true","0.0077","https://kim-marie-borger.com/taufen/leverkusen/","0.6408","https://kim-marie-borger.com/taufen/bochum/","0.9286","https://kim-marie-borger.com/taufen/bochum/","0.9479","https://kim-marie-borger.com/firmenfeiern/essen/","0.4064","Answer|BreadcrumbList|City|ContactPoint|FAQPage|ListItem|Occupation|Offer|Person|Question|WebPage|WebSite"
"P3","improve-copy","medium","taufen","taufmusik","Gelsenkirchen","gelsenkirchen","Taufmusik Gelsenkirchen","https://kim-marie-borger.com/taufen/gelsenkirchen/","92","84","1176","346","23","8","Taufmusik Gelsenkirchen | Viola zur Taufe","41","true","Taufmusik in Gelsenkirchen für einen warmen, ruhigen Anfang.","1","true","111","true","true","true","true","true","false","true","74","30","5","false","0.0083","https://kim-marie-borger.com/taufen/dormagen/","0.6168","https://kim-marie-borger.com/taufen/paderborn/","0.9527","https://kim-marie-borger.com/taufen/paderborn/","0.9723","https://kim-marie-borger.com/firmenfeiern/gelsenkirchen/","0.4481","Answer|BreadcrumbList|City|ContactPoint|FAQPage|ListItem|Occupation|Offer|Person|Question|WebPage|WebSite"
"P3","ready","high","taufen","taufmusik","Haan","haan","Taufmusik Haan","https://kim-marie-borger.com/taufen/haan/","92","84","1164","345","23","8","Taufmusik Haan | Viola zur Taufe","32","true","Taufmusik in Haan für einen warmen, ruhigen Anfang.","1","true","93","true","true","true","true","true","false","true","74","30","5","false","0.0084","https://kim-marie-borger.com/taufen/dormagen/","0.6214","https://kim-marie-borger.com/taufen/dormagen/","0.9553","https://kim-marie-borger.com/taufen/hagen/","0.9794","https://kim-marie-borger.com/firmenfeiern/haan/","0.447","Answer|BreadcrumbList|City|ContactPoint|FAQPage|ListItem|Occupation|Offer|Person|Question|WebPage|WebSite"
"P3","ready","high","taufen","taufmusik","Hagen","hagen","Taufmusik Hagen","https://kim-marie-borger.com/taufen/hagen/","92","84","1164","345","23","8","Taufmusik Hagen | Viola zur Taufe","33","true","Taufmusik in Hagen für einen warmen, ruhigen Anfang.","1","true","95","true","true","true","true","true","false","true","74","30","5","false","0.0084","https://kim-marie-borger.com/taufen/dormagen/","0.6214","https://kim-marie-borger.com/taufen/dormagen/","0.9553","https://kim-marie-borger.com/taufen/haan/","0.9794","https://kim-marie-borger.com/firmenfeiern/hagen/","0.4475","Answer|BreadcrumbList|City|ContactPoint|FAQPage|ListItem|Occupation|Offer|Person|Question|WebPage|WebSite"
"P3","improve-copy","medium","taufen","taufmusik","Heiligenhaus","heiligenhaus","Taufmusik Heiligenhaus","https://kim-marie-borger.com/taufen/heiligenhaus/","92","84","1162","341","23","8","Taufmusik Heiligenhaus | Viola zur Taufe","40","true","Taufmusik in Heiligenhaus für einen warmen, ruhigen Anfang.","1","true","109","true","true","true","true","true","false","true","74","30","5","false","0.0084","https://kim-marie-borger.com/taufen/aachen/","0.615","https://kim-marie-borger.com/taufen/velbert/","0.9596","https://kim-marie-borger.com/taufen/bottrop/","0.9793","https://kim-marie-borger.com/firmenfeiern/heiligenhaus/","0.4615","Answer|BreadcrumbList|City|ContactPoint|FAQPage|ListItem|Occupation|Offer|Person|Question|WebPage|WebSite"
"P3","improve-copy","medium","taufen","taufmusik","Herne","herne","Taufmusik Herne","https://kim-marie-borger.com/taufen/herne/","92","84","1186","343","23","8","Taufmusik Herne | Viola zur Taufe","33","true","Taufmusik in Herne für einen warmen, ruhigen Anfang.","1","true","95","true","true","true","true","true","false","true","74","30","5","false","0.0084","https://kim-marie-borger.com/taufen/aachen/","0.6082","https://kim-marie-borger.com/taufen/oberhausen/","0.9477","https://kim-marie-borger.com/taufen/oberhausen/","0.9715","https://kim-marie-borger.com/firmenfeiern/herne/","0.4512","Answer|BreadcrumbList|City|ContactPoint|FAQPage|ListItem|Occupation|Offer|Person|Question|WebPage|WebSite"
"P2","priority-rewrite","high","taufen","taufmusik","Hilden","hilden","Taufmusik Hilden","https://kim-marie-borger.com/taufen/hilden/","92","75","1031","335","21","9","Taufmusik Hilden | Viola zur Taufe","34","true","Taufmusik in Hilden: konkret geplant nach Ort und Ablauf.","1","true","126","true","true","true","true","true","false","true","74","30","5","false","0.0076","https://kim-marie-borger.com/taufen/ratingen/","0.6522","https://kim-marie-borger.com/taufen/erkrath/","0.9383","https://kim-marie-borger.com/taufen/erkrath/","0.9577","https://kim-marie-borger.com/firmenfeiern/hilden/","0.4077","Answer|BreadcrumbList|City|ContactPoint|FAQPage|ListItem|Occupation|Offer|Person|Question|WebPage|WebSite"
"P3","improve-copy","medium","taufen","taufmusik","Iserlohn","iserlohn","Taufmusik Iserlohn","https://kim-marie-borger.com/taufen/iserlohn/","92","84","1167","342","23","8","Taufmusik Iserlohn | Viola zur Taufe","36","true","Taufmusik in Iserlohn für einen warmen, ruhigen Anfang.","1","true","101","true","true","true","true","true","false","true","74","30","5","false","0.0084","https://kim-marie-borger.com/taufen/aachen/","0.6135","https://kim-marie-borger.com/taufen/aachen/","0.9532","https://kim-marie-borger.com/taufen/aachen/","0.9729","https://kim-marie-borger.com/firmenfeiern/iserlohn/","0.4642","Answer|BreadcrumbList|City|ContactPoint|FAQPage|ListItem|Occupation|Offer|Person|Question|WebPage|WebSite"
"P1","ready","low","taufen","taufmusik","Köln","koeln","Taufmusik Köln","https://kim-marie-borger.com/taufen/koeln/","100","98","935","313","13","6","Taufmusik Köln | Viola zur Taufe","32","true","Taufmusik in Köln — sanft, persönlich und gut abgestimmt.","1","true","122","true","true","true","true","true","false","true","72","28","73","true","0.008","https://kim-marie-borger.com/taufen/wuppertal/","0.5264","https://kim-marie-borger.com/taufen/wuppertal/","0.8867","https://kim-marie-borger.com/taufen/wuppertal/","0.9013","https://kim-marie-borger.com/firmenfeiern/koeln/","0.2398","Answer|BreadcrumbList|City|ContactPoint|FAQPage|ListItem|Occupation|Offer|Person|Question|WebPage|WebSite"
"P3","ready","high","taufen","taufmusik","Krefeld","krefeld","Taufmusik Krefeld","https://kim-marie-borger.com/taufen/krefeld/","92","84","1164","345","23","8","Taufmusik Krefeld | Viola zur Taufe","35","true","Taufmusik in Krefeld für einen warmen, ruhigen Anfang.","1","true","99","true","true","true","true","true","false","true","74","30","5","false","0.0084","https://kim-marie-borger.com/taufen/dormagen/","0.6214","https://kim-marie-borger.com/taufen/dormagen/","0.9553","https://kim-marie-borger.com/taufen/dormagen/","0.9751","https://kim-marie-borger.com/firmenfeiern/krefeld/","0.447","Answer|BreadcrumbList|City|ContactPoint|FAQPage|ListItem|Occupation|Offer|Person|Question|WebPage|WebSite"
"P3","ready","low","taufen","taufmusik","Kreis Mettmann","kreis-mettmann","Taufmusik Kreis Mettmann","https://kim-marie-borger.com/taufen/kreis-mettmann/","92","94","1171","362","29","8","Taufmusik Kreis Mettmann | Viola zur Taufe","42","true","Taufmusik im Kreis Mettmann für einen warmen, ruhigen Anfang.","1","true","113","true","true","true","true","true","false","true","74","30","31","false","0.008","https://kim-marie-borger.com/taufen/rhein-kreis-neuss/","0.5043","https://kim-marie-borger.com/taufen/rhein-kreis-neuss/","0.9038","https://kim-marie-borger.com/taufen/rhein-kreis-neuss/","0.9608","https://kim-marie-borger.com/firmenfeiern/kreis-mettmann/","0.5152","AdministrativeArea|Answer|BreadcrumbList|ContactPoint|FAQPage|ListItem|Occupation|Offer|Person|Question|WebPage|WebSite"
"P3","improve-copy","medium","taufen","taufmusik","Langenfeld","langenfeld","Taufmusik Langenfeld","https://kim-marie-borger.com/taufen/langenfeld/","92","84","1177","340","23","8","Taufmusik Langenfeld | Viola zur Taufe","38","true","Taufmusik in Langenfeld für einen warmen, ruhigen Anfang.","1","true","105","true","true","true","true","true","false","true","74","30","5","false","0.0084","https://kim-marie-borger.com/taufen/aachen/","0.5863","https://kim-marie-borger.com/taufen/aachen/","0.9431","https://kim-marie-borger.com/taufen/heiligenhaus/","0.9773","https://kim-marie-borger.com/firmenfeiern/langenfeld/","0.4475","Answer|BreadcrumbList|City|ContactPoint|FAQPage|ListItem|Occupation|Offer|Person|Question|WebPage|WebSite"
"P2","priority-rewrite","high","taufen","taufmusik","Leverkusen","leverkusen","Taufmusik Leverkusen","https://kim-marie-borger.com/taufen/leverkusen/","92","75","1023","334","20","9","Taufmusik Leverkusen | Viola zur Taufe","38","true","Taufmusik in Leverkusen: konkret geplant nach Ort und Ablauf.","1","true","134","true","true","true","true","true","false","true","74","30","6","false","0.0076","https://kim-marie-borger.com/taufen/solingen/","0.6545","https://kim-marie-borger.com/taufen/erkrath/","0.9331","https://kim-marie-borger.com/taufen/mettmann/","0.9596","https://kim-marie-borger.com/firmenfeiern/leverkusen/","0.4077","Answer|BreadcrumbList|City|ContactPoint|FAQPage|ListItem|Occupation|Offer|Person|Question|WebPage|WebSite"
"P3","ready","high","taufen","taufmusik","Meerbusch","meerbusch","Taufmusik Meerbusch","https://kim-marie-borger.com/taufen/meerbusch/","92","84","1164","345","23","8","Taufmusik Meerbusch | Viola zur Taufe","37","true","Taufmusik in Meerbusch für einen warmen, ruhigen Anfang.","1","true","103","true","true","true","true","true","false","true","74","30","5","false","0.0084","https://kim-marie-borger.com/taufen/dormagen/","0.6214","https://kim-marie-borger.com/taufen/dormagen/","0.9553","https://kim-marie-borger.com/taufen/dormagen/","0.9751","https://kim-marie-borger.com/firmenfeiern/meerbusch/","0.447","Answer|BreadcrumbList|City|ContactPoint|FAQPage|ListItem|Occupation|Offer|Person|Question|WebPage|WebSite"
"P2","priority-rewrite","high","taufen","taufmusik","Mettmann","mettmann","Taufmusik Mettmann","https://kim-marie-borger.com/taufen/mettmann/","92","75","1035","338","24","9","Taufmusik Mettmann | Viola zur Taufe","36","true","Taufmusik in Mettmann: konkret geplant nach Ort und Ablauf.","1","true","130","true","true","true","true","true","false","true","74","30","5","false","0.0076","https://kim-marie-borger.com/taufen/solingen/","0.6555","https://kim-marie-borger.com/taufen/leverkusen/","0.9329","https://kim-marie-borger.com/taufen/leverkusen/","0.9596","https://kim-marie-borger.com/firmenfeiern/mettmann/","0.4104","Answer|BreadcrumbList|City|ContactPoint|FAQPage|ListItem|Occupation|Offer|Person|Question|WebPage|WebSite"
"P2","priority-rewrite","high","taufen","taufmusik","Mönchengladbach","moenchengladbach","Taufmusik Mönchengladbach","https://kim-marie-borger.com/taufen/moenchengladbach/","92","75","1019","338","20","9","Taufmusik Mönchengladbach | Viola zur Taufe","43","true","Taufmusik in Mönchengladbach: konkret geplant nach Ort und Ablauf.","1","true","144","true","true","true","true","true","false","true","74","30","5","false","0.0077","https://kim-marie-borger.com/taufen/ratingen/","0.6432","https://kim-marie-borger.com/taufen/ratingen/","0.952","https://kim-marie-borger.com/taufen/ratingen/","0.9716","https://kim-marie-borger.com/firmenfeiern/moenchengladbach/","0.4043","Answer|BreadcrumbList|City|ContactPoint|FAQPage|ListItem|Occupation|Offer|Person|Question|WebPage|WebSite"
"P3","ready","high","taufen","taufmusik","Moers","moers","Taufmusik Moers","https://kim-marie-borger.com/taufen/moers/","92","84","1162","341","23","8","Taufmusik Moers | Viola zur Taufe","33","true","Taufmusik in Moers für einen warmen, ruhigen Anfang.","1","true","95","true","true","true","true","true","false","true","74","30","5","false","0.0084","https://kim-marie-borger.com/taufen/aachen/","0.6313","https://kim-marie-borger.com/taufen/aachen/","0.9656","https://kim-marie-borger.com/taufen/aachen/","0.9854","https://kim-marie-borger.com/firmenfeiern/moers/","0.4495","Answer|BreadcrumbList|City|ContactPoint|FAQPage|ListItem|Occupation|Offer|Person|Question|WebPage|WebSite"
"P3","improve-copy","medium","taufen","taufmusik","Monheim am Rhein","monheim-am-rhein","Taufmusik Monheim am Rhein","https://kim-marie-borger.com/taufen/monheim-am-rhein/","92","84","1208","342","23","8","Taufmusik Monheim am Rhein | Viola zur Taufe","44","true","Taufmusik in Monheim am Rhein für einen warmen, ruhigen Anfang.","1","true","117","true","true","true","true","true","false","true","74","30","5","false","0.0082","https://kim-marie-borger.com/taufen/aachen/","0.615","https://kim-marie-borger.com/taufen/aachen/","0.9468","https://kim-marie-borger.com/taufen/aachen/","0.9854","https://kim-marie-borger.com/firmenfeiern/monheim-am-rhein/","0.4514","Answer|BreadcrumbList|City|ContactPoint|FAQPage|ListItem|Occupation|Offer|Person|Question|WebPage|WebSite"
"P3","improve-copy","medium","taufen","taufmusik","Mülheim an der Ruhr","muelheim-an-der-ruhr","Taufmusik Mülheim an der Ruhr","https://kim-marie-borger.com/taufen/muelheim-an-der-ruhr/","92","84","1255","345","23","8","Taufmusik Mülheim an der Ruhr | Viola zur Taufe","47","true","Taufmusik in Mülheim an der Ruhr für einen warmen, ruhigen Anfang.","1","true","123","true","true","true","true","true","false","true","74","30","5","false","0.0082","https://kim-marie-borger.com/taufen/muenster/","0.6092","https://kim-marie-borger.com/taufen/muenster/","0.928","https://kim-marie-borger.com/taufen/muenster/","0.9746","https://kim-marie-borger.com/firmenfeiern/muelheim-an-der-ruhr/","0.4529","Answer|BreadcrumbList|City|ContactPoint|FAQPage|ListItem|Occupation|Offer|Person|Question|WebPage|WebSite"
"P3","ready","high","taufen","taufmusik","Münster","muenster","Taufmusik Münster","https://kim-marie-borger.com/taufen/muenster/","92","84","1174","343","23","8","Taufmusik Münster | Viola zur Taufe","35","true","Taufmusik in Münster für einen warmen, ruhigen Anfang.","1","true","99","true","true","true","true","true","false","true","74","30","5","false","0.0084","https://kim-marie-borger.com/taufen/wuelfrath/","0.625","https://kim-marie-borger.com/taufen/bielefeld/","0.9579","https://kim-marie-borger.com/taufen/bielefeld/","0.9775","https://kim-marie-borger.com/firmenfeiern/muenster/","0.4475","Answer|BreadcrumbList|City|ContactPoint|FAQPage|ListItem|Occupation|Offer|Person|Question|WebPage|WebSite"
"P2","priority-rewrite","high","taufen","taufmusik","Neuss","neuss","Taufmusik Neuss","https://kim-marie-borger.com/taufen/neuss/","100","84","1041","334","23","9","Taufmusik Neuss | Viola zur Taufe","33","true","Taufmusik in Neuss: konkret geplant nach Ort und Ablauf.","1","true","124","true","true","true","true","true","false","true","74","30","71","true","0.0076","https://kim-marie-borger.com/taufen/moenchengladbach/","0.6324","https://kim-marie-borger.com/taufen/duisburg/","0.9231","https://kim-marie-borger.com/taufen/duisburg/","0.947","https://kim-marie-borger.com/firmenfeiern/neuss/","0.4077","Answer|BreadcrumbList|City|ContactPoint|FAQPage|ListItem|Occupation|Offer|Person|Question|WebPage|WebSite"
"P3","ready","low","taufen","taufmusik","Nordrhein-Westfalen","nordrhein-westfalen","Taufmusik Nordrhein-Westfalen","https://kim-marie-borger.com/taufen/nordrhein-westfalen/","92","100","1159","343","26","8","Taufmusik Nordrhein-Westfalen | Viola zur Taufe","47","true","Taufmusik in Nordrhein-Westfalen für einen warmen, ruhigen Anfang.","1","true","123","true","true","true","true","true","false","true","74","30","5","false","0.0082","https://kim-marie-borger.com/taufen/rhein-ruhr/","0.4444","https://kim-marie-borger.com/taufen/rhein-ruhr/","0.8461","https://kim-marie-borger.com/taufen/rhein-ruhr/","0.8965","https://kim-marie-borger.com/firmenfeiern/nordrhein-westfalen/","0.5017","AdministrativeArea|Answer|BreadcrumbList|ContactPoint|FAQPage|ListItem|Occupation|Offer|Person|Question|WebPage|WebSite"
"P3","improve-copy","medium","taufen","taufmusik","Oberhausen","oberhausen","Taufmusik Oberhausen","https://kim-marie-borger.com/taufen/oberhausen/","92","84","1167","341","28","8","Taufmusik Oberhausen | Viola zur Taufe","38","true","Taufmusik in Oberhausen für einen warmen, ruhigen Anfang.","1","true","105","true","true","true","true","true","false","true","74","30","5","false","0.0084","https://kim-marie-borger.com/taufen/aachen/","0.6135","https://kim-marie-borger.com/taufen/aachen/","0.9532","https://kim-marie-borger.com/taufen/bottrop/","0.9772","https://kim-marie-borger.com/firmenfeiern/oberhausen/","0.4496","Answer|BreadcrumbList|City|ContactPoint|FAQPage|ListItem|Occupation|Offer|Person|Question|WebPage|WebSite"
"P3","improve-copy","medium","taufen","taufmusik","Paderborn","paderborn","Taufmusik Paderborn","https://kim-marie-borger.com/taufen/paderborn/","92","84","1169","346","23","8","Taufmusik Paderborn | Viola zur Taufe","37","true","Taufmusik in Paderborn für einen warmen, ruhigen Anfang.","1","true","103","true","true","true","true","true","false","true","74","30","5","false","0.0084","https://kim-marie-borger.com/taufen/dormagen/","0.6199","https://kim-marie-borger.com/taufen/dormagen/","0.9533","https://kim-marie-borger.com/taufen/dormagen/","0.973","https://kim-marie-borger.com/firmenfeiern/paderborn/","0.4471","Answer|BreadcrumbList|City|ContactPoint|FAQPage|ListItem|Occupation|Offer|Person|Question|WebPage|WebSite"
"P2","priority-rewrite","high","taufen","taufmusik","Ratingen","ratingen","Taufmusik Ratingen","https://kim-marie-borger.com/taufen/ratingen/","100","75","1021","334","20","9","Taufmusik Ratingen | Viola zur Taufe","36","true","Taufmusik in Ratingen: konkret geplant nach Ort und Ablauf.","1","true","130","true","true","true","true","true","false","true","74","30","71","true","0.0077","https://kim-marie-borger.com/taufen/hilden/","0.6522","https://kim-marie-borger.com/taufen/moenchengladbach/","0.952","https://kim-marie-borger.com/taufen/moenchengladbach/","0.9716","https://kim-marie-borger.com/firmenfeiern/ratingen/","0.4043","Answer|BreadcrumbList|City|ContactPoint|FAQPage|ListItem|Occupation|Offer|Person|Question|WebPage|WebSite"
"P3","ready","high","taufen","taufmusik","Recklinghausen","recklinghausen","Taufmusik Recklinghausen","https://kim-marie-borger.com/taufen/recklinghausen/","92","84","1162","341","23","8","Taufmusik Recklinghausen | Viola zur Taufe","42","true","Taufmusik in Recklinghausen für einen warmen, ruhigen Anfang.","1","true","113","true","true","true","true","true","false","true","74","30","5","false","0.0084","https://kim-marie-borger.com/taufen/bottrop/","0.6211","https://kim-marie-borger.com/taufen/aachen/","0.9656","https://kim-marie-borger.com/taufen/aachen/","0.9854","https://kim-marie-borger.com/firmenfeiern/recklinghausen/","0.4495","Answer|BreadcrumbList|City|ContactPoint|FAQPage|ListItem|Occupation|Offer|Person|Question|WebPage|WebSite"
"P2","priority-rewrite","high","taufen","taufmusik","Remscheid","remscheid","Taufmusik Remscheid","https://kim-marie-borger.com/taufen/remscheid/","92","75","1023","338","20","9","Taufmusik Remscheid | Viola zur Taufe","37","true","Taufmusik in Remscheid: konkret geplant nach Ort und Ablauf.","1","true","132","true","true","true","true","true","false","true","74","30","6","false","0.0076","https://kim-marie-borger.com/taufen/erkrath/","0.6496","https://kim-marie-borger.com/taufen/solingen/","0.9365","https://kim-marie-borger.com/taufen/solingen/","0.9561","https://kim-marie-borger.com/firmenfeiern/remscheid/","0.407","Answer|BreadcrumbList|City|ContactPoint|FAQPage|ListItem|Occupation|Offer|Person|Question|WebPage|WebSite"
"P3","ready","low","taufen","taufmusik","Rhein-Kreis Neuss","rhein-kreis-neuss","Taufmusik Rhein-Kreis Neuss","https://kim-marie-borger.com/taufen/rhein-kreis-neuss/","92","94","1210","359","29","8","Taufmusik Rhein-Kreis Neuss | Viola zur Taufe","45","true","Taufmusik im Rhein-Kreis Neuss für einen warmen, ruhigen Anfang.","1","true","119","true","true","true","true","true","false","true","74","30","5","false","0.0079","https://kim-marie-borger.com/taufen/kreis-mettmann/","0.5043","https://kim-marie-borger.com/taufen/kreis-mettmann/","0.9038","https://kim-marie-borger.com/taufen/kreis-mettmann/","0.9608","https://kim-marie-borger.com/firmenfeiern/rhein-kreis-neuss/","0.5163","AdministrativeArea|Answer|BreadcrumbList|ContactPoint|FAQPage|ListItem|Occupation|Offer|Person|Question|WebPage|WebSite"
"P3","ready","low","taufen","taufmusik","Rhein-Ruhr","rhein-ruhr","Taufmusik Rhein-Ruhr","https://kim-marie-borger.com/taufen/rhein-ruhr/","92","94","1219","338","27","8","Taufmusik Rhein-Ruhr | Viola zur Taufe","38","true","Taufmusik in der Region Rhein-Ruhr für einen warmen, ruhigen Anfang.","1","true","116","true","true","true","true","true","false","true","74","30","25","false","0.008","https://kim-marie-borger.com/taufen/rheinland/","0.538","https://kim-marie-borger.com/taufen/rheinland/","0.8965","https://kim-marie-borger.com/taufen/rheinland/","0.936","https://kim-marie-borger.com/firmenfeiern/rhein-ruhr/","0.4665","Answer|BreadcrumbList|ContactPoint|FAQPage|ListItem|Occupation|Offer|Person|Place|Question|WebPage|WebSite"
"P3","improve-copy","medium","taufen","taufmusik","Rheinland","rheinland","Taufmusik Rheinland","https://kim-marie-borger.com/taufen/rheinland/","92","84","1139","349","28","8","Taufmusik Rheinland | Viola zur Taufe","37","true","Taufmusik im Rheinland für einen warmen, ruhigen Anfang.","1","true","103","true","true","true","true","true","false","true","74","30","26","false","0.0083","https://kim-marie-borger.com/taufen/ruhrgebiet/","0.5779","https://kim-marie-borger.com/taufen/bergisches-land/","0.9367","https://kim-marie-borger.com/taufen/bergisches-land/","0.9974","https://kim-marie-borger.com/firmenfeiern/rheinland/","0.4989","Answer|BreadcrumbList|ContactPoint|FAQPage|ListItem|Occupation|Offer|Person|Place|Question|WebPage|WebSite"
"P3","improve-copy","medium","taufen","taufmusik","Ruhrgebiet","ruhrgebiet","Taufmusik Ruhrgebiet","https://kim-marie-borger.com/taufen/ruhrgebiet/","92","84","1159","354","28","8","Taufmusik Ruhrgebiet | Viola zur Taufe","38","true","Taufmusik im Ruhrgebiet für einen warmen, ruhigen Anfang.","1","true","105","true","true","true","true","true","false","true","74","30","5","false","0.0083","https://kim-marie-borger.com/taufen/rheinland/","0.5779","https://kim-marie-borger.com/taufen/rheinland/","0.9182","https://kim-marie-borger.com/taufen/rheinland/","0.9643","https://kim-marie-borger.com/firmenfeiern/ruhrgebiet/","0.4814","Answer|BreadcrumbList|ContactPoint|FAQPage|ListItem|Occupation|Offer|Person|Place|Question|WebPage|WebSite"
"P3","improve-copy","medium","taufen","taufmusik","Siegen","siegen","Taufmusik Siegen","https://kim-marie-borger.com/taufen/siegen/","92","84","1186","342","23","8","Taufmusik Siegen | Viola zur Taufe","34","true","Taufmusik in Siegen für einen warmen, ruhigen Anfang.","1","true","97","true","true","true","true","true","false","true","74","30","5","false","0.0084","https://kim-marie-borger.com/taufen/aachen/","0.6082","https://kim-marie-borger.com/taufen/oberhausen/","0.9477","https://kim-marie-borger.com/taufen/oberhausen/","0.9673","https://kim-marie-borger.com/firmenfeiern/siegen/","0.4656","Answer|BreadcrumbList|City|ContactPoint|FAQPage|ListItem|Occupation|Offer|Person|Question|WebPage|WebSite"
"P2","priority-rewrite","high","taufen","taufmusik","Solingen","solingen","Taufmusik Solingen","https://kim-marie-borger.com/taufen/solingen/","92","75","1025","339","20","9","Taufmusik Solingen | Viola zur Taufe","36","true","Taufmusik in Solingen: konkret geplant nach Ort und Ablauf.","1","true","130","true","true","true","true","true","false","true","74","30","6","false","0.0076","https://kim-marie-borger.com/taufen/mettmann/","0.6555","https://kim-marie-borger.com/taufen/remscheid/","0.9365","https://kim-marie-borger.com/taufen/remscheid/","0.9561","https://kim-marie-borger.com/firmenfeiern/solingen/","0.4077","Answer|BreadcrumbList|City|ContactPoint|FAQPage|ListItem|Occupation|Offer|Person|Question|WebPage|WebSite"
"P3","ready","high","taufen","taufmusik","Unna","unna","Taufmusik Unna","https://kim-marie-borger.com/taufen/unna/","92","84","1179","343","23","8","Taufmusik Unna | Viola zur Taufe","32","true","Taufmusik in Unna für einen warmen, ruhigen Anfang.","1","true","93","true","true","true","true","true","false","true","74","30","5","false","0.0084","https://kim-marie-borger.com/taufen/bielefeld/","0.6398","https://kim-marie-borger.com/taufen/bielefeld/","0.9618","https://kim-marie-borger.com/taufen/bielefeld/","0.9813","https://kim-marie-borger.com/firmenfeiern/unna/","0.4482","Answer|BreadcrumbList|City|ContactPoint|FAQPage|ListItem|Occupation|Offer|Person|Question|WebPage|WebSite"
"P3","improve-copy","medium","taufen","taufmusik","Velbert","velbert","Taufmusik Velbert","https://kim-marie-borger.com/taufen/velbert/","92","84","1162","341","23","8","Taufmusik Velbert | Viola zur Taufe","35","true","Taufmusik in Velbert für einen warmen, ruhigen Anfang.","1","true","99","true","true","true","true","true","false","true","74","30","5","false","0.0084","https://kim-marie-borger.com/taufen/aachen/","0.615","https://kim-marie-borger.com/taufen/heiligenhaus/","0.9596","https://kim-marie-borger.com/taufen/aachen/","0.975","https://kim-marie-borger.com/firmenfeiern/velbert/","0.4615","Answer|BreadcrumbList|City|ContactPoint|FAQPage|ListItem|Occupation|Offer|Person|Question|WebPage|WebSite"
"P3","ready","high","taufen","taufmusik","Wülfrath","wuelfrath","Taufmusik Wülfrath","https://kim-marie-borger.com/taufen/wuelfrath/","92","84","1174","343","23","8","Taufmusik Wülfrath | Viola zur Taufe","36","true","Taufmusik in Wülfrath für einen warmen, ruhigen Anfang.","1","true","101","true","true","true","true","true","false","true","74","30","5","false","0.0084","https://kim-marie-borger.com/taufen/muenster/","0.625","https://kim-marie-borger.com/taufen/muenster/","0.9557","https://kim-marie-borger.com/taufen/bergisch-gladbach/","0.9775","https://kim-marie-borger.com/firmenfeiern/wuelfrath/","0.448","Answer|BreadcrumbList|City|ContactPoint|FAQPage|ListItem|Occupation|Offer|Person|Question|WebPage|WebSite"
"P1","ready","low","taufen","taufmusik","Wuppertal","wuppertal","Taufmusik Wuppertal","https://kim-marie-borger.com/taufen/wuppertal/","100","98","980","331","14","6","Taufmusik Wuppertal | Viola zur Taufe","37","true","Taufmusik in Wuppertal für einen warmen Familienmoment.","1","true","132","true","true","true","true","true","false","true","72","28","73","true","0.0078","https://kim-marie-borger.com/taufen/koeln/","0.5264","https://kim-marie-borger.com/taufen/koeln/","0.8867","https://kim-marie-borger.com/taufen/koeln/","0.9013","https://kim-marie-borger.com/firmenfeiern/wuppertal/","0.2924","Answer|BreadcrumbList|City|ContactPoint|FAQPage|ListItem|Occupation|Offer|Person|Question|WebPage|WebSite"
"P3","improve-copy","medium","unterricht","geigenunterricht","Aachen","aachen","Geigenunterricht Aachen","https://kim-marie-borger.com/unterricht/aachen/","92","84","956","291","28","10","Geigenunterricht Aachen | Geige lernen","38","true","Geigenunterricht in Aachen: ruhig aufgebaut nach Ort und Lernziel.","1","true","156","true","true","true","true","true","false","true","75","31","4","false","0.0093","https://kim-marie-borger.com/unterricht/paderborn/","0.5649","https://kim-marie-borger.com/unterricht/recklinghausen/","0.9539","https://kim-marie-borger.com/unterricht/recklinghausen/","0.9832","https://kim-marie-borger.com/konzerte/aachen/","0.0302","Answer|BreadcrumbList|City|ContactPoint|Course|CourseInstance|FAQPage|ListItem|Occupation|Offer|Person|Question|WebPage|WebSite"
"P3","ready","low","unterricht","geigenunterricht","Bergisch Gladbach","bergisch-gladbach","Geigenunterricht Bergisch Gladbach","https://kim-marie-borger.com/unterricht/bergisch-gladbach/","92","94","989","293","28","10","Geigenunterricht Bergisch Gladbach | Geige lernen","49","true","Geigenunterricht in Bergisch Gladbach: ruhig aufgebaut nach Ort und Lernziel.","1","true","154","true","true","true","true","true","false","true","75","31","5","false","0.0091","https://kim-marie-borger.com/unterricht/aachen/","0.5204","https://kim-marie-borger.com/unterricht/aachen/","0.9274","https://kim-marie-borger.com/unterricht/haan/","0.9755","https://kim-marie-borger.com/taufen/bergisch-gladbach/","0.0334","Answer|BreadcrumbList|City|ContactPoint|Course|CourseInstance|FAQPage|ListItem|Occupation|Offer|Person|Question|WebPage|WebSite"
"P3","ready","low","unterricht","geigenunterricht","Bergisches Land","bergisches-land","Geigenunterricht Bergisches Land","https://kim-marie-borger.com/unterricht/bergisches-land/","92","94","1015","301","32","10","Geigenunterricht Bergisches Land | Geige lernen","47","true","Geigenunterricht im Bergischen Land: ruhig aufgebaut nach Ort und Lernziel.","1","true","150","true","true","true","true","true","false","true","75","31","22","false","0.0089","https://kim-marie-borger.com/unterricht/ruhrgebiet/","0.5309","https://kim-marie-borger.com/unterricht/ruhrgebiet/","0.9275","https://kim-marie-borger.com/unterricht/ruhrgebiet/","0.9959","https://kim-marie-borger.com/konzerte/bergisches-land/","0.0482","Answer|BreadcrumbList|ContactPoint|Course|CourseInstance|FAQPage|ListItem|Occupation|Offer|Person|Place|Question|WebPage|WebSite"
"P3","improve-copy","medium","unterricht","geigenunterricht","Bielefeld","bielefeld","Geigenunterricht Bielefeld","https://kim-marie-borger.com/unterricht/bielefeld/","92","94","965","290","28","10","Geigenunterricht Bielefeld | Geige lernen","41","true","Geigenunterricht in Bielefeld: ruhig aufgebaut nach Ort und Lernziel.","1","true","162","true","true","true","true","true","false","true","75","31","4","false","0.0093","https://kim-marie-borger.com/unterricht/dormagen/","0.54","https://kim-marie-borger.com/unterricht/dormagen/","0.9412","https://kim-marie-borger.com/unterricht/monheim-am-rhein/","0.9808","https://kim-marie-borger.com/taufen/bielefeld/","0.0303","Answer|BreadcrumbList|City|ContactPoint|Course|CourseInstance|FAQPage|ListItem|Occupation|Offer|Person|Question|WebPage|WebSite"
"P2","priority-rewrite","high","unterricht","geigenunterricht","Bochum","bochum","Geigenunterricht Bochum","https://kim-marie-borger.com/unterricht/bochum/","92","67","833","255","20","15","Geigenunterricht Bochum | Geige lernen","38","true","Geigenunterricht in Bochum: ruhig aufgebaut nach Ort und Lernziel.","1","true","156","true","true","true","true","true","false","true","75","31","4","false","0.0103","https://kim-marie-borger.com/unterricht/duisburg/","0.6705","https://kim-marie-borger.com/unterricht/essen/","0.9651","https://kim-marie-borger.com/unterricht/essen/","0.9892","https://kim-marie-borger.com/firmenfeiern/bochum/","0.106","Answer|BreadcrumbList|City|ContactPoint|Course|CourseInstance|FAQPage|ListItem|Occupation|Offer|Person|Question|WebPage|WebSite"
"P3","improve-copy","medium","unterricht","geigenunterricht","Bonn","bonn","Geigenunterricht Bonn","https://kim-marie-borger.com/unterricht/bonn/","92","94","961","289","28","10","Geigenunterricht Bonn | Geige lernen","36","true","Geigenunterricht in Bonn: ruhig aufgebaut nach Ort und Lernziel.","1","true","152","true","true","true","true","true","false","true","75","31","4","false","0.0093","https://kim-marie-borger.com/unterricht/bottrop/","0.5402","https://kim-marie-borger.com/unterricht/bottrop/","0.941","https://kim-marie-borger.com/unterricht/bottrop/","0.9702","https://kim-marie-borger.com/taufen/bonn/","0.0304","Answer|BreadcrumbList|City|ContactPoint|Course|CourseInstance|FAQPage|ListItem|Occupation|Offer|Person|Question|WebPage|WebSite"
"P3","improve-copy","medium","unterricht","geigenunterricht","Bottrop","bottrop","Geigenunterricht Bottrop","https://kim-marie-borger.com/unterricht/bottrop/","92","94","956","288","28","10","Geigenunterricht Bottrop | Geige lernen","39","true","Geigenunterricht in Bottrop: ruhig aufgebaut nach Ort und Lernziel.","1","true","158","true","true","true","true","true","false","true","75","31","4","false","0.0093","https://kim-marie-borger.com/unterricht/langenfeld/","0.5416","https://kim-marie-borger.com/unterricht/langenfeld/","0.9435","https://kim-marie-borger.com/unterricht/langenfeld/","0.978","https://kim-marie-borger.com/konzerte/bottrop/","0.0293","Answer|BreadcrumbList|City|ContactPoint|Course|CourseInstance|FAQPage|ListItem|Occupation|Offer|Person|Question|WebPage|WebSite"
"P3","improve-copy","medium","unterricht","geigenunterricht","Dormagen","dormagen","Geigenunterricht Dormagen","https://kim-marie-borger.com/unterricht/dormagen/","92","94","960","289","28","10","Geigenunterricht Dormagen | Geige lernen","40","true","Geigenunterricht in Dormagen: ruhig aufgebaut nach Ort und Lernziel.","1","true","160","true","true","true","true","true","false","true","75","31","4","false","0.0093","https://kim-marie-borger.com/unterricht/hagen/","0.5414","https://kim-marie-borger.com/unterricht/hagen/","0.9437","https://kim-marie-borger.com/unterricht/hagen/","0.9729","https://kim-marie-borger.com/konzerte/dormagen/","0.0293","Answer|BreadcrumbList|City|ContactPoint|Course|CourseInstance|FAQPage|ListItem|Occupation|Offer|Person|Question|WebPage|WebSite"
"P2","priority-rewrite","high","unterricht","geigenunterricht","Dortmund","dortmund","Geigenunterricht Dortmund","https://kim-marie-borger.com/unterricht/dortmund/","100","67","833","254","20","15","Geigenunterricht Dortmund | Geige lernen","40","true","Geigenunterricht in Dortmund: ruhig aufgebaut nach Ort und Lernziel.","1","true","160","true","true","true","true","true","false","true","75","31","67","true","0.0103","https://kim-marie-borger.com/unterricht/duisburg/","0.6694","https://kim-marie-borger.com/unterricht/ratingen/","0.9663","https://kim-marie-borger.com/unterricht/ratingen/","0.9904","https://kim-marie-borger.com/firmenfeiern/dortmund/","0.1057","Answer|BreadcrumbList|City|ContactPoint|Course|CourseInstance|FAQPage|ListItem|Occupation|Offer|Person|Question|WebPage|WebSite"
"P1","improve-copy","medium","unterricht","geigenunterricht","Düsseldorf","duesseldorf","Geigenunterricht Düsseldorf","https://kim-marie-borger.com/unterricht/duesseldorf/","100","86","810","258","15","12","Geigenunterricht Düsseldorf | Geige lernen","42","true","Geigenunterricht in Düsseldorf mit einem realistischen Lernplan.","1","true","164","true","true","true","true","true","false","true","73","29","70","true","0.0116","https://kim-marie-borger.com/unterricht/koeln/","0.5599","https://kim-marie-borger.com/unterricht/wuppertal/","0.9085","https://kim-marie-borger.com/unterricht/wuppertal/","0.9271","https://kim-marie-borger.com/firmenfeiern/duesseldorf/","0.0762","Answer|BreadcrumbList|City|ContactPoint|Course|CourseInstance|FAQPage|ListItem|Occupation|Offer|Person|Question|WebPage|WebSite"
"P2","priority-rewrite","high","unterricht","geigenunterricht","Duisburg","duisburg","Geigenunterricht Duisburg","https://kim-marie-borger.com/unterricht/duisburg/","100","67","831","254","20","15","Geigenunterricht Duisburg | Geige lernen","40","true","Geigenunterricht in Duisburg: ruhig aufgebaut nach Ort und Lernziel.","1","true","160","true","true","true","true","true","false","true","75","31","67","true","0.0103","https://kim-marie-borger.com/unterricht/moenchengladbach/","0.6738","https://kim-marie-borger.com/unterricht/erkrath/","0.9663","https://kim-marie-borger.com/unterricht/erkrath/","0.9904","https://kim-marie-borger.com/firmenfeiern/duisburg/","0.1061","Answer|BreadcrumbList|City|ContactPoint|Course|CourseInstance|FAQPage|ListItem|Occupation|Offer|Person|Question|WebPage|WebSite"
"P2","priority-rewrite","high","unterricht","geigenunterricht","Erkrath","erkrath","Geigenunterricht Erkrath","https://kim-marie-borger.com/unterricht/erkrath/","92","67","831","252","20","15","Geigenunterricht Erkrath | Geige lernen","39","true","Geigenunterricht in Erkrath: ruhig aufgebaut nach Ort und Lernziel.","1","true","158","true","true","true","true","true","false","true","75","31","4","false","0.0103","https://kim-marie-borger.com/unterricht/duisburg/","0.6716","https://kim-marie-borger.com/unterricht/moenchengladbach/","0.9698","https://kim-marie-borger.com/unterricht/moenchengladbach/","0.994","https://kim-marie-borger.com/firmenfeiern/erkrath/","0.106","Answer|BreadcrumbList|City|ContactPoint|Course|CourseInstance|FAQPage|ListItem|Occupation|Offer|Person|Question|WebPage|WebSite"
"P2","priority-rewrite","high","unterricht","geigenunterricht","Essen","essen","Geigenunterricht Essen","https://kim-marie-borger.com/unterricht/essen/","100","67","831","254","20","15","Geigenunterricht Essen | Geige lernen","37","true","Geigenunterricht in Essen: ruhig aufgebaut nach Ort und Lernziel.","1","true","154","true","true","true","true","true","false","true","75","31","67","true","0.0103","https://kim-marie-borger.com/unterricht/ratingen/","0.6738","https://kim-marie-borger.com/unterricht/ratingen/","0.9723","https://kim-marie-borger.com/unterricht/ratingen/","0.9964","https://kim-marie-borger.com/firmenfeiern/essen/","0.106","Answer|BreadcrumbList|City|ContactPoint|Course|CourseInstance|FAQPage|ListItem|Occupation|Offer|Person|Question|WebPage|WebSite"
"P3","improve-copy","medium","unterricht","geigenunterricht","Gelsenkirchen","gelsenkirchen","Geigenunterricht Gelsenkirchen","https://kim-marie-borger.com/unterricht/gelsenkirchen/","92","94","967","292","28","10","Geigenunterricht Gelsenkirchen | Geige lernen","45","true","Geigenunterricht in Gelsenkirchen: ruhig aufgebaut nach Ort und Lernziel.","1","true","170","true","true","true","true","true","false","true","75","31","4","false","0.0092","https://kim-marie-borger.com/unterricht/herne/","0.5418","https://kim-marie-borger.com/unterricht/oberhausen/","0.9408","https://kim-marie-borger.com/unterricht/oberhausen/","0.9699","https://kim-marie-borger.com/taufen/gelsenkirchen/","0.031","Answer|BreadcrumbList|City|ContactPoint|Course|CourseInstance|FAQPage|ListItem|Occupation|Offer|Person|Question|WebPage|WebSite"
"P3","ready","low","unterricht","geigenunterricht","Haan","haan","Geigenunterricht Haan","https://kim-marie-borger.com/unterricht/haan/","92","94","956","291","28","10","Geigenunterricht Haan | Geige lernen","36","true","Geigenunterricht in Haan: ruhig aufgebaut nach Ort und Lernziel.","1","true","152","true","true","true","true","true","false","true","75","31","4","false","0.0093","https://kim-marie-borger.com/unterricht/aachen/","0.5391","https://kim-marie-borger.com/unterricht/aachen/","0.9435","https://kim-marie-borger.com/unterricht/heiligenhaus/","0.978","https://kim-marie-borger.com/konzerte/haan/","0.0302","Answer|BreadcrumbList|City|ContactPoint|Course|CourseInstance|FAQPage|ListItem|Occupation|Offer|Person|Question|WebPage|WebSite"
"P3","improve-copy","medium","unterricht","geigenunterricht","Hagen","hagen","Geigenunterricht Hagen","https://kim-marie-borger.com/unterricht/hagen/","92","94","960","289","28","10","Geigenunterricht Hagen | Geige lernen","37","true","Geigenunterricht in Hagen: ruhig aufgebaut nach Ort und Lernziel.","1","true","154","true","true","true","true","true","false","true","75","31","4","false","0.0093","https://kim-marie-borger.com/unterricht/dormagen/","0.5414","https://kim-marie-borger.com/unterricht/dormagen/","0.9437","https://kim-marie-borger.com/unterricht/wuelfrath/","0.9781","https://kim-marie-borger.com/konzerte/hagen/","0.0292","Answer|BreadcrumbList|City|ContactPoint|Course|CourseInstance|FAQPage|ListItem|Occupation|Offer|Person|Question|WebPage|WebSite"
"P3","ready","low","unterricht","geigenunterricht","Heiligenhaus","heiligenhaus","Geigenunterricht Heiligenhaus","https://kim-marie-borger.com/unterricht/heiligenhaus/","92","94","956","291","28","10","Geigenunterricht Heiligenhaus | Geige lernen","44","true","Geigenunterricht in Heiligenhaus: ruhig aufgebaut nach Ort und Lernziel.","1","true","168","true","true","true","true","true","false","true","75","31","4","false","0.0093","https://kim-marie-borger.com/unterricht/aachen/","0.5391","https://kim-marie-borger.com/unterricht/aachen/","0.9435","https://kim-marie-borger.com/unterricht/haan/","0.978","https://kim-marie-borger.com/konzerte/heiligenhaus/","0.0294","Answer|BreadcrumbList|City|ContactPoint|Course|CourseInstance|FAQPage|ListItem|Occupation|Offer|Person|Question|WebPage|WebSite"
"P3","improve-copy","medium","unterricht","geigenunterricht","Herne","herne","Geigenunterricht Herne","https://kim-marie-borger.com/unterricht/herne/","92","94","977","293","28","10","Geigenunterricht Herne | Geige lernen","37","true","Geigenunterricht in Herne: ruhig aufgebaut nach Ort und Lernziel.","1","true","154","true","true","true","true","true","false","true","75","31","4","false","0.0092","https://kim-marie-borger.com/unterricht/gelsenkirchen/","0.5418","https://kim-marie-borger.com/unterricht/gelsenkirchen/","0.9392","https://kim-marie-borger.com/unterricht/oberhausen/","0.97","https://kim-marie-borger.com/taufen/herne/","0.0335","Answer|BreadcrumbList|City|ContactPoint|Course|CourseInstance|FAQPage|ListItem|Occupation|Offer|Person|Question|WebPage|WebSite"
"P2","priority-rewrite","high","unterricht","geigenunterricht","Hilden","hilden","Geigenunterricht Hilden","https://kim-marie-borger.com/unterricht/hilden/","92","67","831","254","20","15","Geigenunterricht Hilden | Geige lernen","38","true","Geigenunterricht in Hilden: ruhig aufgebaut nach Ort und Lernziel.","1","true","156","true","true","true","true","true","false","true","75","31","4","false","0.0103","https://kim-marie-borger.com/unterricht/duisburg/","0.6716","https://kim-marie-borger.com/unterricht/ratingen/","0.9686","https://kim-marie-borger.com/unterricht/ratingen/","0.9928","https://kim-marie-borger.com/firmenfeiern/hilden/","0.1059","Answer|BreadcrumbList|City|ContactPoint|Course|CourseInstance|FAQPage|ListItem|Occupation|Offer|Person|Question|WebPage|WebSite"
"P3","ready","low","unterricht","geigenunterricht","Iserlohn","iserlohn","Geigenunterricht Iserlohn","https://kim-marie-borger.com/unterricht/iserlohn/","92","94","961","292","28","10","Geigenunterricht Iserlohn | Geige lernen","40","true","Geigenunterricht in Iserlohn: ruhig aufgebaut nach Ort und Lernziel.","1","true","160","true","true","true","true","true","false","true","75","31","4","false","0.0093","https://kim-marie-borger.com/unterricht/aachen/","0.537","https://kim-marie-borger.com/unterricht/aachen/","0.941","https://kim-marie-borger.com/unterricht/aachen/","0.9702","https://kim-marie-borger.com/taufen/iserlohn/","0.0313","Answer|BreadcrumbList|City|ContactPoint|Course|CourseInstance|FAQPage|ListItem|Occupation|Offer|Person|Question|WebPage|WebSite"
"P1","improve-copy","medium","unterricht","geigenunterricht","Köln","koeln","Geigenunterricht Köln","https://kim-marie-borger.com/unterricht/koeln/","100","86","793","256","15","12","Geigenunterricht Köln | Geige lernen","36","true","Geigenunterricht in Köln für Kinder, Erwachsene und Wiedereinstieg.","1","true","152","true","true","true","true","true","false","true","73","29","593","true","0.0105","https://kim-marie-borger.com/unterricht/duesseldorf/","0.5599","https://kim-marie-borger.com/unterricht/duesseldorf/","0.9044","https://kim-marie-borger.com/unterricht/duesseldorf/","0.9232","https://kim-marie-borger.com/firmenfeiern/koeln/","0.0776","Answer|BreadcrumbList|City|ContactPoint|Course|CourseInstance|FAQPage|ListItem|Occupation|Offer|Person|Question|WebPage|WebSite"
"P3","ready","low","unterricht","geigenunterricht","Krefeld","krefeld","Geigenunterricht Krefeld","https://kim-marie-borger.com/unterricht/krefeld/","92","94","956","291","28","10","Geigenunterricht Krefeld | Geige lernen","39","true","Geigenunterricht in Krefeld: ruhig aufgebaut nach Ort und Lernziel.","1","true","158","true","true","true","true","true","false","true","75","31","4","false","0.0093","https://kim-marie-borger.com/unterricht/aachen/","0.5391","https://kim-marie-borger.com/unterricht/aachen/","0.9435","https://kim-marie-borger.com/unterricht/aachen/","0.9728","https://kim-marie-borger.com/konzerte/krefeld/","0.0294","Answer|BreadcrumbList|City|ContactPoint|Course|CourseInstance|FAQPage|ListItem|Occupation|Offer|Person|Question|WebPage|WebSite"
"P3","ready","low","unterricht","geigenunterricht","Kreis Mettmann","kreis-mettmann","Geigenunterricht Kreis Mettmann","https://kim-marie-borger.com/unterricht/kreis-mettmann/","92","94","1015","303","32","10","Geigenunterricht Kreis Mettmann | Geige lernen","46","true","Geigenunterricht im Kreis Mettmann: ruhig aufgebaut nach Ort und Lernziel.","1","true","148","true","true","true","true","true","false","true","75","31","28","false","0.0089","https://kim-marie-borger.com/unterricht/ruhrgebiet/","0.5126","https://kim-marie-borger.com/unterricht/rhein-kreis-neuss/","0.9134","https://kim-marie-borger.com/unterricht/bergisches-land/","0.9801","https://kim-marie-borger.com/konzerte/kreis-mettmann/","0.0482","AdministrativeArea|Answer|BreadcrumbList|ContactPoint|Course|CourseInstance|FAQPage|ListItem|Occupation|Offer|Person|Question|WebPage|WebSite"
"P3","improve-copy","medium","unterricht","geigenunterricht","Langenfeld","langenfeld","Geigenunterricht Langenfeld","https://kim-marie-borger.com/unterricht/langenfeld/","92","94","956","288","28","10","Geigenunterricht Langenfeld | Geige lernen","42","true","Geigenunterricht in Langenfeld: ruhig aufgebaut nach Ort und Lernziel.","1","true","164","true","true","true","true","true","false","true","75","31","4","false","0.0093","https://kim-marie-borger.com/unterricht/bottrop/","0.5416","https://kim-marie-borger.com/unterricht/bottrop/","0.9435","https://kim-marie-borger.com/unterricht/bottrop/","0.978","https://kim-marie-borger.com/konzerte/langenfeld/","0.0294","Answer|BreadcrumbList|City|ContactPoint|Course|CourseInstance|FAQPage|ListItem|Occupation|Offer|Person|Question|WebPage|WebSite"
"P2","priority-rewrite","high","unterricht","geigenunterricht","Leverkusen","leverkusen","Geigenunterricht Leverkusen","https://kim-marie-borger.com/unterricht/leverkusen/","92","67","832","254","20","15","Geigenunterricht Leverkusen | Geige lernen","42","true","Geigenunterricht in Leverkusen: ruhig aufgebaut nach Ort und Lernziel.","1","true","164","true","true","true","true","true","false","true","75","31","5","false","0.0103","https://kim-marie-borger.com/unterricht/ratingen/","0.6711","https://kim-marie-borger.com/unterricht/neuss/","0.9663","https://kim-marie-borger.com/unterricht/neuss/","0.9916","https://kim-marie-borger.com/firmenfeiern/leverkusen/","0.1058","Answer|BreadcrumbList|City|ContactPoint|Course|CourseInstance|FAQPage|ListItem|Occupation|Offer|Person|Question|WebPage|WebSite"
"P3","improve-copy","medium","unterricht","geigenunterricht","Meerbusch","meerbusch","Geigenunterricht Meerbusch","https://kim-marie-borger.com/unterricht/meerbusch/","92","94","956","288","28","10","Geigenunterricht Meerbusch | Geige lernen","41","true","Geigenunterricht in Meerbusch: ruhig aufgebaut nach Ort und Lernziel.","1","true","162","true","true","true","true","true","false","true","75","31","4","false","0.0093","https://kim-marie-borger.com/unterricht/bottrop/","0.5416","https://kim-marie-borger.com/unterricht/bottrop/","0.9435","https://kim-marie-borger.com/unterricht/bottrop/","0.9728","https://kim-marie-borger.com/konzerte/meerbusch/","0.0294","Answer|BreadcrumbList|City|ContactPoint|Course|CourseInstance|FAQPage|ListItem|Occupation|Offer|Person|Question|WebPage|WebSite"
"P2","priority-rewrite","high","unterricht","geigenunterricht","Mettmann","mettmann","Geigenunterricht Mettmann","https://kim-marie-borger.com/unterricht/mettmann/","92","67","830","255","20","15","Geigenunterricht Mettmann | Geige lernen","40","true","Geigenunterricht in Mettmann: ruhig aufgebaut nach Ort und Lernziel.","1","true","160","true","true","true","true","true","false","true","75","31","4","false","0.0103","https://kim-marie-borger.com/unterricht/duisburg/","0.6727","https://kim-marie-borger.com/unterricht/moenchengladbach/","0.9656","https://kim-marie-borger.com/unterricht/moenchengladbach/","0.9897","https://kim-marie-borger.com/firmenfeiern/mettmann/","0.1056","Answer|BreadcrumbList|City|ContactPoint|Course|CourseInstance|FAQPage|ListItem|Occupation|Offer|Person|Question|WebPage|WebSite"
"P2","priority-rewrite","high","unterricht","geigenunterricht","Mönchengladbach","moenchengladbach","Geigenunterricht Mönchengladbach","https://kim-marie-borger.com/unterricht/moenchengladbach/","92","67","829","250","20","15","Geigenunterricht Mönchengladbach | Geige lernen","47","true","Geigenunterricht in Mönchengladbach: ruhig aufgebaut nach Ort und Lernziel.","1","true","150","true","true","true","true","true","false","true","75","31","4","false","0.0103","https://kim-marie-borger.com/unterricht/duisburg/","0.6738","https://kim-marie-borger.com/unterricht/erkrath/","0.9698","https://kim-marie-borger.com/unterricht/erkrath/","0.994","https://kim-marie-borger.com/firmenfeiern/moenchengladbach/","0.1067","Answer|BreadcrumbList|City|ContactPoint|Course|CourseInstance|FAQPage|ListItem|Occupation|Offer|Person|Question|WebPage|WebSite"
"P3","improve-copy","medium","unterricht","geigenunterricht","Moers","moers","Geigenunterricht Moers","https://kim-marie-borger.com/unterricht/moers/","92","94","956","288","28","10","Geigenunterricht Moers | Geige lernen","37","true","Geigenunterricht in Moers: ruhig aufgebaut nach Ort und Lernziel.","1","true","154","true","true","true","true","true","false","true","75","31","4","false","0.0093","https://kim-marie-borger.com/unterricht/unna/","0.5541","https://kim-marie-borger.com/unterricht/unna/","0.9514","https://kim-marie-borger.com/unterricht/unna/","0.9807","https://kim-marie-borger.com/konzerte/moers/","0.0294","Answer|BreadcrumbList|City|ContactPoint|Course|CourseInstance|FAQPage|ListItem|Occupation|Offer|Person|Question|WebPage|WebSite"
"P3","ready","low","unterricht","geigenunterricht","Monheim am Rhein","monheim-am-rhein","Geigenunterricht Monheim am Rhein","https://kim-marie-borger.com/unterricht/monheim-am-rhein/","92","94","1016","290","28","10","Geigenunterricht Monheim am Rhein | Geige lernen","48","true","Geigenunterricht in Monheim am Rhein: ruhig aufgebaut nach Ort und Lernziel.","1","true","152","true","true","true","true","true","false","true","75","31","4","false","0.009","https://kim-marie-borger.com/unterricht/bielefeld/","0.5366","https://kim-marie-borger.com/unterricht/dormagen/","0.9271","https://kim-marie-borger.com/unterricht/bielefeld/","0.9808","https://kim-marie-borger.com/konzerte/monheim-am-rhein/","0.0322","Answer|BreadcrumbList|City|ContactPoint|Course|CourseInstance|FAQPage|ListItem|Occupation|Offer|Person|Question|WebPage|WebSite"
"P3","ready","low","unterricht","geigenunterricht","Mülheim an der Ruhr","muelheim-an-der-ruhr","Geigenunterricht Mülheim an der Ruhr","https://kim-marie-borger.com/unterricht/muelheim-an-der-ruhr/","92","94","1050","290","28","10","Geigenunterricht Mülheim an der Ruhr | Geige lernen","51","true","Geigenunterricht in Mülheim an der Ruhr: ruhig aufgebaut nach Ort und Lernziel.","1","true","158","true","true","true","true","true","false","true","75","31","4","false","0.009","https://kim-marie-borger.com/unterricht/muenster/","0.5291","https://kim-marie-borger.com/unterricht/moers/","0.9042","https://kim-marie-borger.com/unterricht/moers/","0.9729","https://kim-marie-borger.com/taufen/muelheim-an-der-ruhr/","0.034","Answer|BreadcrumbList|City|ContactPoint|Course|CourseInstance|FAQPage|ListItem|Occupation|Offer|Person|Question|WebPage|WebSite"
"P3","improve-copy","medium","unterricht","geigenunterricht","Münster","muenster","Geigenunterricht Münster","https://kim-marie-borger.com/unterricht/muenster/","92","94","956","288","28","10","Geigenunterricht Münster | Geige lernen","39","true","Geigenunterricht in Münster: ruhig aufgebaut nach Ort und Lernziel.","1","true","158","true","true","true","true","true","false","true","75","31","4","false","0.0093","https://kim-marie-borger.com/unterricht/bottrop/","0.5416","https://kim-marie-borger.com/unterricht/moers/","0.9487","https://kim-marie-borger.com/unterricht/moers/","0.978","https://kim-marie-borger.com/taufen/muenster/","0.0296","Answer|BreadcrumbList|City|ContactPoint|Course|CourseInstance|FAQPage|ListItem|Occupation|Offer|Person|Question|WebPage|WebSite"
"P2","priority-rewrite","high","unterricht","geigenunterricht","Neuss","neuss","Geigenunterricht Neuss","https://kim-marie-borger.com/unterricht/neuss/","100","67","834","256","20","15","Geigenunterricht Neuss | Geige lernen","37","true","Geigenunterricht in Neuss: ruhig aufgebaut nach Ort und Lernziel.","1","true","154","true","true","true","true","true","false","true","75","31","68","true","0.0103","https://kim-marie-borger.com/unterricht/duisburg/","0.6683","https://kim-marie-borger.com/unterricht/ratingen/","0.9669","https://kim-marie-borger.com/unterricht/leverkusen/","0.9916","https://kim-marie-borger.com/firmenfeiern/neuss/","0.1056","Answer|BreadcrumbList|City|ContactPoint|Course|CourseInstance|FAQPage|ListItem|Occupation|Offer|Person|Question|WebPage|WebSite"
"P3","ready","low","unterricht","geigenunterricht","Nordrhein-Westfalen","nordrhein-westfalen","Geigenunterricht Nordrhein-Westfalen","https://kim-marie-borger.com/unterricht/nordrhein-westfalen/","92","94","1016","301","31","10","Geigenunterricht Nordrhein-Westfalen | Geige lernen","51","true","Geigenunterricht in Nordrhein-Westfalen: ruhig aufgebaut nach Ort und Lernziel.","1","true","158","true","true","true","true","true","false","true","75","31","4","false","0.009","https://kim-marie-borger.com/unterricht/rheinland/","0.5164","https://kim-marie-borger.com/unterricht/rheinland/","0.8906","https://kim-marie-borger.com/unterricht/rheinland/","0.9489","https://kim-marie-borger.com/konzerte/nordrhein-westfalen/","0.0431","AdministrativeArea|Answer|BreadcrumbList|ContactPoint|Course|CourseInstance|FAQPage|ListItem|Occupation|Offer|Person|Question|WebPage|WebSite"
"P3","ready","low","unterricht","geigenunterricht","Oberhausen","oberhausen","Geigenunterricht Oberhausen","https://kim-marie-borger.com/unterricht/oberhausen/","92","94","961","291","33","10","Geigenunterricht Oberhausen | Geige lernen","42","true","Geigenunterricht in Oberhausen: ruhig aufgebaut nach Ort und Lernziel.","1","true","164","true","true","true","true","true","false","true","75","31","4","false","0.0093","https://kim-marie-borger.com/unterricht/aachen/","0.537","https://kim-marie-borger.com/unterricht/paderborn/","0.9437","https://kim-marie-borger.com/unterricht/haan/","0.9755","https://kim-marie-borger.com/konzerte/oberhausen/","0.0319","Answer|BreadcrumbList|City|ContactPoint|Course|CourseInstance|FAQPage|ListItem|Occupation|Offer|Person|Question|WebPage|WebSite"
"P3","improve-copy","medium","unterricht","geigenunterricht","Paderborn","paderborn","Geigenunterricht Paderborn","https://kim-marie-borger.com/unterricht/paderborn/","92","84","961","292","28","10","Geigenunterricht Paderborn | Geige lernen","41","true","Geigenunterricht in Paderborn: ruhig aufgebaut nach Ort und Lernziel.","1","true","162","true","true","true","true","true","false","true","75","31","4","false","0.0093","https://kim-marie-borger.com/unterricht/aachen/","0.5649","https://kim-marie-borger.com/unterricht/aachen/","0.9525","https://kim-marie-borger.com/unterricht/aachen/","0.9817","https://kim-marie-borger.com/konzerte/paderborn/","0.0319","Answer|BreadcrumbList|City|ContactPoint|Course|CourseInstance|FAQPage|ListItem|Occupation|Offer|Person|Question|WebPage|WebSite"
"P2","priority-rewrite","high","unterricht","geigenunterricht","Ratingen","ratingen","Geigenunterricht Ratingen","https://kim-marie-borger.com/unterricht/ratingen/","100","67","829","252","20","15","Geigenunterricht Ratingen | Geige lernen","40","true","Geigenunterricht in Ratingen: ruhig aufgebaut nach Ort und Lernziel.","1","true","160","true","true","true","true","true","false","true","75","31","68","true","0.0103","https://kim-marie-borger.com/unterricht/essen/","0.6738","https://kim-marie-borger.com/unterricht/essen/","0.9723","https://kim-marie-borger.com/unterricht/essen/","0.9964","https://kim-marie-borger.com/firmenfeiern/ratingen/","0.1065","Answer|BreadcrumbList|City|ContactPoint|Course|CourseInstance|FAQPage|ListItem|Occupation|Offer|Person|Question|WebPage|WebSite"
"P3","ready","low","unterricht","geigenunterricht","Recklinghausen","recklinghausen","Geigenunterricht Recklinghausen","https://kim-marie-borger.com/unterricht/recklinghausen/","92","94","956","291","28","10","Geigenunterricht Recklinghausen | Geige lernen","46","true","Geigenunterricht in Recklinghausen: ruhig aufgebaut nach Ort und Lernziel.","1","true","148","true","true","true","true","true","false","true","75","31","4","false","0.0093","https://kim-marie-borger.com/unterricht/aachen/","0.5391","https://kim-marie-borger.com/unterricht/aachen/","0.9539","https://kim-marie-borger.com/unterricht/aachen/","0.9832","https://kim-marie-borger.com/konzerte/recklinghausen/","0.0293","Answer|BreadcrumbList|City|ContactPoint|Course|CourseInstance|FAQPage|ListItem|Occupation|Offer|Person|Question|WebPage|WebSite"
"P2","priority-rewrite","high","unterricht","geigenunterricht","Remscheid","remscheid","Geigenunterricht Remscheid","https://kim-marie-borger.com/unterricht/remscheid/","92","67","830","252","20","15","Geigenunterricht Remscheid | Geige lernen","41","true","Geigenunterricht in Remscheid: ruhig aufgebaut nach Ort und Lernziel.","1","true","162","true","true","true","true","true","false","true","75","31","5","false","0.0103","https://kim-marie-borger.com/unterricht/duisburg/","0.6727","https://kim-marie-borger.com/unterricht/moenchengladbach/","0.968","https://kim-marie-borger.com/unterricht/moenchengladbach/","0.9922","https://kim-marie-borger.com/firmenfeiern/remscheid/","0.1061","Answer|BreadcrumbList|City|ContactPoint|Course|CourseInstance|FAQPage|ListItem|Occupation|Offer|Person|Question|WebPage|WebSite"
"P3","ready","low","unterricht","geigenunterricht","Rhein-Kreis Neuss","rhein-kreis-neuss","Geigenunterricht Rhein-Kreis Neuss","https://kim-marie-borger.com/unterricht/rhein-kreis-neuss/","92","100","1043","304","32","10","Geigenunterricht Rhein-Kreis Neuss | Geige lernen","49","true","Geigenunterricht im Rhein-Kreis Neuss: ruhig aufgebaut nach Ort und Lernziel.","1","true","154","true","true","true","true","true","false","true","75","31","4","false","0.0087","https://kim-marie-borger.com/unterricht/rheinland/","0.4781","https://kim-marie-borger.com/unterricht/kreis-mettmann/","0.9134","https://kim-marie-borger.com/unterricht/kreis-mettmann/","0.9776","https://kim-marie-borger.com/konzerte/rhein-kreis-neuss/","0.0531","AdministrativeArea|Answer|BreadcrumbList|ContactPoint|Course|CourseInstance|FAQPage|ListItem|Occupation|Offer|Person|Question|WebPage|WebSite"
"P3","ready","low","unterricht","geigenunterricht","Rhein-Ruhr","rhein-ruhr","Geigenunterricht Rhein-Ruhr","https://kim-marie-borger.com/unterricht/rhein-ruhr/","92","94","1083","300","32","10","Geigenunterricht Rhein-Ruhr | Geige lernen","42","true","Geigenunterricht in der Region Rhein-Ruhr: ruhig aufgebaut nach Ort und Lernziel.","1","true","151","true","true","true","true","true","false","true","75","31","22","false","0.0087","https://kim-marie-borger.com/unterricht/rheinland/","0.516","https://kim-marie-borger.com/unterricht/rheinland/","0.8917","https://kim-marie-borger.com/unterricht/rheinland/","0.9418","https://kim-marie-borger.com/konzerte/rhein-ruhr/","0.0543","Answer|BreadcrumbList|ContactPoint|Course|CourseInstance|FAQPage|ListItem|Occupation|Offer|Person|Place|Question|WebPage|WebSite"
"P3","ready","low","unterricht","geigenunterricht","Rheinland","rheinland","Geigenunterricht Rheinland","https://kim-marie-borger.com/unterricht/rheinland/","92","94","978","297","32","10","Geigenunterricht Rheinland | Geige lernen","41","true","Geigenunterricht im Rheinland: ruhig aufgebaut nach Ort und Lernziel.","1","true","162","true","true","true","true","true","false","true","75","31","23","false","0.0092","https://kim-marie-borger.com/unterricht/ruhrgebiet/","0.528","https://kim-marie-borger.com/unterricht/ruhrgebiet/","0.9276","https://kim-marie-borger.com/unterricht/bergisches-land/","0.9821","https://kim-marie-borger.com/konzerte/rheinland/","0.0436","Answer|BreadcrumbList|ContactPoint|Course|CourseInstance|FAQPage|ListItem|Occupation|Offer|Person|Place|Question|WebPage|WebSite"
"P3","ready","low","unterricht","geigenunterricht","Ruhrgebiet","ruhrgebiet","Geigenunterricht Ruhrgebiet","https://kim-marie-borger.com/unterricht/ruhrgebiet/","92","94","986","299","32","10","Geigenunterricht Ruhrgebiet | Geige lernen","42","true","Geigenunterricht im Ruhrgebiet: ruhig aufgebaut nach Ort und Lernziel.","1","true","164","true","true","true","true","true","false","true","75","31","4","false","0.0092","https://kim-marie-borger.com/unterricht/bergisches-land/","0.5309","https://kim-marie-borger.com/unterricht/rheinland/","0.9276","https://kim-marie-borger.com/unterricht/bergisches-land/","0.9959","https://kim-marie-borger.com/konzerte/ruhrgebiet/","0.0441","Answer|BreadcrumbList|ContactPoint|Course|CourseInstance|FAQPage|ListItem|Occupation|Offer|Person|Place|Question|WebPage|WebSite"
"P3","ready","low","unterricht","geigenunterricht","Siegen","siegen","Geigenunterricht Siegen","https://kim-marie-borger.com/unterricht/siegen/","92","100","887","285","24","12","Geigenunterricht Siegen | Geige lernen","38","true","Geigenunterricht in Siegen: ruhig aufgebaut nach Ort und Lernziel.","1","true","156","true","true","true","true","true","false","true","75","31","4","false","0.0096","https://kim-marie-borger.com/unterricht/aachen/","0.3514","https://kim-marie-borger.com/unterricht/dormagen/","0.8304","https://kim-marie-borger.com/unterricht/dormagen/","0.8564","https://kim-marie-borger.com/konzerte/siegen/","0.0264","Answer|BreadcrumbList|City|ContactPoint|Course|CourseInstance|FAQPage|ListItem|Occupation|Offer|Person|Question|WebPage|WebSite"
"P2","priority-rewrite","high","unterricht","geigenunterricht","Solingen","solingen","Geigenunterricht Solingen","https://kim-marie-borger.com/unterricht/solingen/","92","67","833","256","20","15","Geigenunterricht Solingen | Geige lernen","40","true","Geigenunterricht in Solingen: ruhig aufgebaut nach Ort und Lernziel.","1","true","160","true","true","true","true","true","false","true","75","31","5","false","0.0103","https://kim-marie-borger.com/unterricht/duisburg/","0.6694","https://kim-marie-borger.com/unterricht/remscheid/","0.9669","https://kim-marie-borger.com/unterricht/remscheid/","0.991","https://kim-marie-borger.com/firmenfeiern/solingen/","0.1057","Answer|BreadcrumbList|City|ContactPoint|Course|CourseInstance|FAQPage|ListItem|Occupation|Offer|Person|Question|WebPage|WebSite"
"P3","improve-copy","medium","unterricht","geigenunterricht","Unna","unna","Geigenunterricht Unna","https://kim-marie-borger.com/unterricht/unna/","92","94","961","289","28","10","Geigenunterricht Unna | Geige lernen","36","true","Geigenunterricht in Unna: ruhig aufgebaut nach Ort und Lernziel.","1","true","152","true","true","true","true","true","false","true","75","31","4","false","0.0093","https://kim-marie-borger.com/unterricht/moers/","0.5541","https://kim-marie-borger.com/unterricht/moers/","0.9514","https://kim-marie-borger.com/unterricht/moers/","0.9807","https://kim-marie-borger.com/taufen/unna/","0.0304","Answer|BreadcrumbList|City|ContactPoint|Course|CourseInstance|FAQPage|ListItem|Occupation|Offer|Person|Question|WebPage|WebSite"
"P3","improve-copy","medium","unterricht","geigenunterricht","Velbert","velbert","Geigenunterricht Velbert","https://kim-marie-borger.com/unterricht/velbert/","92","94","956","288","28","10","Geigenunterricht Velbert | Geige lernen","39","true","Geigenunterricht in Velbert: ruhig aufgebaut nach Ort und Lernziel.","1","true","158","true","true","true","true","true","false","true","75","31","4","false","0.0093","https://kim-marie-borger.com/unterricht/bottrop/","0.5416","https://kim-marie-borger.com/unterricht/bottrop/","0.9435","https://kim-marie-borger.com/unterricht/bottrop/","0.9728","https://kim-marie-borger.com/konzerte/velbert/","0.0293","Answer|BreadcrumbList|City|ContactPoint|Course|CourseInstance|FAQPage|ListItem|Occupation|Offer|Person|Question|WebPage|WebSite"
"P3","improve-copy","medium","unterricht","geigenunterricht","Wülfrath","wuelfrath","Geigenunterricht Wülfrath","https://kim-marie-borger.com/unterricht/wuelfrath/","92","94","960","289","28","10","Geigenunterricht Wülfrath | Geige lernen","40","true","Geigenunterricht in Wülfrath: ruhig aufgebaut nach Ort und Lernziel.","1","true","160","true","true","true","true","true","false","true","75","31","4","false","0.0093","https://kim-marie-borger.com/unterricht/dormagen/","0.5414","https://kim-marie-borger.com/unterricht/dormagen/","0.9437","https://kim-marie-borger.com/unterricht/hagen/","0.9781","https://kim-marie-borger.com/taufen/wuelfrath/","0.0295","Answer|BreadcrumbList|City|ContactPoint|Course|CourseInstance|FAQPage|ListItem|Occupation|Offer|Person|Question|WebPage|WebSite"
"P1","improve-copy","medium","unterricht","geigenunterricht","Wuppertal","wuppertal","Geigenunterricht Wuppertal","https://kim-marie-borger.com/unterricht/wuppertal/","100","90","810","261","15","12","Geigenunterricht Wuppertal | Geige lernen","41","true","Geigenunterricht in Wuppertal mit Ruhe und klaren nächsten Schritten.","1","true","162","true","true","true","true","true","false","true","73","29","70","true","0.0104","https://kim-marie-borger.com/unterricht/koeln/","0.5582","https://kim-marie-borger.com/unterricht/duesseldorf/","0.9085","https://kim-marie-borger.com/unterricht/duesseldorf/","0.9271","https://kim-marie-borger.com/firmenfeiern/wuppertal/","0.0765","Answer|BreadcrumbList|City|ContactPoint|Course|CourseInstance|FAQPage|ListItem|Occupation|Offer|Person|Question|WebPage|WebSite"
