service,page_kind,priority,risk,action,editor_status,cms_override,cms_override_enabled,slug,target_keyword,url,word_count,unique_word_count,faq_count,image_count,empty_alt_count,unique_alt_count,incoming_internal_links,unique_image_src_count,linked_from_parent,sitemap_included,title_chars,description_chars,nearest_keyword_url,nearest_keyword_similarity,nearest_content_url,nearest_content_similarity,nearest_template_url,nearest_template_similarity,title,h1
"beerdigungen","local","P3","low","ok","rewritten-batch-16-stretched-review-needed","true","true","aachen","Trauermusik Aachen","https://kim-marie-borger.com/beerdigungen/aachen/","974","358","11","2","0","1","75","1","true","true","44","133","https://kim-marie-borger.com/beerdigungen/bielefeld/","0.5","https://kim-marie-borger.com/beerdigungen/haan/","0.5459","https://kim-marie-borger.com/beerdigungen/remscheid/","0.8646","Trauermusik Aachen | Live-Viola für Abschied","Trauermusik in Aachen, die den Abschied ruhig trägt."
"beerdigungen","local","P3","low","ok","rewritten-batch-16-stretched-review-needed","true","true","bergisch-gladbach","Trauermusik Bergisch Gladbach","https://kim-marie-borger.com/beerdigungen/bergisch-gladbach/","1007","354","11","2","0","1","75","1","true","true","55","144","https://kim-marie-borger.com/beerdigungen/aachen/","0.4","https://kim-marie-borger.com/beerdigungen/unna/","0.5207","https://kim-marie-borger.com/beerdigungen/wuelfrath/","0.8501","Trauermusik Bergisch Gladbach | Live-Viola für Abschied","Trauermusik in Bergisch Gladbach, die den Abschied ruhig trägt."
"beerdigungen","local","P3","low","ok","rewritten-batch-16-stretched-review-needed","true","true","bergisches-land","Trauermusik Bergisches Land","https://kim-marie-borger.com/beerdigungen/bergisches-land/","988","362","11","2","0","1","75","1","true","true","53","142","https://kim-marie-borger.com/beerdigungen/aachen/","0.4","https://kim-marie-borger.com/beerdigungen/siegen/","0.5277","https://kim-marie-borger.com/beerdigungen/solingen/","0.8499","Trauermusik Bergisches Land | Live-Viola für Abschied","Trauermusik im Bergischen Land, die den Abschied ruhig trägt."
"beerdigungen","local","P3","low","ok","rewritten-batch-16-stretched-review-needed","true","true","bielefeld","Trauermusik Bielefeld","https://kim-marie-borger.com/beerdigungen/bielefeld/","955","353","11","2","0","1","75","1","true","true","47","136","https://kim-marie-borger.com/beerdigungen/aachen/","0.5","https://kim-marie-borger.com/beerdigungen/haan/","0.5499","https://kim-marie-borger.com/beerdigungen/iserlohn/","0.8741","Trauermusik Bielefeld | Live-Viola für Abschied","Trauermusik in Bielefeld, die den Abschied ruhig trägt."
"beerdigungen","local","P3","low","ok","rewritten-batch-16-stretched-review-needed","true","true","bochum","Trauermusik Bochum","https://kim-marie-borger.com/beerdigungen/bochum/","967","349","11","2","0","1","75","1","true","true","44","133","https://kim-marie-borger.com/beerdigungen/aachen/","0.5","https://kim-marie-borger.com/beerdigungen/herne/","0.5485","https://kim-marie-borger.com/beerdigungen/gelsenkirchen/","0.8659","Trauermusik Bochum | Live-Viola für Abschied","Trauermusik in Bochum, die den Abschied ruhig trägt."
"beerdigungen","local","P3","low","ok","rewritten-batch-16-stretched-review-needed","true","true","bonn","Trauermusik Bonn","https://kim-marie-borger.com/beerdigungen/bonn/","959","343","11","2","0","1","75","1","true","true","42","131","https://kim-marie-borger.com/beerdigungen/aachen/","0.5","https://kim-marie-borger.com/beerdigungen/erkrath/","0.544","https://kim-marie-borger.com/beerdigungen/koeln/","0.8661","Trauermusik Bonn | Live-Viola für Abschied","Trauermusik in Bonn, die den Abschied ruhig trägt."
"beerdigungen","local","P3","low","ok","rewritten-batch-16-stretched-review-needed","true","true","bottrop","Trauermusik Bottrop","https://kim-marie-borger.com/beerdigungen/bottrop/","981","351","11","2","0","1","75","1","true","true","45","134","https://kim-marie-borger.com/beerdigungen/aachen/","0.5","https://kim-marie-borger.com/beerdigungen/herne/","0.5367","https://kim-marie-borger.com/beerdigungen/heiligenhaus/","0.8685","Trauermusik Bottrop | Live-Viola für Abschied","Trauermusik in Bottrop, die den Abschied ruhig trägt."
"beerdigungen","local","P3","low","ok","rewritten-batch-16-stretched-review-needed","true","true","dormagen","Trauermusik Dormagen","https://kim-marie-borger.com/beerdigungen/dormagen/","954","343","11","2","0","1","75","1","true","true","46","135","https://kim-marie-borger.com/beerdigungen/aachen/","0.5","https://kim-marie-borger.com/beerdigungen/erkrath/","0.542","https://kim-marie-borger.com/beerdigungen/erkrath/","0.8676","Trauermusik Dormagen | Live-Viola für Abschied","Trauermusik in Dormagen, die den Abschied ruhig trägt."
"beerdigungen","local","P3","low","ok","rewritten-batch-16-stretched-review-needed","true","true","dortmund","Trauermusik Dortmund","https://kim-marie-borger.com/beerdigungen/dortmund/","961","351","11","2","0","1","75","1","true","true","46","135","https://kim-marie-borger.com/beerdigungen/aachen/","0.5","https://kim-marie-borger.com/beerdigungen/erkrath/","0.542","https://kim-marie-borger.com/beerdigungen/duisburg/","0.8558","Trauermusik Dortmund | Live-Viola für Abschied","Trauermusik in Dortmund, die den Abschied ruhig trägt."
"beerdigungen","local","P3","low","ok","rewritten-batch-16-stretched-review-needed","true","true","duesseldorf","Trauermusik Düsseldorf","https://kim-marie-borger.com/beerdigungen/duesseldorf/","952","357","11","2","0","1","75","1","true","true","48","137","https://kim-marie-borger.com/beerdigungen/aachen/","0.5","https://kim-marie-borger.com/beerdigungen/haan/","0.5479","https://kim-marie-borger.com/beerdigungen/ratingen/","0.8708","Trauermusik Düsseldorf | Live-Viola für Abschied","Trauermusik in Düsseldorf, die den Abschied ruhig trägt."
"beerdigungen","local","P3","low","ok","rewritten-batch-16-stretched-review-needed","true","true","duisburg","Trauermusik Duisburg","https://kim-marie-borger.com/beerdigungen/duisburg/","963","353","11","2","0","1","75","1","true","true","46","135","https://kim-marie-borger.com/beerdigungen/aachen/","0.5","https://kim-marie-borger.com/beerdigungen/erkrath/","0.5414","https://kim-marie-borger.com/beerdigungen/koeln/","0.8569","Trauermusik Duisburg | Live-Viola für Abschied","Trauermusik in Duisburg, die den Abschied ruhig trägt."
"beerdigungen","local","P3","low","ok","rewritten-batch-16-stretched-review-needed","true","true","erkrath","Trauermusik Erkrath","https://kim-marie-borger.com/beerdigungen/erkrath/","960","341","11","2","0","1","75","1","true","true","45","134","https://kim-marie-borger.com/beerdigungen/aachen/","0.5","https://kim-marie-borger.com/beerdigungen/bonn/","0.544","https://kim-marie-borger.com/beerdigungen/krefeld/","0.8708","Trauermusik Erkrath | Live-Viola für Abschied","Trauermusik in Erkrath, die den Abschied ruhig trägt."
"beerdigungen","local","P3","low","ok","rewritten-batch-16-stretched-review-needed","true","true","essen","Trauermusik Essen","https://kim-marie-borger.com/beerdigungen/essen/","969","349","11","2","0","1","75","1","true","true","43","132","https://kim-marie-borger.com/beerdigungen/aachen/","0.5","https://kim-marie-borger.com/beerdigungen/herne/","0.5369","https://kim-marie-borger.com/beerdigungen/wuelfrath/","0.8666","Trauermusik Essen | Live-Viola für Abschied","Trauermusik in Essen, die den Abschied ruhig trägt."
"beerdigungen","local","P3","low","ok","rewritten-batch-16-stretched-review-needed","true","true","gelsenkirchen","Trauermusik Gelsenkirchen","https://kim-marie-borger.com/beerdigungen/gelsenkirchen/","970","352","11","2","0","1","75","1","true","true","51","140","https://kim-marie-borger.com/beerdigungen/aachen/","0.5","https://kim-marie-borger.com/beerdigungen/herne/","0.5375","https://kim-marie-borger.com/beerdigungen/unna/","0.8672","Trauermusik Gelsenkirchen | Live-Viola für Abschied","Trauermusik in Gelsenkirchen, die den Abschied ruhig trägt."
"beerdigungen","local","P3","low","ok","rewritten-batch-16-stretched-review-needed","true","true","haan","Trauermusik Haan","https://kim-marie-borger.com/beerdigungen/haan/","948","354","11","2","0","1","75","1","true","true","42","131","https://kim-marie-borger.com/beerdigungen/aachen/","0.5","https://kim-marie-borger.com/beerdigungen/iserlohn/","0.552","https://kim-marie-borger.com/beerdigungen/langenfeld/","0.868","Trauermusik Haan | Live-Viola für Abschied","Trauermusik in Haan, die den Abschied ruhig trägt."
"beerdigungen","local","P3","low","ok","rewritten-batch-16-stretched-review-needed","true","true","hagen","Trauermusik Hagen","https://kim-marie-borger.com/beerdigungen/hagen/","958","356","11","2","0","1","75","1","true","true","43","132","https://kim-marie-borger.com/beerdigungen/aachen/","0.5","https://kim-marie-borger.com/beerdigungen/siegen/","0.5438","https://kim-marie-borger.com/beerdigungen/recklinghausen/","0.8731","Trauermusik Hagen | Live-Viola für Abschied","Trauermusik in Hagen, die den Abschied ruhig trägt."
"beerdigungen","local","P3","low","ok","rewritten-batch-16-stretched-review-needed","true","true","heiligenhaus","Trauermusik Heiligenhaus","https://kim-marie-borger.com/beerdigungen/heiligenhaus/","970","343","11","2","0","1","75","1","true","true","50","139","https://kim-marie-borger.com/beerdigungen/aachen/","0.5","https://kim-marie-borger.com/beerdigungen/bottrop/","0.5361","https://kim-marie-borger.com/beerdigungen/unna/","0.8702","Trauermusik Heiligenhaus | Live-Viola für Abschied","Trauermusik in Heiligenhaus, die den Abschied ruhig trägt."
"beerdigungen","local","P3","low","ok","rewritten-batch-16-stretched-review-needed","true","true","herne","Trauermusik Herne","https://kim-marie-borger.com/beerdigungen/herne/","977","347","11","2","0","1","75","1","true","true","43","132","https://kim-marie-borger.com/beerdigungen/aachen/","0.5","https://kim-marie-borger.com/beerdigungen/bochum/","0.5485","https://kim-marie-borger.com/beerdigungen/unna/","0.8685","Trauermusik Herne | Live-Viola für Abschied","Trauermusik in Herne, die den Abschied ruhig trägt."
"beerdigungen","local","P3","low","ok","rewritten-batch-16-stretched-review-needed","true","true","hilden","Trauermusik Hilden","https://kim-marie-borger.com/beerdigungen/hilden/","961","349","11","2","0","1","75","1","true","true","44","133","https://kim-marie-borger.com/beerdigungen/aachen/","0.5","https://kim-marie-borger.com/beerdigungen/langenfeld/","0.545","https://kim-marie-borger.com/beerdigungen/langenfeld/","0.8867","Trauermusik Hilden | Live-Viola für Abschied","Trauermusik in Hilden, die den Abschied ruhig trägt."
"beerdigungen","local","P3","low","ok","rewritten-batch-16-stretched-review-needed","true","true","iserlohn","Trauermusik Iserlohn","https://kim-marie-borger.com/beerdigungen/iserlohn/","945","354","11","2","0","1","75","1","true","true","46","135","https://kim-marie-borger.com/beerdigungen/aachen/","0.5","https://kim-marie-borger.com/beerdigungen/haan/","0.552","https://kim-marie-borger.com/beerdigungen/remscheid/","0.8768","Trauermusik Iserlohn | Live-Viola für Abschied","Trauermusik in Iserlohn, die den Abschied ruhig trägt."
"beerdigungen","local","P3","low","ok","rewritten-batch-16-stretched-review-needed","true","true","koeln","Trauermusik Köln","https://kim-marie-borger.com/beerdigungen/koeln/","954","351","11","2","0","1","75","1","true","true","42","131","https://kim-marie-borger.com/beerdigungen/aachen/","0.5","https://kim-marie-borger.com/beerdigungen/krefeld/","0.5432","https://kim-marie-borger.com/beerdigungen/bonn/","0.8661","Trauermusik Köln | Live-Viola für Abschied","Trauermusik in Köln, die den Abschied ruhig trägt."
"beerdigungen","local","P3","low","ok","rewritten-batch-16-stretched-review-needed","true","true","krefeld","Trauermusik Krefeld","https://kim-marie-borger.com/beerdigungen/krefeld/","961","341","11","2","0","1","75","1","true","true","45","134","https://kim-marie-borger.com/beerdigungen/aachen/","0.5","https://kim-marie-borger.com/beerdigungen/erkrath/","0.544","https://kim-marie-borger.com/beerdigungen/erkrath/","0.8708","Trauermusik Krefeld | Live-Viola für Abschied","Trauermusik in Krefeld, die den Abschied ruhig trägt."
"beerdigungen","local","P3","low","ok","rewritten-batch-16-stretched-review-needed","true","true","kreis-mettmann","Trauermusik Kreis Mettmann","https://kim-marie-borger.com/beerdigungen/kreis-mettmann/","971","359","11","2","0","1","75","1","true","true","52","141","https://kim-marie-borger.com/beerdigungen/mettmann/","0.8","https://kim-marie-borger.com/beerdigungen/siegen/","0.5321","https://kim-marie-borger.com/beerdigungen/moenchengladbach/","0.8449","Trauermusik Kreis Mettmann | Live-Viola für Abschied","Trauermusik im Kreis Mettmann, die den Abschied ruhig trägt."
"beerdigungen","local","P3","low","ok","rewritten-batch-16-stretched-review-needed","true","true","langenfeld","Trauermusik Langenfeld","https://kim-marie-borger.com/beerdigungen/langenfeld/","954","346","11","2","0","1","75","1","true","true","48","137","https://kim-marie-borger.com/beerdigungen/aachen/","0.5","https://kim-marie-borger.com/beerdigungen/haan/","0.5499","https://kim-marie-borger.com/beerdigungen/hilden/","0.8867","Trauermusik Langenfeld | Live-Viola für Abschied","Trauermusik in Langenfeld, die den Abschied ruhig trägt."
"beerdigungen","local","P3","low","ok","rewritten-batch-16-stretched-review-needed","true","true","leverkusen","Trauermusik Leverkusen","https://kim-marie-borger.com/beerdigungen/leverkusen/","953","352","11","2","0","1","75","1","true","true","48","137","https://kim-marie-borger.com/beerdigungen/aachen/","0.5","https://kim-marie-borger.com/beerdigungen/velbert/","0.5576","https://kim-marie-borger.com/beerdigungen/velbert/","0.8759","Trauermusik Leverkusen | Live-Viola für Abschied","Trauermusik in Leverkusen, die den Abschied ruhig trägt."
"beerdigungen","local","P3","low","ok","rewritten-batch-16-stretched-review-needed","true","true","meerbusch","Trauermusik Meerbusch","https://kim-marie-borger.com/beerdigungen/meerbusch/","986","347","11","2","0","1","75","1","true","true","47","136","https://kim-marie-borger.com/beerdigungen/aachen/","0.5","https://kim-marie-borger.com/beerdigungen/wuelfrath/","0.5306","https://kim-marie-borger.com/beerdigungen/wuelfrath/","0.858","Trauermusik Meerbusch | Live-Viola für Abschied","Trauermusik in Meerbusch, die den Abschied ruhig trägt."
"beerdigungen","local","P3","low","ok","rewritten-batch-16-stretched-review-needed","true","true","mettmann","Trauermusik Mettmann","https://kim-marie-borger.com/beerdigungen/mettmann/","956","346","11","2","0","1","75","1","true","true","46","135","https://kim-marie-borger.com/beerdigungen/kreis-mettmann/","0.8","https://kim-marie-borger.com/beerdigungen/haan/","0.5499","https://kim-marie-borger.com/beerdigungen/iserlohn/","0.871","Trauermusik Mettmann | Live-Viola für Abschied","Trauermusik in Mettmann, die den Abschied ruhig trägt."
"beerdigungen","local","P3","low","ok","rewritten-batch-16-stretched-review-needed","true","true","moenchengladbach","Trauermusik Mönchengladbach","https://kim-marie-borger.com/beerdigungen/moenchengladbach/","952","351","11","2","0","1","75","1","true","true","53","142","https://kim-marie-borger.com/beerdigungen/aachen/","0.5","https://kim-marie-borger.com/beerdigungen/siegen/","0.5485","https://kim-marie-borger.com/beerdigungen/muenster/","0.8721","Trauermusik Mönchengladbach | Live-Viola für Abschied","Trauermusik in Mönchengladbach, die den Abschied ruhig trägt."
"beerdigungen","local","P3","low","ok","rewritten-batch-16-stretched-review-needed","true","true","moers","Trauermusik Moers","https://kim-marie-borger.com/beerdigungen/moers/","990","346","11","2","0","1","75","1","true","true","43","132","https://kim-marie-borger.com/beerdigungen/aachen/","0.5","https://kim-marie-borger.com/beerdigungen/herne/","0.5379","https://kim-marie-borger.com/beerdigungen/heiligenhaus/","0.8682","Trauermusik Moers | Live-Viola für Abschied","Trauermusik in Moers, die den Abschied ruhig trägt."
"beerdigungen","local","P3","low","ok","rewritten-batch-16-stretched-review-needed","true","true","monheim-am-rhein","Trauermusik Monheim am Rhein","https://kim-marie-borger.com/beerdigungen/monheim-am-rhein/","1003","347","11","2","0","1","75","1","true","true","54","143","https://kim-marie-borger.com/beerdigungen/rhein-ruhr/","0.6667","https://kim-marie-borger.com/beerdigungen/siegen/","0.5353","https://kim-marie-borger.com/beerdigungen/muenster/","0.8548","Trauermusik Monheim am Rhein | Live-Viola für Abschied","Trauermusik in Monheim am Rhein, die den Abschied ruhig trägt."
"beerdigungen","local","P3","low","ok","rewritten-batch-16-stretched-review-needed","true","true","muelheim-an-der-ruhr","Trauermusik Mülheim an der Ruhr","https://kim-marie-borger.com/beerdigungen/muelheim-an-der-ruhr/","1027","347","11","2","0","1","75","1","true","true","57","146","https://kim-marie-borger.com/beerdigungen/rhein-ruhr/","0.6667","https://kim-marie-borger.com/beerdigungen/haan/","0.5373","https://kim-marie-borger.com/beerdigungen/wuppertal/","0.8671","Trauermusik Mülheim an der Ruhr | Live-Viola für Abschied","Trauermusik in Mülheim an der Ruhr, die den Abschied ruhig trägt."
"beerdigungen","local","P3","low","ok","rewritten-batch-16-stretched-review-needed","true","true","muenster","Trauermusik Münster","https://kim-marie-borger.com/beerdigungen/muenster/","943","352","11","2","0","1","75","1","true","true","45","134","https://kim-marie-borger.com/beerdigungen/aachen/","0.5","https://kim-marie-borger.com/beerdigungen/solingen/","0.5496","https://kim-marie-borger.com/beerdigungen/siegen/","0.875","Trauermusik Münster | Live-Viola für Abschied","Trauermusik in Münster, die den Abschied ruhig trägt."
"beerdigungen","local","P3","low","ok","rewritten-batch-16-stretched-review-needed","true","true","neuss","Trauermusik Neuss","https://kim-marie-borger.com/beerdigungen/neuss/","981","344","11","2","0","1","75","1","true","true","43","132","https://kim-marie-borger.com/beerdigungen/rhein-kreis-neuss/","0.6667","https://kim-marie-borger.com/beerdigungen/unna/","0.5423","https://kim-marie-borger.com/beerdigungen/unna/","0.8693","Trauermusik Neuss | Live-Viola für Abschied","Trauermusik in Neuss, die den Abschied ruhig trägt."
"beerdigungen","local","P3","low","ok","rewritten-batch-16-stretched-review-needed","true","true","nordrhein-westfalen","Trauermusik Nordrhein-Westfalen","https://kim-marie-borger.com/beerdigungen/nordrhein-westfalen/","971","352","11","2","0","1","75","1","true","true","57","146","https://kim-marie-borger.com/beerdigungen/aachen/","0.4","https://kim-marie-borger.com/beerdigungen/siegen/","0.5365","https://kim-marie-borger.com/beerdigungen/siegen/","0.8489","Trauermusik Nordrhein-Westfalen | Live-Viola für Abschied","Trauermusik in Nordrhein-Westfalen, die den Abschied ruhig trägt."
"beerdigungen","local","P3","low","ok","rewritten-batch-16-stretched-review-needed","true","true","oberhausen","Trauermusik Oberhausen","https://kim-marie-borger.com/beerdigungen/oberhausen/","954","356","11","2","0","1","75","1","true","true","48","137","https://kim-marie-borger.com/beerdigungen/aachen/","0.5","https://kim-marie-borger.com/beerdigungen/haan/","0.5493","https://kim-marie-borger.com/beerdigungen/iserlohn/","0.8704","Trauermusik Oberhausen | Live-Viola für Abschied","Trauermusik in Oberhausen, die den Abschied ruhig trägt."
"beerdigungen","local","P3","low","ok","rewritten-batch-16-stretched-review-needed","true","true","paderborn","Trauermusik Paderborn","https://kim-marie-borger.com/beerdigungen/paderborn/","956","342","11","2","0","1","75","1","true","true","47","136","https://kim-marie-borger.com/beerdigungen/aachen/","0.5","https://kim-marie-borger.com/beerdigungen/dortmund/","0.5418","https://kim-marie-borger.com/beerdigungen/krefeld/","0.8683","Trauermusik Paderborn | Live-Viola für Abschied","Trauermusik in Paderborn, die den Abschied ruhig trägt."
"beerdigungen","local","P3","low","ok","rewritten-batch-16-stretched-review-needed","true","true","ratingen","Trauermusik Ratingen","https://kim-marie-borger.com/beerdigungen/ratingen/","952","348","11","2","0","1","75","1","true","true","46","135","https://kim-marie-borger.com/beerdigungen/aachen/","0.5","https://kim-marie-borger.com/beerdigungen/haan/","0.5513","https://kim-marie-borger.com/beerdigungen/langenfeld/","0.877","Trauermusik Ratingen | Live-Viola für Abschied","Trauermusik in Ratingen, die den Abschied ruhig trägt."
"beerdigungen","local","P3","low","ok","rewritten-batch-16-stretched-review-needed","true","true","recklinghausen","Trauermusik Recklinghausen","https://kim-marie-borger.com/beerdigungen/recklinghausen/","951","353","11","2","0","1","75","1","true","true","52","141","https://kim-marie-borger.com/beerdigungen/aachen/","0.5","https://kim-marie-borger.com/beerdigungen/muenster/","0.549","https://kim-marie-borger.com/beerdigungen/hagen/","0.8731","Trauermusik Recklinghausen | Live-Viola für Abschied","Trauermusik in Recklinghausen, die den Abschied ruhig trägt."
"beerdigungen","local","P3","low","ok","rewritten-batch-16-stretched-review-needed","true","true","remscheid","Trauermusik Remscheid","https://kim-marie-borger.com/beerdigungen/remscheid/","938","353","11","2","0","1","75","1","true","true","47","136","https://kim-marie-borger.com/beerdigungen/aachen/","0.5","https://kim-marie-borger.com/beerdigungen/haan/","0.552","https://kim-marie-borger.com/beerdigungen/iserlohn/","0.8768","Trauermusik Remscheid | Live-Viola für Abschied","Trauermusik in Remscheid, die den Abschied ruhig trägt."
"beerdigungen","local","P3","low","ok","rewritten-batch-16-stretched-review-needed","true","true","rhein-kreis-neuss","Trauermusik Rhein-Kreis Neuss","https://kim-marie-borger.com/beerdigungen/rhein-kreis-neuss/","1012","354","11","2","0","1","75","1","true","true","55","144","https://kim-marie-borger.com/beerdigungen/neuss/","0.6667","https://kim-marie-borger.com/beerdigungen/rhein-ruhr/","0.5301","https://kim-marie-borger.com/beerdigungen/rhein-ruhr/","0.8364","Trauermusik Rhein-Kreis Neuss | Live-Viola für Abschied","Trauermusik im Rhein-Kreis Neuss, die den Abschied ruhig trägt."
"beerdigungen","local","P3","low","ok","rewritten-batch-16-stretched-review-needed","true","true","rhein-ruhr","Trauermusik Rhein-Ruhr","https://kim-marie-borger.com/beerdigungen/rhein-ruhr/","1013","355","11","2","0","1","75","1","true","true","48","137","https://kim-marie-borger.com/beerdigungen/monheim-am-rhein/","0.6667","https://kim-marie-borger.com/beerdigungen/rhein-kreis-neuss/","0.5301","https://kim-marie-borger.com/beerdigungen/muelheim-an-der-ruhr/","0.8586","Trauermusik Rhein-Ruhr | Live-Viola für Abschied","Trauermusik in der Rhein-Ruhr-Region, die den Abschied ruhig trägt."
"beerdigungen","local","P3","low","ok","rewritten-batch-16-stretched-review-needed","true","true","rheinland","Trauermusik Rheinland","https://kim-marie-borger.com/beerdigungen/rheinland/","963","346","11","2","0","1","75","1","true","true","47","136","https://kim-marie-borger.com/beerdigungen/aachen/","0.5","https://kim-marie-borger.com/beerdigungen/erkrath/","0.5414","https://kim-marie-borger.com/beerdigungen/erkrath/","0.8689","Trauermusik Rheinland | Live-Viola für Abschied","Trauermusik im Rheinland, die den Abschied ruhig trägt."
"beerdigungen","local","P3","low","ok","rewritten-batch-16-stretched-review-needed","true","true","ruhrgebiet","Trauermusik Ruhrgebiet","https://kim-marie-borger.com/beerdigungen/ruhrgebiet/","955","346","11","2","0","1","75","1","true","true","48","137","https://kim-marie-borger.com/beerdigungen/aachen/","0.5","https://kim-marie-borger.com/beerdigungen/erkrath/","0.5407","https://kim-marie-borger.com/beerdigungen/erkrath/","0.8613","Trauermusik Ruhrgebiet | Live-Viola für Abschied","Trauermusik im Ruhrgebiet, die den Abschied ruhig trägt."
"beerdigungen","local","P3","low","ok","rewritten-batch-16-stretched-review-needed","true","true","siegen","Trauermusik Siegen","https://kim-marie-borger.com/beerdigungen/siegen/","949","354","11","2","0","1","75","1","true","true","44","133","https://kim-marie-borger.com/beerdigungen/aachen/","0.5","https://kim-marie-borger.com/beerdigungen/moenchengladbach/","0.5485","https://kim-marie-borger.com/beerdigungen/muenster/","0.875","Trauermusik Siegen | Live-Viola für Abschied","Trauermusik in Siegen, die den Abschied ruhig trägt."
"beerdigungen","local","P3","low","ok","rewritten-batch-16-stretched-review-needed","true","true","solingen","Trauermusik Solingen","https://kim-marie-borger.com/beerdigungen/solingen/","947","355","11","2","0","1","75","1","true","true","46","135","https://kim-marie-borger.com/beerdigungen/aachen/","0.5","https://kim-marie-borger.com/beerdigungen/muenster/","0.5496","https://kim-marie-borger.com/beerdigungen/muenster/","0.867","Trauermusik Solingen | Live-Viola für Abschied","Trauermusik in Solingen, die den Abschied ruhig trägt."
"beerdigungen","local","P3","low","ok","rewritten-batch-16-stretched-review-needed","true","true","unna","Trauermusik Unna","https://kim-marie-borger.com/beerdigungen/unna/","974","341","11","2","0","1","75","1","true","true","42","131","https://kim-marie-borger.com/beerdigungen/aachen/","0.5","https://kim-marie-borger.com/beerdigungen/neuss/","0.5423","https://kim-marie-borger.com/beerdigungen/heiligenhaus/","0.8702","Trauermusik Unna | Live-Viola für Abschied","Trauermusik in Unna, die den Abschied ruhig trägt."
"beerdigungen","local","P3","low","ok","rewritten-batch-16-stretched-review-needed","true","true","velbert","Trauermusik Velbert","https://kim-marie-borger.com/beerdigungen/velbert/","944","354","11","2","0","1","75","1","true","true","45","134","https://kim-marie-borger.com/beerdigungen/aachen/","0.5","https://kim-marie-borger.com/beerdigungen/leverkusen/","0.5576","https://kim-marie-borger.com/beerdigungen/leverkusen/","0.8759","Trauermusik Velbert | Live-Viola für Abschied","Trauermusik in Velbert, die den Abschied ruhig trägt."
"beerdigungen","local","P3","low","ok","rewritten-batch-16-stretched-review-needed","true","true","wuelfrath","Trauermusik Wülfrath","https://kim-marie-borger.com/beerdigungen/wuelfrath/","974","343","11","2","0","1","75","1","true","true","46","135","https://kim-marie-borger.com/beerdigungen/aachen/","0.5","https://kim-marie-borger.com/beerdigungen/herne/","0.5325","https://kim-marie-borger.com/beerdigungen/moers/","0.868","Trauermusik Wülfrath | Live-Viola für Abschied","Trauermusik in Wülfrath, die den Abschied ruhig trägt."
"beerdigungen","local","P3","low","ok","rewritten-batch-16-stretched-review-needed","true","true","wuppertal","Trauermusik Wuppertal","https://kim-marie-borger.com/beerdigungen/wuppertal/","956","356","11","2","0","1","75","1","true","true","47","136","https://kim-marie-borger.com/beerdigungen/aachen/","0.5","https://kim-marie-borger.com/beerdigungen/haan/","0.5493","https://kim-marie-borger.com/beerdigungen/remscheid/","0.8752","Trauermusik Wuppertal | Live-Viola für Abschied","Trauermusik in Wuppertal, die den Abschied ruhig trägt."
"beerdigungen","topic","P2","low","ok","rewritten-batch-16-stretched-review-needed","true","true","amazing-grace-beerdigung","Amazing Grace Beerdigung","https://kim-marie-borger.com/beerdigungen/amazing-grace-beerdigung/","798","314","11","2","0","1","69","1","true","true","50","128","https://kim-marie-borger.com/beerdigungen/bratsche-beerdigung/","0.4","https://kim-marie-borger.com/beerdigungen/live-musik-beerdigung/","0.5807","https://kim-marie-borger.com/beerdigungen/live-musik-beerdigung/","0.8878","amazing Grace Beerdigung | Live-Viola für Abschied","Amazing Grace zur Beerdigung, schlicht gespielt und ohne Pathos."
"beerdigungen","topic","P2","low","ok","rewritten-batch-16-stretched-review-needed","true","true","ave-maria-beerdigung","Ave Maria Beerdigung","https://kim-marie-borger.com/beerdigungen/ave-maria-beerdigung/","851","317","11","2","0","1","69","1","true","true","46","124","https://kim-marie-borger.com/beerdigungen/bratsche-beerdigung/","0.4","https://kim-marie-borger.com/beerdigungen/viola-beerdigung/","0.5886","https://kim-marie-borger.com/beerdigungen/viola-beerdigung/","0.8932","Ave Maria Beerdigung | Live-Viola für Abschied","Ave Maria zur Beerdigung, getragen, klassisch und behutsam eingesetzt."
"beerdigungen","topic","P2","low","ok","rewritten-batch-16-stretched-review-needed","true","true","bratsche-beerdigung","Bratsche Beerdigung","https://kim-marie-borger.com/beerdigungen/bratsche-beerdigung/","806","331","11","2","0","1","69","1","true","true","45","123","https://kim-marie-borger.com/beerdigungen/geige-beerdigung/","0.5","https://kim-marie-borger.com/beerdigungen/klassische-musik-beerdigung/","0.5905","https://kim-marie-borger.com/beerdigungen/klassische-musik-beerdigung/","0.8893","Bratsche Beerdigung | Live-Viola für Abschied","Bratsche zur Beerdigung, warm, dunkel und nah an der menschlichen Stimme."
"beerdigungen","topic","P2","low","ok","rewritten-batch-16-stretched-review-needed","true","true","geige-beerdigung","Geige Beerdigung","https://kim-marie-borger.com/beerdigungen/geige-beerdigung/","792","328","11","2","0","1","69","1","true","true","42","120","https://kim-marie-borger.com/beerdigungen/bratsche-beerdigung/","0.5","https://kim-marie-borger.com/beerdigungen/musik-beerdigung/","0.604","https://kim-marie-borger.com/beerdigungen/musik-beerdigung/","0.9077","Geige Beerdigung | Live-Viola für Abschied","Geige zur Beerdigung gesucht, transparent als warme Solo-Viola umgesetzt."
"beerdigungen","topic","P2","low","ok","rewritten-batch-16-stretched-review-needed","true","true","instrumentalmusik-trauerfeier","Instrumentalmusik Trauerfeier","https://kim-marie-borger.com/beerdigungen/instrumentalmusik-trauerfeier/","771","324","11","2","0","1","69","1","true","true","55","133","https://kim-marie-borger.com/beerdigungen/musik-trauerfeier/","0.5","https://kim-marie-borger.com/beerdigungen/musikerin-trauerfeier/","0.6165","https://kim-marie-borger.com/beerdigungen/musikerin-trauerfeier/","0.9089","Instrumentalmusik Trauerfeier | Live-Viola für Abschied","Instrumentalmusik zur Trauerfeier, wenn Worte Raum behalten sollen."
"beerdigungen","topic","P2","low","ok","rewritten-batch-16-stretched-review-needed","true","true","klassische-musik-beerdigung","Klassische Musik Beerdigung","https://kim-marie-borger.com/beerdigungen/klassische-musik-beerdigung/","831","329","11","2","0","1","69","1","true","true","53","131","https://kim-marie-borger.com/beerdigungen/musik-beerdigung/","0.8","https://kim-marie-borger.com/beerdigungen/bratsche-beerdigung/","0.5905","https://kim-marie-borger.com/beerdigungen/musik-abschied/","0.8902","Klassische Musik Beerdigung | Live-Viola für Abschied","Klassische Musik zur Beerdigung, würdevoll, ruhig und nicht schwerer als nötig."
"beerdigungen","topic","P2","low","ok","rewritten-batch-16-stretched-review-needed","true","true","live-musik-beerdigung","Live Musik Beerdigung","https://kim-marie-borger.com/beerdigungen/live-musik-beerdigung/","810","318","11","2","0","1","69","1","true","true","47","125","https://kim-marie-borger.com/beerdigungen/musik-beerdigung/","0.8","https://kim-marie-borger.com/beerdigungen/amazing-grace-beerdigung/","0.5807","https://kim-marie-borger.com/beerdigungen/musik-bestattung/","0.9031","Live Musik Beerdigung | Live-Viola für Abschied","Live Musik zur Beerdigung, wenn der Ablauf atmen darf."
"beerdigungen","topic","P2","low","ok","rewritten-batch-16-stretched-review-needed","true","true","live-musik-trauerfeier","Live Musik Trauerfeier","https://kim-marie-borger.com/beerdigungen/live-musik-trauerfeier/","830","326","11","2","0","1","69","1","true","true","48","126","https://kim-marie-borger.com/beerdigungen/musik-trauerfeier/","0.8","https://kim-marie-borger.com/beerdigungen/musik-abschied/","0.5724","https://kim-marie-borger.com/beerdigungen/musik-abschied/","0.8967","Live Musik Trauerfeier | Live-Viola für Abschied","Live Musik zur Trauerfeier, die auf Worte und Stille reagiert."
"beerdigungen","topic","P2","low","ok","rewritten-batch-16-stretched-review-needed","true","true","moderne-trauermusik","Moderne Trauermusik","https://kim-marie-borger.com/beerdigungen/moderne-trauermusik/","782","318","11","2","0","1","69","1","true","true","45","123","https://kim-marie-borger.com/beerdigungen/trauermusik-buchen/","0.5","https://kim-marie-borger.com/beerdigungen/musik-bestattung/","0.5878","https://kim-marie-borger.com/beerdigungen/musik-bestattung/","0.8828","Moderne Trauermusik | Live-Viola für Abschied","Moderne Trauermusik, wenn ein persönliches Lied wichtiger ist als Tradition."
"beerdigungen","topic","P2","low","ok","rewritten-batch-16-stretched-review-needed","true","true","musik-abschied","Musik Abschied","https://kim-marie-borger.com/beerdigungen/musik-abschied/","792","320","11","2","0","1","69","1","true","true","40","118","https://kim-marie-borger.com/beerdigungen/musik-letzter-abschied/","0.8","https://kim-marie-borger.com/beerdigungen/musik-am-grab/","0.6248","https://kim-marie-borger.com/beerdigungen/musik-am-grab/","0.9128","Musik Abschied | Live-Viola für Abschied","Musik für einen Abschied, der nicht immer in ein festes Schema passt."
"beerdigungen","topic","P2","low","ok","rewritten-batch-16-stretched-review-needed","true","true","musik-am-grab","Musik am Grab","https://kim-marie-borger.com/beerdigungen/musik-am-grab/","812","321","11","2","0","1","69","1","true","true","39","117","https://kim-marie-borger.com/beerdigungen/musik-abschied/","0.5","https://kim-marie-borger.com/beerdigungen/musik-abschied/","0.6248","https://kim-marie-borger.com/beerdigungen/musik-abschied/","0.9128","Musik am Grab | Live-Viola für Abschied","Musik am Grab, kurz, schlicht und wetterfest geplant."
"beerdigungen","topic","P2","low","ok","rewritten-batch-16-stretched-review-needed","true","true","musik-beerdigung","Musik Beerdigung","https://kim-marie-borger.com/beerdigungen/musik-beerdigung/","790","327","11","2","0","1","69","1","true","true","42","120","https://kim-marie-borger.com/beerdigungen/klassische-musik-beerdigung/","0.8","https://kim-marie-borger.com/beerdigungen/geige-beerdigung/","0.604","https://kim-marie-borger.com/beerdigungen/geige-beerdigung/","0.9077","Musik Beerdigung | Live-Viola für Abschied","Musik zur Beerdigung, ruhig geplant vom ersten Ton bis zum Abschied am Grab."
"beerdigungen","topic","P2","low","ok","rewritten-batch-16-stretched-review-needed","true","true","musik-bestattung","Musik Bestattung","https://kim-marie-borger.com/beerdigungen/musik-bestattung/","779","311","11","2","0","1","69","1","true","true","42","120","https://kim-marie-borger.com/beerdigungen/musik-abschied/","0.5","https://kim-marie-borger.com/beerdigungen/moderne-trauermusik/","0.5878","https://kim-marie-borger.com/beerdigungen/live-musik-beerdigung/","0.9031","Musik Bestattung | Live-Viola für Abschied","Musik zur Bestattung, formal sicher und trotzdem persönlich."
"beerdigungen","topic","P2","low","ok","rewritten-batch-16-stretched-review-needed","true","true","musik-letzter-abschied","Musik letzter Abschied","https://kim-marie-borger.com/beerdigungen/musik-letzter-abschied/","824","310","11","2","0","1","69","1","true","true","48","126","https://kim-marie-borger.com/beerdigungen/musik-abschied/","0.8","https://kim-marie-borger.com/beerdigungen/musik-trauerfeier/","0.5956","https://kim-marie-borger.com/beerdigungen/musik-trauerfeier/","0.8979","Musik Letzter Abschied | Live-Viola für Abschied","Musik für den letzten Abschied, wenn der Schlussmoment gehalten werden soll."
"beerdigungen","topic","P2","low","ok","rewritten-batch-16-stretched-review-needed","true","true","musik-trauerfeier","Musik Trauerfeier","https://kim-marie-borger.com/beerdigungen/musik-trauerfeier/","803","307","11","2","0","1","69","1","true","true","43","121","https://kim-marie-borger.com/beerdigungen/live-musik-trauerfeier/","0.8","https://kim-marie-borger.com/beerdigungen/musik-letzter-abschied/","0.5956","https://kim-marie-borger.com/beerdigungen/musik-letzter-abschied/","0.8979","Musik Trauerfeier | Live-Viola für Abschied","Musik für die Trauerfeier, die Worte nicht ersetzt, sondern trägt."
"beerdigungen","topic","P2","low","ok","rewritten-batch-16-stretched-review-needed","true","true","musikerin-trauerfeier","Musikerin Trauerfeier","https://kim-marie-borger.com/beerdigungen/musikerin-trauerfeier/","776","325","11","2","0","1","69","1","true","true","47","125","https://kim-marie-borger.com/beerdigungen/instrumentalmusik-trauerfeier/","0.5","https://kim-marie-borger.com/beerdigungen/instrumentalmusik-trauerfeier/","0.6165","https://kim-marie-borger.com/beerdigungen/instrumentalmusik-trauerfeier/","0.9089","Musikerin Trauerfeier | Live-Viola für Abschied","Eine Musikerin zur Trauerfeier, wenn direkter Kontakt und ruhige Abstimmung wichtig sind."
"beerdigungen","topic","P2","low","ok","rewritten-batch-16-stretched-review-needed","true","true","trauermusik-buchen","Trauermusik buchen","https://kim-marie-borger.com/beerdigungen/trauermusik-buchen/","788","324","11","2","0","1","69","1","true","true","44","122","https://kim-marie-borger.com/beerdigungen/moderne-trauermusik/","0.5","https://kim-marie-borger.com/beerdigungen/trauermusik-repertoire/","0.6034","https://kim-marie-borger.com/beerdigungen/trauermusik-repertoire/","0.9099","Trauermusik Buchen | Live-Viola für Abschied","Trauermusik buchen, wenn Termin, Ort und Wunschmusik konkret werden."
"beerdigungen","topic","P2","low","ok","rewritten-batch-16-stretched-review-needed","true","true","trauermusik-repertoire","Trauermusik Repertoire","https://kim-marie-borger.com/beerdigungen/trauermusik-repertoire/","790","331","11","2","0","1","69","1","true","true","48","126","https://kim-marie-borger.com/beerdigungen/moderne-trauermusik/","0.5","https://kim-marie-borger.com/beerdigungen/trauermusik-buchen/","0.6034","https://kim-marie-borger.com/beerdigungen/trauermusik-buchen/","0.9099","Trauermusik Repertoire | Live-Viola für Abschied","Trauermusik Repertoire, wenn Stücke ausgewählt und eingeordnet werden sollen."
"beerdigungen","topic","P2","low","ok","rewritten-batch-16-stretched-review-needed","true","true","trauermusikerin","Trauermusikerin","https://kim-marie-borger.com/beerdigungen/trauermusikerin/","771","327","11","2","0","1","69","1","true","true","41","119","","0","https://kim-marie-borger.com/beerdigungen/musikerin-trauerfeier/","0.6006","https://kim-marie-borger.com/beerdigungen/musikerin-trauerfeier/","0.8982","Trauermusikerin | Live-Viola für Abschied","Eine Trauermusikerin mit Viola, ruhig, persönlich und verlässlich."
"beerdigungen","topic","P2","low","ok","rewritten-batch-16-stretched-review-needed","true","true","viola-beerdigung","Viola Beerdigung","https://kim-marie-borger.com/beerdigungen/viola-beerdigung/","804","310","11","2","0","1","69","1","true","true","42","120","https://kim-marie-borger.com/beerdigungen/bratsche-beerdigung/","0.5","https://kim-marie-borger.com/beerdigungen/ave-maria-beerdigung/","0.5886","https://kim-marie-borger.com/beerdigungen/ave-maria-beerdigung/","0.8932","Viola Beerdigung | Live-Viola für Abschied","Viola zur Beerdigung, warm, schlicht und nah an der Stimme."
"firmenfeiern","local","P3","low","ok","rewritten-batch-16-stretched-review-needed","true","true","aachen","Live Musik Firmenevent Aachen","https://kim-marie-borger.com/firmenfeiern/aachen/","1593","464","10","2","0","1","75","1","true","true","31","128","https://kim-marie-borger.com/firmenfeiern/bielefeld/","0.75","https://kim-marie-borger.com/firmenfeiern/essen/","0.477","https://kim-marie-borger.com/firmenfeiern/essen/","0.7954","Firmenevent Aachen | Live-Viola","Live Musik für Firmenevents in Aachen."
"firmenfeiern","local","P3","low","ok","rewritten-batch-16-stretched-review-needed","true","true","bergisch-gladbach","Live Musik Firmenevent Bergisch Gladbach","https://kim-marie-borger.com/firmenfeiern/bergisch-gladbach/","1557","450","10","2","0","1","75","1","true","true","42","139","https://kim-marie-borger.com/firmenfeiern/aachen/","0.6667","https://kim-marie-borger.com/firmenfeiern/aachen/","0.4104","https://kim-marie-borger.com/firmenfeiern/siegen/","0.7405","Firmenevent Bergisch Gladbach | Live-Viola","Live Musik für Firmenevents in Bergisch Gladbach."
"firmenfeiern","local","P3","low","ok","rewritten-batch-16-stretched-review-needed","true","true","bergisches-land","Live Musik Firmenevent Bergisches Land","https://kim-marie-borger.com/firmenfeiern/bergisches-land/","1539","448","10","2","0","1","75","1","true","true","40","137","https://kim-marie-borger.com/firmenfeiern/aachen/","0.6667","https://kim-marie-borger.com/firmenfeiern/koeln/","0.4326","https://kim-marie-borger.com/firmenfeiern/heiligenhaus/","0.7642","Firmenevent Bergisches Land | Live-Viola","Live Musik für Firmenevents im Bergischen Land."
"firmenfeiern","local","P3","low","ok","rewritten-batch-16-stretched-review-needed","true","true","bielefeld","Live Musik Firmenevent Bielefeld","https://kim-marie-borger.com/firmenfeiern/bielefeld/","1600","456","10","2","0","1","75","1","true","true","34","131","https://kim-marie-borger.com/firmenfeiern/aachen/","0.75","https://kim-marie-borger.com/firmenfeiern/heiligenhaus/","0.4691","https://kim-marie-borger.com/firmenfeiern/muenster/","0.7824","Firmenevent Bielefeld | Live-Viola","Live Musik für Firmenevents in Bielefeld."
"firmenfeiern","local","P3","low","ok","rewritten-batch-16-stretched-review-needed","true","true","bochum","Live Musik Firmenevent Bochum","https://kim-marie-borger.com/firmenfeiern/bochum/","1578","460","10","2","0","1","75","1","true","true","31","128","https://kim-marie-borger.com/firmenfeiern/aachen/","0.75","https://kim-marie-borger.com/firmenfeiern/moers/","0.4629","https://kim-marie-borger.com/firmenfeiern/ruhrgebiet/","0.7955","Firmenevent Bochum | Live-Viola","Live Musik für Firmenevents in Bochum."
"firmenfeiern","local","P3","low","ok","rewritten-batch-16-stretched-review-needed","true","true","bonn","Live Musik Firmenevent Bonn","https://kim-marie-borger.com/firmenfeiern/bonn/","1574","464","10","2","0","1","75","1","true","true","29","126","https://kim-marie-borger.com/firmenfeiern/aachen/","0.75","https://kim-marie-borger.com/firmenfeiern/recklinghausen/","0.471","https://kim-marie-borger.com/firmenfeiern/recklinghausen/","0.8011","Firmenevent Bonn | Live-Viola","Live Musik für Firmenevents in Bonn."
"firmenfeiern","local","P3","low","ok","rewritten-batch-16-stretched-review-needed","true","true","bottrop","Live Musik Firmenevent Bottrop","https://kim-marie-borger.com/firmenfeiern/bottrop/","1586","461","10","2","0","1","75","1","true","true","32","129","https://kim-marie-borger.com/firmenfeiern/aachen/","0.75","https://kim-marie-borger.com/firmenfeiern/moers/","0.4523","https://kim-marie-borger.com/firmenfeiern/moers/","0.7873","Firmenevent Bottrop | Live-Viola","Live Musik für Firmenevents in Bottrop."
"firmenfeiern","local","P3","low","ok","rewritten-batch-16-stretched-review-needed","true","true","dormagen","Live Musik Firmenevent Dormagen","https://kim-marie-borger.com/firmenfeiern/dormagen/","1597","465","10","2","0","1","75","1","true","true","33","130","https://kim-marie-borger.com/firmenfeiern/aachen/","0.75","https://kim-marie-borger.com/firmenfeiern/monheim-am-rhein/","0.4588","https://kim-marie-borger.com/firmenfeiern/velbert/","0.7905","Firmenevent Dormagen | Live-Viola","Live Musik für Firmenevents in Dormagen."
"firmenfeiern","local","P3","low","ok","rewritten-batch-16-stretched-review-needed","true","true","dortmund","Live Musik Firmenevent Dortmund","https://kim-marie-borger.com/firmenfeiern/dortmund/","1561","450","10","2","0","1","75","1","true","true","33","130","https://kim-marie-borger.com/firmenfeiern/aachen/","0.75","https://kim-marie-borger.com/firmenfeiern/muenster/","0.4711","https://kim-marie-borger.com/firmenfeiern/muenster/","0.8014","Firmenevent Dortmund | Live-Viola","Live Musik für Firmenevents in Dortmund."
"firmenfeiern","local","P3","low","ok","rewritten-batch-16-stretched-review-needed","true","true","duesseldorf","Live Musik Firmenevent Düsseldorf","https://kim-marie-borger.com/firmenfeiern/duesseldorf/","1554","453","10","2","0","1","75","1","true","true","35","132","https://kim-marie-borger.com/firmenfeiern/aachen/","0.75","https://kim-marie-borger.com/firmenfeiern/ratingen/","0.4806","https://kim-marie-borger.com/firmenfeiern/ratingen/","0.816","Firmenevent Düsseldorf | Live-Viola","Live Musik für Firmenevents in Düsseldorf."
"firmenfeiern","local","P3","low","ok","rewritten-batch-16-stretched-review-needed","true","true","duisburg","Live Musik Firmenevent Duisburg","https://kim-marie-borger.com/firmenfeiern/duisburg/","1570","460","10","2","0","1","75","1","true","true","33","130","https://kim-marie-borger.com/firmenfeiern/aachen/","0.75","https://kim-marie-borger.com/firmenfeiern/hagen/","0.4775","https://kim-marie-borger.com/firmenfeiern/leverkusen/","0.8029","Firmenevent Duisburg | Live-Viola","Live Musik für Firmenevents in Duisburg."
"firmenfeiern","local","P3","low","ok","rewritten-batch-16-stretched-review-needed","true","true","erkrath","Live Musik Firmenevent Erkrath","https://kim-marie-borger.com/firmenfeiern/erkrath/","1628","464","10","2","0","1","75","1","true","true","32","129","https://kim-marie-borger.com/firmenfeiern/aachen/","0.75","https://kim-marie-borger.com/firmenfeiern/monheim-am-rhein/","0.4684","https://kim-marie-borger.com/firmenfeiern/ratingen/","0.7945","Firmenevent Erkrath | Live-Viola","Live Musik für Firmenevents in Erkrath."
"firmenfeiern","local","P3","low","ok","rewritten-batch-16-stretched-review-needed","true","true","essen","Live Musik Firmenevent Essen","https://kim-marie-borger.com/firmenfeiern/essen/","1596","455","10","2","0","1","75","1","true","true","30","127","https://kim-marie-borger.com/firmenfeiern/aachen/","0.75","https://kim-marie-borger.com/firmenfeiern/aachen/","0.477","https://kim-marie-borger.com/firmenfeiern/siegen/","0.8072","Firmenevent Essen | Live-Viola","Live Musik für Firmenevents in Essen."
"firmenfeiern","local","P3","low","ok","rewritten-batch-16-stretched-review-needed","true","true","gelsenkirchen","Live Musik Firmenevent Gelsenkirchen","https://kim-marie-borger.com/firmenfeiern/gelsenkirchen/","1561","456","10","2","0","1","75","1","true","true","38","135","https://kim-marie-borger.com/firmenfeiern/aachen/","0.75","https://kim-marie-borger.com/firmenfeiern/wuppertal/","0.4876","https://kim-marie-borger.com/firmenfeiern/wuppertal/","0.8218","Firmenevent Gelsenkirchen | Live-Viola","Live Musik für Firmenevents in Gelsenkirchen."
"firmenfeiern","local","P3","low","ok","rewritten-batch-16-stretched-review-needed","true","true","haan","Live Musik Firmenevent Haan","https://kim-marie-borger.com/firmenfeiern/haan/","1561","459","10","2","0","1","75","1","true","true","29","126","https://kim-marie-borger.com/firmenfeiern/aachen/","0.75","https://kim-marie-borger.com/firmenfeiern/leverkusen/","0.4953","https://kim-marie-borger.com/firmenfeiern/leverkusen/","0.8255","Firmenevent Haan | Live-Viola","Live Musik für Firmenevents in Haan."
"firmenfeiern","local","P3","low","ok","rewritten-batch-16-stretched-review-needed","true","true","hagen","Live Musik Firmenevent Hagen","https://kim-marie-borger.com/firmenfeiern/hagen/","1579","451","10","2","0","1","75","1","true","true","30","127","https://kim-marie-borger.com/firmenfeiern/aachen/","0.75","https://kim-marie-borger.com/firmenfeiern/duisburg/","0.4775","https://kim-marie-borger.com/firmenfeiern/paderborn/","0.8073","Firmenevent Hagen | Live-Viola","Live Musik für Firmenevents in Hagen."
"firmenfeiern","local","P3","low","ok","rewritten-batch-16-stretched-review-needed","true","true","heiligenhaus","Live Musik Firmenevent Heiligenhaus","https://kim-marie-borger.com/firmenfeiern/heiligenhaus/","1522","441","10","2","0","1","75","1","true","true","37","134","https://kim-marie-borger.com/firmenfeiern/aachen/","0.75","https://kim-marie-borger.com/firmenfeiern/meerbusch/","0.4921","https://kim-marie-borger.com/firmenfeiern/meerbusch/","0.8145","Firmenevent Heiligenhaus | Live-Viola","Live Musik für Firmenevents in Heiligenhaus."
"firmenfeiern","local","P3","low","ok","rewritten-batch-16-stretched-review-needed","true","true","herne","Live Musik Firmenevent Herne","https://kim-marie-borger.com/firmenfeiern/herne/","1597","461","10","2","0","1","75","1","true","true","30","127","https://kim-marie-borger.com/firmenfeiern/aachen/","0.75","https://kim-marie-borger.com/firmenfeiern/hagen/","0.4662","https://kim-marie-borger.com/firmenfeiern/moenchengladbach/","0.8016","Firmenevent Herne | Live-Viola","Live Musik für Firmenevents in Herne."
"firmenfeiern","local","P3","low","ok","rewritten-batch-16-stretched-review-needed","true","true","hilden","Live Musik Firmenevent Hilden","https://kim-marie-borger.com/firmenfeiern/hilden/","1572","446","10","2","0","1","75","1","true","true","31","128","https://kim-marie-borger.com/firmenfeiern/aachen/","0.75","https://kim-marie-borger.com/firmenfeiern/iserlohn/","0.47","https://kim-marie-borger.com/firmenfeiern/iserlohn/","0.8128","Firmenevent Hilden | Live-Viola","Live Musik für Firmenevents in Hilden."
"firmenfeiern","local","P3","low","ok","rewritten-batch-16-stretched-review-needed","true","true","iserlohn","Live Musik Firmenevent Iserlohn","https://kim-marie-borger.com/firmenfeiern/iserlohn/","1552","454","10","2","0","1","75","1","true","true","33","130","https://kim-marie-borger.com/firmenfeiern/aachen/","0.75","https://kim-marie-borger.com/firmenfeiern/hilden/","0.47","https://kim-marie-borger.com/firmenfeiern/hilden/","0.8128","Firmenevent Iserlohn | Live-Viola","Live Musik für Firmenevents in Iserlohn."
"firmenfeiern","local","P3","low","ok","rewritten-batch-16-stretched-review-needed","true","true","koeln","Live Musik Firmenevent Köln","https://kim-marie-borger.com/firmenfeiern/koeln/","1582","456","10","2","0","1","75","1","true","true","29","126","https://kim-marie-borger.com/firmenfeiern/aachen/","0.75","https://kim-marie-borger.com/firmenfeiern/ratingen/","0.4641","https://kim-marie-borger.com/firmenfeiern/ratingen/","0.8068","Firmenevent Köln | Live-Viola","Live Musik für Firmenevents in Köln."
"firmenfeiern","local","P3","low","ok","rewritten-batch-16-stretched-review-needed","true","true","krefeld","Live Musik Firmenevent Krefeld","https://kim-marie-borger.com/firmenfeiern/krefeld/","1567","449","10","2","0","1","75","1","true","true","32","129","https://kim-marie-borger.com/firmenfeiern/aachen/","0.75","https://kim-marie-borger.com/firmenfeiern/bonn/","0.4654","https://kim-marie-borger.com/firmenfeiern/recklinghausen/","0.8116","Firmenevent Krefeld | Live-Viola","Live Musik für Firmenevents in Krefeld."
"firmenfeiern","local","P3","low","ok","rewritten-batch-16-stretched-review-needed","true","true","kreis-mettmann","Live Musik Firmenevent Kreis Mettmann","https://kim-marie-borger.com/firmenfeiern/kreis-mettmann/","1583","463","10","2","0","1","75","1","true","true","39","136","https://kim-marie-borger.com/firmenfeiern/mettmann/","0.8889","https://kim-marie-borger.com/firmenfeiern/monheim-am-rhein/","0.4734","https://kim-marie-borger.com/firmenfeiern/rhein-kreis-neuss/","0.8037","Firmenevent Kreis Mettmann | Live-Viola","Live Musik für Firmenevents im Kreis Mettmann."
"firmenfeiern","local","P3","low","ok","rewritten-batch-16-stretched-review-needed","true","true","langenfeld","Live Musik Firmenevent Langenfeld","https://kim-marie-borger.com/firmenfeiern/langenfeld/","1565","452","10","2","0","1","75","1","true","true","35","132","https://kim-marie-borger.com/firmenfeiern/aachen/","0.75","https://kim-marie-borger.com/firmenfeiern/oberhausen/","0.4731","https://kim-marie-borger.com/firmenfeiern/oberhausen/","0.8","Firmenevent Langenfeld | Live-Viola","Live Musik für Firmenevents in Langenfeld."
"firmenfeiern","local","P3","low","ok","rewritten-batch-16-stretched-review-needed","true","true","leverkusen","Live Musik Firmenevent Leverkusen","https://kim-marie-borger.com/firmenfeiern/leverkusen/","1551","460","10","2","0","1","75","1","true","true","35","132","https://kim-marie-borger.com/firmenfeiern/aachen/","0.75","https://kim-marie-borger.com/firmenfeiern/haan/","0.4953","https://kim-marie-borger.com/firmenfeiern/haan/","0.8255","Firmenevent Leverkusen | Live-Viola","Live Musik für Firmenevents in Leverkusen."
"firmenfeiern","local","P3","low","ok","rewritten-batch-16-stretched-review-needed","true","true","meerbusch","Live Musik Firmenevent Meerbusch","https://kim-marie-borger.com/firmenfeiern/meerbusch/","1547","439","10","2","0","1","75","1","true","true","34","131","https://kim-marie-borger.com/firmenfeiern/aachen/","0.75","https://kim-marie-borger.com/firmenfeiern/heiligenhaus/","0.4921","https://kim-marie-borger.com/firmenfeiern/heiligenhaus/","0.8145","Firmenevent Meerbusch | Live-Viola","Live Musik für Firmenevents in Meerbusch."
"firmenfeiern","local","P3","low","ok","rewritten-batch-16-stretched-review-needed","true","true","mettmann","Live Musik Firmenevent Mettmann","https://kim-marie-borger.com/firmenfeiern/mettmann/","1491","441","10","2","0","1","75","1","true","true","33","130","https://kim-marie-borger.com/firmenfeiern/kreis-mettmann/","0.8889","https://kim-marie-borger.com/firmenfeiern/heiligenhaus/","0.4743","https://kim-marie-borger.com/firmenfeiern/ratingen/","0.7964","Firmenevent Mettmann | Live-Viola","Live Musik für Firmenevents in Mettmann."
"firmenfeiern","local","P3","low","ok","rewritten-batch-16-stretched-review-needed","true","true","moenchengladbach","Live Musik Firmenevent Mönchengladbach","https://kim-marie-borger.com/firmenfeiern/moenchengladbach/","1572","453","10","2","0","1","75","1","true","true","40","137","https://kim-marie-borger.com/firmenfeiern/aachen/","0.75","https://kim-marie-borger.com/firmenfeiern/paderborn/","0.4749","https://kim-marie-borger.com/firmenfeiern/siegen/","0.8216","Firmenevent Mönchengladbach | Live-Viola","Live Musik für Firmenevents in Mönchengladbach."
"firmenfeiern","local","P3","low","ok","rewritten-batch-16-stretched-review-needed","true","true","moers","Live Musik Firmenevent Moers","https://kim-marie-borger.com/firmenfeiern/moers/","1591","443","10","2","0","1","75","1","true","true","30","127","https://kim-marie-borger.com/firmenfeiern/aachen/","0.75","https://kim-marie-borger.com/firmenfeiern/bochum/","0.4629","https://kim-marie-borger.com/firmenfeiern/recklinghausen/","0.8121","Firmenevent Moers | Live-Viola","Live Musik für Firmenevents in Moers."
"firmenfeiern","local","P3","low","ok","rewritten-batch-16-stretched-review-needed","true","true","monheim-am-rhein","Live Musik Firmenevent Monheim am Rhein","https://kim-marie-borger.com/firmenfeiern/monheim-am-rhein/","1655","465","10","2","0","1","75","1","true","true","41","138","https://kim-marie-borger.com/firmenfeiern/rhein-ruhr/","0.8","https://kim-marie-borger.com/firmenfeiern/kreis-mettmann/","0.4734","https://kim-marie-borger.com/firmenfeiern/rhein-kreis-neuss/","0.792","Firmenevent Monheim am Rhein | Live-Viola","Live Musik für Firmenevents in Monheim am Rhein."
"firmenfeiern","local","P3","low","ok","rewritten-batch-16-stretched-review-needed","true","true","muelheim-an-der-ruhr","Live Musik Firmenevent Mülheim an der Ruhr","https://kim-marie-borger.com/firmenfeiern/muelheim-an-der-ruhr/","1725","457","10","2","0","1","75","1","true","true","44","141","https://kim-marie-borger.com/firmenfeiern/rhein-ruhr/","0.8","https://kim-marie-borger.com/firmenfeiern/moers/","0.452","https://kim-marie-borger.com/firmenfeiern/rhein-ruhr/","0.8131","Firmenevent Mülheim an der Ruhr | Live-Viola","Live Musik für Firmenevents in Mülheim an der Ruhr."
"firmenfeiern","local","P3","low","ok","rewritten-batch-16-stretched-review-needed","true","true","muenster","Live Musik Firmenevent Münster","https://kim-marie-borger.com/firmenfeiern/muenster/","1565","453","10","2","0","1","75","1","true","true","32","129","https://kim-marie-borger.com/firmenfeiern/aachen/","0.75","https://kim-marie-borger.com/firmenfeiern/dortmund/","0.4711","https://kim-marie-borger.com/firmenfeiern/gelsenkirchen/","0.8089","Firmenevent Münster | Live-Viola","Live Musik für Firmenevents in Münster."
"firmenfeiern","local","P3","low","ok","rewritten-batch-16-stretched-review-needed","true","true","neuss","Live Musik Firmenevent Neuss","https://kim-marie-borger.com/firmenfeiern/neuss/","1566","460","10","2","0","1","75","1","true","true","30","127","https://kim-marie-borger.com/firmenfeiern/rhein-kreis-neuss/","0.8","https://kim-marie-borger.com/firmenfeiern/ratingen/","0.4849","https://kim-marie-borger.com/firmenfeiern/ratingen/","0.8246","Firmenevent Neuss | Live-Viola","Live Musik für Firmenevents in Neuss."
"firmenfeiern","local","P3","low","ok","rewritten-batch-16-stretched-review-needed","true","true","nordrhein-westfalen","Live Musik Firmenevent Nordrhein-Westfalen","https://kim-marie-borger.com/firmenfeiern/nordrhein-westfalen/","1537","435","10","2","0","1","75","1","true","true","44","141","https://kim-marie-borger.com/firmenfeiern/aachen/","0.6667","https://kim-marie-borger.com/firmenfeiern/moers/","0.4145","https://kim-marie-borger.com/firmenfeiern/koeln/","0.7655","Firmenevent Nordrhein-Westfalen | Live-Viola","Live Musik für Firmenevents in Nordrhein-Westfalen."
"firmenfeiern","local","P3","low","ok","rewritten-batch-16-stretched-review-needed","true","true","oberhausen","Live Musik Firmenevent Oberhausen","https://kim-marie-borger.com/firmenfeiern/oberhausen/","1582","459","10","2","0","1","75","1","true","true","35","132","https://kim-marie-borger.com/firmenfeiern/aachen/","0.75","https://kim-marie-borger.com/firmenfeiern/langenfeld/","0.4731","https://kim-marie-borger.com/firmenfeiern/paderborn/","0.8049","Firmenevent Oberhausen | Live-Viola","Live Musik für Firmenevents in Oberhausen."
"firmenfeiern","local","P3","low","ok","rewritten-batch-16-stretched-review-needed","true","true","paderborn","Live Musik Firmenevent Paderborn","https://kim-marie-borger.com/firmenfeiern/paderborn/","1573","468","10","2","0","1","75","1","true","true","34","131","https://kim-marie-borger.com/firmenfeiern/aachen/","0.75","https://kim-marie-borger.com/firmenfeiern/moenchengladbach/","0.4749","https://kim-marie-borger.com/firmenfeiern/moenchengladbach/","0.8141","Firmenevent Paderborn | Live-Viola","Live Musik für Firmenevents in Paderborn."
"firmenfeiern","local","P3","low","ok","rewritten-batch-16-stretched-review-needed","true","true","ratingen","Live Musik Firmenevent Ratingen","https://kim-marie-borger.com/firmenfeiern/ratingen/","1595","449","10","2","0","1","75","1","true","true","33","130","https://kim-marie-borger.com/firmenfeiern/aachen/","0.75","https://kim-marie-borger.com/firmenfeiern/neuss/","0.4849","https://kim-marie-borger.com/firmenfeiern/neuss/","0.8246","Firmenevent Ratingen | Live-Viola","Live Musik für Firmenevents in Ratingen."
"firmenfeiern","local","P3","low","ok","rewritten-batch-16-stretched-review-needed","true","true","recklinghausen","Live Musik Firmenevent Recklinghausen","https://kim-marie-borger.com/firmenfeiern/recklinghausen/","1534","454","10","2","0","1","75","1","true","true","39","136","https://kim-marie-borger.com/firmenfeiern/aachen/","0.75","https://kim-marie-borger.com/firmenfeiern/bonn/","0.471","https://kim-marie-borger.com/firmenfeiern/unna/","0.8297","Firmenevent Recklinghausen | Live-Viola","Live Musik für Firmenevents in Recklinghausen."
"firmenfeiern","local","P3","low","ok","rewritten-batch-16-stretched-review-needed","true","true","remscheid","Live Musik Firmenevent Remscheid","https://kim-marie-borger.com/firmenfeiern/remscheid/","1474","441","10","2","0","1","75","1","true","true","34","131","https://kim-marie-borger.com/firmenfeiern/aachen/","0.75","https://kim-marie-borger.com/firmenfeiern/solingen/","0.4691","https://kim-marie-borger.com/firmenfeiern/solingen/","0.844","Firmenevent Remscheid | Live-Viola","Live Musik für Firmenevents in Remscheid."
"firmenfeiern","local","P3","low","ok","rewritten-batch-16-stretched-review-needed","true","true","rhein-kreis-neuss","Live Musik Firmenevent Rhein-Kreis Neuss","https://kim-marie-borger.com/firmenfeiern/rhein-kreis-neuss/","1610","459","10","2","0","1","75","1","true","true","42","139","https://kim-marie-borger.com/firmenfeiern/neuss/","0.8","https://kim-marie-borger.com/firmenfeiern/velbert/","0.4801","https://kim-marie-borger.com/firmenfeiern/kreis-mettmann/","0.8037","Firmenevent Rhein-Kreis Neuss | Live-Viola","Live Musik für Firmenevents im Rhein-Kreis Neuss."
"firmenfeiern","local","P3","low","ok","rewritten-batch-16-stretched-review-needed","true","true","rhein-ruhr","Live Musik Firmenevent Rhein-Ruhr","https://kim-marie-borger.com/firmenfeiern/rhein-ruhr/","1640","469","10","2","0","1","75","1","true","true","35","132","https://kim-marie-borger.com/firmenfeiern/monheim-am-rhein/","0.8","https://kim-marie-borger.com/firmenfeiern/rhein-kreis-neuss/","0.4774","https://kim-marie-borger.com/firmenfeiern/muelheim-an-der-ruhr/","0.8131","Firmenevent Rhein-Ruhr | Live-Viola","Live Musik für Firmenevents in der Rhein-Ruhr-Region."
"firmenfeiern","local","P3","low","ok","rewritten-batch-16-stretched-review-needed","true","true","rheinland","Live Musik Firmenevent Rheinland","https://kim-marie-borger.com/firmenfeiern/rheinland/","1602","455","10","2","0","1","75","1","true","true","34","131","https://kim-marie-borger.com/firmenfeiern/aachen/","0.75","https://kim-marie-borger.com/firmenfeiern/muenster/","0.462","https://kim-marie-borger.com/firmenfeiern/ratingen/","0.8071","Firmenevent Rheinland | Live-Viola","Live Musik für Firmenevents im Rheinland."
"firmenfeiern","local","P3","low","ok","rewritten-batch-16-stretched-review-needed","true","true","ruhrgebiet","Live Musik Firmenevent Ruhrgebiet","https://kim-marie-borger.com/firmenfeiern/ruhrgebiet/","1579","449","10","2","0","1","75","1","true","true","35","132","https://kim-marie-borger.com/firmenfeiern/aachen/","0.75","https://kim-marie-borger.com/firmenfeiern/remscheid/","0.4532","https://kim-marie-borger.com/firmenfeiern/bochum/","0.7955","Firmenevent Ruhrgebiet | Live-Viola","Live Musik für Firmenevents im Ruhrgebiet."
"firmenfeiern","local","P3","low","ok","rewritten-batch-16-stretched-review-needed","true","true","siegen","Live Musik Firmenevent Siegen","https://kim-marie-borger.com/firmenfeiern/siegen/","1558","454","10","2","0","1","75","1","true","true","31","128","https://kim-marie-borger.com/firmenfeiern/aachen/","0.75","https://kim-marie-borger.com/firmenfeiern/essen/","0.47","https://kim-marie-borger.com/firmenfeiern/moenchengladbach/","0.8216","Firmenevent Siegen | Live-Viola","Live Musik für Firmenevents in Siegen."
"firmenfeiern","local","P3","low","ok","rewritten-batch-16-stretched-review-needed","true","true","solingen","Live Musik Firmenevent Solingen","https://kim-marie-borger.com/firmenfeiern/solingen/","1474","441","10","2","0","1","75","1","true","true","33","130","https://kim-marie-borger.com/firmenfeiern/aachen/","0.75","https://kim-marie-borger.com/firmenfeiern/remscheid/","0.4691","https://kim-marie-borger.com/firmenfeiern/remscheid/","0.844","Firmenevent Solingen | Live-Viola","Live Musik für Firmenevents in Solingen."
"firmenfeiern","local","P3","low","ok","rewritten-batch-16-stretched-review-needed","true","true","unna","Live Musik Firmenevent Unna","https://kim-marie-borger.com/firmenfeiern/unna/","1519","445","10","2","0","1","75","1","true","true","29","126","https://kim-marie-borger.com/firmenfeiern/aachen/","0.75","https://kim-marie-borger.com/firmenfeiern/velbert/","0.4724","https://kim-marie-borger.com/firmenfeiern/recklinghausen/","0.8297","Firmenevent Unna | Live-Viola","Live Musik für Firmenevents in Unna."
"firmenfeiern","local","P3","low","ok","rewritten-batch-16-stretched-review-needed","true","true","velbert","Live Musik Firmenevent Velbert","https://kim-marie-borger.com/firmenfeiern/velbert/","1515","457","10","2","0","1","75","1","true","true","32","129","https://kim-marie-borger.com/firmenfeiern/aachen/","0.75","https://kim-marie-borger.com/firmenfeiern/rhein-kreis-neuss/","0.4801","https://kim-marie-borger.com/firmenfeiern/remscheid/","0.8095","Firmenevent Velbert | Live-Viola","Live Musik für Firmenevents in Velbert."
"firmenfeiern","local","P3","low","ok","rewritten-batch-16-stretched-review-needed","true","true","wuelfrath","Live Musik Firmenevent Wülfrath","https://kim-marie-borger.com/firmenfeiern/wuelfrath/","1568","443","10","2","0","1","75","1","true","true","33","130","https://kim-marie-borger.com/firmenfeiern/aachen/","0.75","https://kim-marie-borger.com/firmenfeiern/essen/","0.4739","https://kim-marie-borger.com/firmenfeiern/siegen/","0.805","Firmenevent Wülfrath | Live-Viola","Live Musik für Firmenevents in Wülfrath."
"firmenfeiern","local","P3","low","ok","rewritten-batch-16-stretched-review-needed","true","true","wuppertal","Live Musik Firmenevent Wuppertal","https://kim-marie-borger.com/firmenfeiern/wuppertal/","1556","451","10","2","0","1","75","1","true","true","34","131","https://kim-marie-borger.com/firmenfeiern/aachen/","0.75","https://kim-marie-borger.com/firmenfeiern/gelsenkirchen/","0.4876","https://kim-marie-borger.com/firmenfeiern/gelsenkirchen/","0.8218","Firmenevent Wuppertal | Live-Viola","Live Musik für Firmenevents in Wuppertal."
"firmenfeiern","topic","P2","low","ok","rewritten-batch-16-stretched-review-needed","true","true","dinnermusik-firmenevent","Dinnermusik Firmenevent","https://kim-marie-borger.com/firmenfeiern/dinnermusik-firmenevent/","1276","423","10","2","0","1","69","1","true","true","49","123","https://kim-marie-borger.com/firmenfeiern/empfangsmusik-firmenevent/","0.5","https://kim-marie-borger.com/firmenfeiern/viola-firmenevent/","0.4633","https://kim-marie-borger.com/firmenfeiern/viola-firmenevent/","0.7857","Dinnermusik Firmenevent | Live-Viola für Business","Dinnermusik für Firmenevents mit Live-Viola."
"firmenfeiern","topic","P2","low","ok","rewritten-batch-16-stretched-review-needed","true","true","empfangsmusik-firmenevent","Empfangsmusik Firmenevent","https://kim-marie-borger.com/firmenfeiern/empfangsmusik-firmenevent/","1330","434","10","2","0","1","69","1","true","true","51","125","https://kim-marie-borger.com/firmenfeiern/dinnermusik-firmenevent/","0.5","https://kim-marie-borger.com/firmenfeiern/instrumentalmusik-firmenevent/","0.424","https://kim-marie-borger.com/firmenfeiern/hintergrundmusik-firmenevent/","0.7543","Empfangsmusik Firmenevent | Live-Viola für Business","Empfangsmusik für Firmenevents und Business-Gäste."
"firmenfeiern","topic","P2","low","ok","rewritten-batch-16-stretched-review-needed","true","true","eventmusikerin","Eventmusikerin","https://kim-marie-borger.com/firmenfeiern/eventmusikerin/","1293","399","9","2","0","1","69","1","true","true","40","114","","0","https://kim-marie-borger.com/firmenfeiern/musik-networking-event/","0.4134","https://kim-marie-borger.com/firmenfeiern/musikerin-firmenevent/","0.7969","Eventmusikerin | Live-Viola für Business","Eventmusikerin für Business-Events mit Viola."
"firmenfeiern","topic","P2","low","ok","rewritten-batch-16-stretched-review-needed","true","true","geige-firmenevent","Geige Firmenevent","https://kim-marie-borger.com/firmenfeiern/geige-firmenevent/","1340","427","10","2","0","1","69","1","true","true","43","117","https://kim-marie-borger.com/firmenfeiern/dinnermusik-firmenevent/","0.5","https://kim-marie-borger.com/firmenfeiern/musikerin-firmenevent/","0.4581","https://kim-marie-borger.com/firmenfeiern/musikerin-firmenevent/","0.7989","Geige Firmenevent | Live-Viola für Business","Geige oder Viola für Firmenevents."
"firmenfeiern","topic","P2","low","ok","rewritten-batch-16-stretched-review-needed","true","true","hintergrundmusik-firmenevent","Hintergrundmusik Firmenevent","https://kim-marie-borger.com/firmenfeiern/hintergrundmusik-firmenevent/","1253","410","10","2","0","1","69","1","true","true","54","128","https://kim-marie-borger.com/firmenfeiern/dinnermusik-firmenevent/","0.5","https://kim-marie-borger.com/firmenfeiern/instrumentalmusik-firmenevent/","0.446","https://kim-marie-borger.com/firmenfeiern/instrumentalmusik-firmenevent/","0.7664","Hintergrundmusik Firmenevent | Live-Viola für Business","Hintergrundmusik für Firmenevents, die nicht beliebig klingt."
"firmenfeiern","topic","P2","low","ok","rewritten-batch-16-stretched-review-needed","true","true","instrumentalmusik-firmenevent","Instrumentalmusik Firmenevent","https://kim-marie-borger.com/firmenfeiern/instrumentalmusik-firmenevent/","1281","409","9","2","0","1","69","1","true","true","55","129","https://kim-marie-borger.com/firmenfeiern/dinnermusik-firmenevent/","0.5","https://kim-marie-borger.com/firmenfeiern/hintergrundmusik-firmenevent/","0.446","https://kim-marie-borger.com/firmenfeiern/streichmusik-firmenevent/","0.7911","Instrumentalmusik Firmenevent | Live-Viola für Business","Instrumentalmusik für Firmenevents mit Solo-Viola."
"firmenfeiern","topic","P2","low","ok","rewritten-batch-16-stretched-review-needed","true","true","live-musik-firmenevent","Live Musik Firmenevent","https://kim-marie-borger.com/firmenfeiern/live-musik-firmenevent/","1318","420","10","2","0","1","69","1","true","true","48","122","https://kim-marie-borger.com/firmenfeiern/dinnermusik-firmenevent/","0.4","https://kim-marie-borger.com/firmenfeiern/dinnermusik-firmenevent/","0.3974","https://kim-marie-borger.com/firmenfeiern/musikerin-firmenevent/","0.7675","Live Musik Firmenevent | Live-Viola für Business","Live Musik für Firmenevents mit eleganter Viola."
"firmenfeiern","topic","P2","low","ok","rewritten-batch-16-stretched-review-needed","true","true","musik-business-event","Musik Business Event","https://kim-marie-borger.com/firmenfeiern/musik-business-event/","1370","419","10","2","0","1","69","1","true","true","46","120","https://kim-marie-borger.com/firmenfeiern/musik-networking-event/","0.6667","https://kim-marie-borger.com/firmenfeiern/musik-gala/","0.4382","https://kim-marie-borger.com/firmenfeiern/musik-jubilaeum/","0.7744","Musik Business Event | Live-Viola für Business","Musik für Business-Events mit professioneller Wirkung."
"firmenfeiern","topic","P2","low","ok","rewritten-batch-16-stretched-review-needed","true","true","musik-eroeffnung","Musik Eröffnung","https://kim-marie-borger.com/firmenfeiern/musik-eroeffnung/","1352","428","10","2","0","1","69","1","true","true","41","115","https://kim-marie-borger.com/firmenfeiern/musik-firmenempfang/","0.5","https://kim-marie-borger.com/firmenfeiern/musik-messe/","0.4555","https://kim-marie-borger.com/firmenfeiern/musik-kundenempfang/","0.7866","Musik Eröffnung | Live-Viola für Business","Musik für Eröffnungen mit Live-Viola."
"firmenfeiern","topic","P2","low","ok","rewritten-batch-16-stretched-review-needed","true","true","musik-firmenempfang","Musik Firmenempfang","https://kim-marie-borger.com/firmenfeiern/musik-firmenempfang/","1325","426","10","2","0","1","69","1","true","true","45","119","https://kim-marie-borger.com/firmenfeiern/musik-eroeffnung/","0.5","https://kim-marie-borger.com/firmenfeiern/musik-networking-event/","0.4254","https://kim-marie-borger.com/firmenfeiern/musik-networking-event/","0.7886","Musik Firmenempfang | Live-Viola für Business","Musik für Firmenempfänge und repräsentative Gäste."
"firmenfeiern","topic","P2","low","ok","rewritten-batch-16-stretched-review-needed","true","true","musik-firmenfeier","Musik Firmenfeier","https://kim-marie-borger.com/firmenfeiern/musik-firmenfeier/","1357","410","10","2","0","1","69","1","true","true","43","117","https://kim-marie-borger.com/firmenfeiern/musik-eroeffnung/","0.5","https://kim-marie-borger.com/firmenfeiern/musik-networking-event/","0.4267","https://kim-marie-borger.com/firmenfeiern/musik-jubilaeum/","0.775","Musik Firmenfeier | Live-Viola für Business","Musik für Firmenfeiern mit Stil und Gesprächsraum."
"firmenfeiern","topic","P2","low","ok","rewritten-batch-16-stretched-review-needed","true","true","musik-gala","Musik Gala","https://kim-marie-borger.com/firmenfeiern/musik-gala/","1289","411","9","2","0","1","69","1","true","true","36","110","https://kim-marie-borger.com/firmenfeiern/musik-eroeffnung/","0.5","https://kim-marie-borger.com/firmenfeiern/musik-messe/","0.4424","https://kim-marie-borger.com/firmenfeiern/musik-kundenempfang/","0.7987","Musik Gala | Live-Viola für Business","Musik für Gala, Empfang und festlichen Abend."
"firmenfeiern","topic","P2","low","ok","rewritten-batch-16-stretched-review-needed","true","true","musik-jubilaeum","Musik Jubiläum","https://kim-marie-borger.com/firmenfeiern/musik-jubilaeum/","1348","424","10","2","0","1","69","1","true","true","40","114","https://kim-marie-borger.com/firmenfeiern/musik-eroeffnung/","0.5","https://kim-marie-borger.com/firmenfeiern/musik-produktpraesentation/","0.4807","https://kim-marie-borger.com/firmenfeiern/musik-produktpraesentation/","0.7923","Musik Jubiläum | Live-Viola für Business","Musik für Firmenjubiläum und besondere Meilensteine."
"firmenfeiern","topic","P2","low","ok","rewritten-batch-16-stretched-review-needed","true","true","musik-kundenempfang","Musik Kundenempfang","https://kim-marie-borger.com/firmenfeiern/musik-kundenempfang/","1310","423","10","2","0","1","69","1","true","true","45","119","https://kim-marie-borger.com/firmenfeiern/musik-eroeffnung/","0.5","https://kim-marie-borger.com/firmenfeiern/musik-messe/","0.4765","https://kim-marie-borger.com/firmenfeiern/musik-gala/","0.7987","Musik Kundenempfang | Live-Viola für Business","Musik für Kundenempfang und Geschäftspartner."
"firmenfeiern","topic","P2","low","ok","rewritten-batch-16-stretched-review-needed","true","true","musik-messe","Musik Messe","https://kim-marie-borger.com/firmenfeiern/musik-messe/","1325","421","10","2","0","1","69","1","true","true","37","111","https://kim-marie-borger.com/firmenfeiern/musik-eroeffnung/","0.5","https://kim-marie-borger.com/firmenfeiern/musik-kundenempfang/","0.4765","https://kim-marie-borger.com/firmenfeiern/musik-kundenempfang/","0.7833","Musik Messe | Live-Viola für Business","Musik für Messe, Messestand und Kundenkontakt."
"firmenfeiern","topic","P2","low","ok","rewritten-batch-16-stretched-review-needed","true","true","musik-networking-event","Musik Networking Event","https://kim-marie-borger.com/firmenfeiern/musik-networking-event/","1323","420","9","2","0","1","69","1","true","true","48","122","https://kim-marie-borger.com/firmenfeiern/musik-business-event/","0.6667","https://kim-marie-borger.com/firmenfeiern/musik-firmenfeier/","0.4267","https://kim-marie-borger.com/firmenfeiern/musik-firmenempfang/","0.7886","Musik Networking Event | Live-Viola für Business","Musik für Networking-Events, bei denen Gespräche zählen."
"firmenfeiern","topic","P2","low","ok","rewritten-batch-16-stretched-review-needed","true","true","musik-produktpraesentation","Musik Produktpräsentation","https://kim-marie-borger.com/firmenfeiern/musik-produktpraesentation/","1352","418","10","2","0","1","69","1","true","true","51","125","https://kim-marie-borger.com/firmenfeiern/musik-eroeffnung/","0.5","https://kim-marie-borger.com/firmenfeiern/musik-jubilaeum/","0.4807","https://kim-marie-borger.com/firmenfeiern/musik-jubilaeum/","0.7923","Musik Produktpräsentation | Live-Viola für Business","Musik für Produktpräsentationen und Launch-Events."
"firmenfeiern","topic","P2","low","ok","rewritten-batch-16-stretched-review-needed","true","true","musikerin-firmenevent","Musikerin Firmenevent","https://kim-marie-borger.com/firmenfeiern/musikerin-firmenevent/","1254","399","10","2","0","1","69","1","true","true","47","121","https://kim-marie-borger.com/firmenfeiern/dinnermusik-firmenevent/","0.5","https://kim-marie-borger.com/firmenfeiern/geige-firmenevent/","0.4581","https://kim-marie-borger.com/firmenfeiern/geige-firmenevent/","0.7989","Musikerin Firmenevent | Live-Viola für Business","Musikerin für Firmenevents, Empfang und Dinner."
"firmenfeiern","topic","P2","low","ok","rewritten-batch-16-stretched-review-needed","true","true","streichmusik-firmenevent","Streichmusik Firmenevent","https://kim-marie-borger.com/firmenfeiern/streichmusik-firmenevent/","1371","423","10","2","0","1","69","1","true","true","50","124","https://kim-marie-borger.com/firmenfeiern/dinnermusik-firmenevent/","0.5","https://kim-marie-borger.com/firmenfeiern/instrumentalmusik-firmenevent/","0.4286","https://kim-marie-borger.com/firmenfeiern/instrumentalmusik-firmenevent/","0.7911","Streichmusik Firmenevent | Live-Viola für Business","Streichmusik für Firmenevents mit Solo-Viola."
"firmenfeiern","topic","P2","low","ok","rewritten-batch-16-stretched-review-needed","true","true","viola-firmenevent","Viola Firmenevent","https://kim-marie-borger.com/firmenfeiern/viola-firmenevent/","1279","410","9","2","0","1","69","1","true","true","43","117","https://kim-marie-borger.com/firmenfeiern/dinnermusik-firmenevent/","0.5","https://kim-marie-borger.com/firmenfeiern/dinnermusik-firmenevent/","0.4633","https://kim-marie-borger.com/firmenfeiern/dinnermusik-firmenevent/","0.7857","Viola Firmenevent | Live-Viola für Business","Viola für Firmenevents mit warmem Live-Klang."
"geburtstage","local","P3","low","ok","rewritten-batch-16-stretched-review-needed","true","true","aachen","Live Musik Geburtstag Aachen","https://kim-marie-borger.com/geburtstage/aachen/","1156","427","8","2","0","2","71","2","true","true","41","120","https://kim-marie-borger.com/geburtstage/bielefeld/","0.75","https://kim-marie-borger.com/geburtstage/langenfeld/","0.5219","https://kim-marie-borger.com/geburtstage/duesseldorf/","0.887","Live Musik Geburtstag Aachen | Live-Viola","Live Musik zum Geburtstag in Aachen, die persönlich bleibt."
"geburtstage","local","P3","low","ok","rewritten-batch-16-stretched-review-needed","true","true","bergisch-gladbach","Live Musik Geburtstag Bergisch Gladbach","https://kim-marie-borger.com/geburtstage/bergisch-gladbach/","1188","430","8","2","0","2","71","2","true","true","52","142","https://kim-marie-borger.com/geburtstage/aachen/","0.6667","https://kim-marie-borger.com/geburtstage/moers/","0.5","https://kim-marie-borger.com/geburtstage/moers/","0.8734","Live Musik Geburtstag Bergisch Gladbach | Live-Viola","Live Musik zum Geburtstag in Bergisch Gladbach, die persönlich bleibt."
"geburtstage","local","P3","low","ok","rewritten-batch-16-stretched-review-needed","true","true","bergisches-land","Live Musik Geburtstag Bergisches Land","https://kim-marie-borger.com/geburtstage/bergisches-land/","1156","424","8","2","0","2","71","2","true","true","50","138","https://kim-marie-borger.com/geburtstage/aachen/","0.6667","https://kim-marie-borger.com/geburtstage/siegen/","0.5188","https://kim-marie-borger.com/geburtstage/hagen/","0.8762","Live Musik Geburtstag Bergisches Land | Live-Viola","Live Musik zum Geburtstag in Bergisches Land, die persönlich bleibt."
"geburtstage","local","P3","low","ok","rewritten-batch-16-stretched-review-needed","true","true","bielefeld","Live Musik Geburtstag Bielefeld","https://kim-marie-borger.com/geburtstage/bielefeld/","1168","425","8","2","0","2","71","2","true","true","44","126","https://kim-marie-borger.com/geburtstage/aachen/","0.75","https://kim-marie-borger.com/geburtstage/ratingen/","0.5242","https://kim-marie-borger.com/geburtstage/haan/","0.8872","Live Musik Geburtstag Bielefeld | Live-Viola","Live Musik zum Geburtstag in Bielefeld, die persönlich bleibt."
"geburtstage","local","P3","low","ok","rewritten-batch-16-stretched-review-needed","true","true","bochum","Live Musik Geburtstag Bochum","https://kim-marie-borger.com/geburtstage/bochum/","1146","425","8","2","0","2","71","2","true","true","41","120","https://kim-marie-borger.com/geburtstage/aachen/","0.75","https://kim-marie-borger.com/geburtstage/unna/","0.5191","https://kim-marie-borger.com/geburtstage/heiligenhaus/","0.8882","Live Musik Geburtstag Bochum | Live-Viola","Live Musik zum Geburtstag in Bochum, die persönlich bleibt."
"geburtstage","local","P3","low","ok","rewritten-batch-16-stretched-review-needed","true","true","bonn","Live Musik Geburtstag Bonn","https://kim-marie-borger.com/geburtstage/bonn/","1136","434","8","2","0","2","71","2","true","true","39","116","https://kim-marie-borger.com/geburtstage/aachen/","0.75","https://kim-marie-borger.com/geburtstage/krefeld/","0.5184","https://kim-marie-borger.com/geburtstage/krefeld/","0.8918","Live Musik Geburtstag Bonn | Live-Viola","Live Musik zum Geburtstag in Bonn, die persönlich bleibt."
"geburtstage","local","P3","low","ok","rewritten-batch-16-stretched-review-needed","true","true","bottrop","Live Musik Geburtstag Bottrop","https://kim-marie-borger.com/geburtstage/bottrop/","1158","426","8","2","0","2","71","2","true","true","42","122","https://kim-marie-borger.com/geburtstage/aachen/","0.75","https://kim-marie-borger.com/geburtstage/gelsenkirchen/","0.5148","https://kim-marie-borger.com/geburtstage/gelsenkirchen/","0.893","Live Musik Geburtstag Bottrop | Live-Viola","Live Musik zum Geburtstag in Bottrop, die persönlich bleibt."
"geburtstage","local","P3","low","ok","rewritten-batch-16-stretched-review-needed","true","true","dormagen","Live Musik Geburtstag Dormagen","https://kim-marie-borger.com/geburtstage/dormagen/","1148","437","8","2","0","2","71","2","true","true","43","124","https://kim-marie-borger.com/geburtstage/aachen/","0.75","https://kim-marie-borger.com/geburtstage/paderborn/","0.5058","https://kim-marie-borger.com/geburtstage/rheinland/","0.8763","Live Musik Geburtstag Dormagen | Live-Viola","Live Musik zum Geburtstag in Dormagen, die persönlich bleibt."
"geburtstage","local","P3","low","ok","rewritten-batch-16-stretched-review-needed","true","true","dortmund","Live Musik Geburtstag Dortmund","https://kim-marie-borger.com/geburtstage/dortmund/","1169","434","8","2","0","2","71","2","true","true","43","124","https://kim-marie-borger.com/geburtstage/aachen/","0.75","https://kim-marie-borger.com/geburtstage/duisburg/","0.5213","https://kim-marie-borger.com/geburtstage/koeln/","0.8898","Live Musik Geburtstag Dortmund | Live-Viola","Live Musik zum Geburtstag in Dortmund, die persönlich bleibt."
"geburtstage","local","P3","low","ok","rewritten-batch-16-stretched-review-needed","true","true","duesseldorf","Live Musik Geburtstag Düsseldorf","https://kim-marie-borger.com/geburtstage/duesseldorf/","1156","425","8","2","0","2","71","2","true","true","45","128","https://kim-marie-borger.com/geburtstage/aachen/","0.75","https://kim-marie-borger.com/geburtstage/aachen/","0.5154","https://kim-marie-borger.com/geburtstage/langenfeld/","0.8931","Live Musik Geburtstag Düsseldorf | Live-Viola","Live Musik zum Geburtstag in Düsseldorf, die persönlich bleibt."
"geburtstage","local","P3","low","ok","rewritten-batch-16-stretched-review-needed","true","true","duisburg","Live Musik Geburtstag Duisburg","https://kim-marie-borger.com/geburtstage/duisburg/","1163","435","8","2","0","2","71","2","true","true","43","124","https://kim-marie-borger.com/geburtstage/aachen/","0.75","https://kim-marie-borger.com/geburtstage/dortmund/","0.5213","https://kim-marie-borger.com/geburtstage/erkrath/","0.8856","Live Musik Geburtstag Duisburg | Live-Viola","Live Musik zum Geburtstag in Duisburg, die persönlich bleibt."
"geburtstage","local","P3","low","ok","rewritten-batch-16-stretched-review-needed","true","true","erkrath","Live Musik Geburtstag Erkrath","https://kim-marie-borger.com/geburtstage/erkrath/","1159","433","8","2","0","2","71","2","true","true","42","122","https://kim-marie-borger.com/geburtstage/aachen/","0.75","https://kim-marie-borger.com/geburtstage/koeln/","0.5208","https://kim-marie-borger.com/geburtstage/duisburg/","0.8856","Live Musik Geburtstag Erkrath | Live-Viola","Live Musik zum Geburtstag in Erkrath, die persönlich bleibt."
"geburtstage","local","P3","low","ok","rewritten-batch-16-stretched-review-needed","true","true","essen","Live Musik Geburtstag Essen","https://kim-marie-borger.com/geburtstage/essen/","1153","424","8","2","0","2","71","2","true","true","40","118","https://kim-marie-borger.com/geburtstage/aachen/","0.75","https://kim-marie-borger.com/geburtstage/heiligenhaus/","0.517","https://kim-marie-borger.com/geburtstage/unna/","0.8851","Live Musik Geburtstag Essen | Live-Viola","Live Musik zum Geburtstag in Essen, die persönlich bleibt."
"geburtstage","local","P3","low","ok","rewritten-batch-16-stretched-review-needed","true","true","gelsenkirchen","Live Musik Geburtstag Gelsenkirchen","https://kim-marie-borger.com/geburtstage/gelsenkirchen/","1154","423","8","2","0","2","71","2","true","true","48","134","https://kim-marie-borger.com/geburtstage/aachen/","0.75","https://kim-marie-borger.com/geburtstage/bottrop/","0.5148","https://kim-marie-borger.com/geburtstage/bottrop/","0.893","Live Musik Geburtstag Gelsenkirchen | Live-Viola","Live Musik zum Geburtstag in Gelsenkirchen, die persönlich bleibt."
"geburtstage","local","P3","low","ok","rewritten-batch-16-stretched-review-needed","true","true","haan","Live Musik Geburtstag Haan","https://kim-marie-borger.com/geburtstage/haan/","1163","422","8","2","0","2","71","2","true","true","39","116","https://kim-marie-borger.com/geburtstage/aachen/","0.75","https://kim-marie-borger.com/geburtstage/ratingen/","0.5202","https://kim-marie-borger.com/geburtstage/ratingen/","0.8938","Live Musik Geburtstag Haan | Live-Viola","Live Musik zum Geburtstag in Haan, die persönlich bleibt."
"geburtstage","local","P3","low","ok","rewritten-batch-16-stretched-review-needed","true","true","hagen","Live Musik Geburtstag Hagen","https://kim-marie-borger.com/geburtstage/hagen/","1122","429","8","2","0","2","71","2","true","true","40","118","https://kim-marie-borger.com/geburtstage/aachen/","0.75","https://kim-marie-borger.com/geburtstage/siegen/","0.54","https://kim-marie-borger.com/geburtstage/siegen/","0.9098","Live Musik Geburtstag Hagen | Live-Viola","Live Musik zum Geburtstag in Hagen, die persönlich bleibt."
"geburtstage","local","P3","low","ok","rewritten-batch-16-stretched-review-needed","true","true","heiligenhaus","Live Musik Geburtstag Heiligenhaus","https://kim-marie-borger.com/geburtstage/heiligenhaus/","1143","425","8","2","0","2","71","2","true","true","47","132","https://kim-marie-borger.com/geburtstage/aachen/","0.75","https://kim-marie-borger.com/geburtstage/essen/","0.517","https://kim-marie-borger.com/geburtstage/bochum/","0.8882","Live Musik Geburtstag Heiligenhaus | Live-Viola","Live Musik zum Geburtstag in Heiligenhaus, die persönlich bleibt."
"geburtstage","local","P3","low","ok","rewritten-batch-16-stretched-review-needed","true","true","herne","Live Musik Geburtstag Herne","https://kim-marie-borger.com/geburtstage/herne/","1122","427","8","2","0","2","71","2","true","true","40","118","https://kim-marie-borger.com/geburtstage/aachen/","0.75","https://kim-marie-borger.com/geburtstage/meerbusch/","0.5206","https://kim-marie-borger.com/geburtstage/meerbusch/","0.877","Live Musik Geburtstag Herne | Live-Viola","Live Musik zum Geburtstag in Herne, die persönlich bleibt."
"geburtstage","local","P3","low","ok","rewritten-batch-16-stretched-review-needed","true","true","hilden","Live Musik Geburtstag Hilden","https://kim-marie-borger.com/geburtstage/hilden/","1174","417","8","2","0","2","71","2","true","true","41","120","https://kim-marie-borger.com/geburtstage/aachen/","0.75","https://kim-marie-borger.com/geburtstage/oberhausen/","0.5107","https://kim-marie-borger.com/geburtstage/oberhausen/","0.8796","Live Musik Geburtstag Hilden | Live-Viola","Live Musik zum Geburtstag in Hilden, die persönlich bleibt."
"geburtstage","local","P3","low","ok","rewritten-batch-16-stretched-review-needed","true","true","iserlohn","Live Musik Geburtstag Iserlohn","https://kim-marie-borger.com/geburtstage/iserlohn/","1226","444","8","2","0","2","71","2","true","true","43","124","https://kim-marie-borger.com/geburtstage/aachen/","0.75","https://kim-marie-borger.com/geburtstage/bielefeld/","0.5048","https://kim-marie-borger.com/geburtstage/haan/","0.8714","Live Musik Geburtstag Iserlohn | Live-Viola","Live Musik zum Geburtstag in Iserlohn, die persönlich bleibt."
"geburtstage","local","P3","low","ok","rewritten-batch-16-stretched-review-needed","true","true","koeln","Live Musik Geburtstag Köln","https://kim-marie-borger.com/geburtstage/koeln/","1165","436","8","2","0","2","71","2","true","true","39","116","https://kim-marie-borger.com/geburtstage/aachen/","0.75","https://kim-marie-borger.com/geburtstage/erkrath/","0.5208","https://kim-marie-borger.com/geburtstage/dortmund/","0.8898","Live Musik Geburtstag Köln | Live-Viola","Live Musik zum Geburtstag in Köln, die persönlich bleibt."
"geburtstage","local","P3","low","ok","rewritten-batch-16-stretched-review-needed","true","true","krefeld","Live Musik Geburtstag Krefeld","https://kim-marie-borger.com/geburtstage/krefeld/","1145","425","8","2","0","2","71","2","true","true","42","122","https://kim-marie-borger.com/geburtstage/aachen/","0.75","https://kim-marie-borger.com/geburtstage/erkrath/","0.5198","https://kim-marie-borger.com/geburtstage/bonn/","0.8918","Live Musik Geburtstag Krefeld | Live-Viola","Live Musik zum Geburtstag in Krefeld, die persönlich bleibt."
"geburtstage","local","P3","low","ok","rewritten-batch-16-stretched-review-needed","true","true","kreis-mettmann","Live Musik Geburtstag Kreis Mettmann","https://kim-marie-borger.com/geburtstage/kreis-mettmann/","1165","430","8","2","0","2","71","2","true","true","49","136","https://kim-marie-borger.com/geburtstage/mettmann/","0.8889","https://kim-marie-borger.com/geburtstage/nordrhein-westfalen/","0.4972","https://kim-marie-borger.com/geburtstage/siegen/","0.8516","Live Musik Geburtstag Kreis Mettmann | Live-Viola","Live Musik zum Geburtstag in Kreis Mettmann, die persönlich bleibt."
"geburtstage","local","P3","low","ok","rewritten-batch-16-stretched-review-needed","true","true","langenfeld","Live Musik Geburtstag Langenfeld","https://kim-marie-borger.com/geburtstage/langenfeld/","1168","426","8","2","0","2","71","2","true","true","45","128","https://kim-marie-borger.com/geburtstage/aachen/","0.75","https://kim-marie-borger.com/geburtstage/aachen/","0.5219","https://kim-marie-borger.com/geburtstage/duesseldorf/","0.8931","Live Musik Geburtstag Langenfeld | Live-Viola","Live Musik zum Geburtstag in Langenfeld, die persönlich bleibt."
"geburtstage","local","P3","low","ok","rewritten-batch-16-stretched-review-needed","true","true","leverkusen","Live Musik Geburtstag Leverkusen","https://kim-marie-borger.com/geburtstage/leverkusen/","1153","426","8","2","0","2","71","2","true","true","45","128","https://kim-marie-borger.com/geburtstage/aachen/","0.75","https://kim-marie-borger.com/geburtstage/bielefeld/","0.5232","https://kim-marie-borger.com/geburtstage/haan/","0.8912","Live Musik Geburtstag Leverkusen | Live-Viola","Live Musik zum Geburtstag in Leverkusen, die persönlich bleibt."
"geburtstage","local","P3","low","ok","rewritten-batch-16-stretched-review-needed","true","true","meerbusch","Live Musik Geburtstag Meerbusch","https://kim-marie-borger.com/geburtstage/meerbusch/","1126","419","8","2","0","2","71","2","true","true","44","126","https://kim-marie-borger.com/geburtstage/aachen/","0.75","https://kim-marie-borger.com/geburtstage/herne/","0.5206","https://kim-marie-borger.com/geburtstage/bochum/","0.8797","Live Musik Geburtstag Meerbusch | Live-Viola","Live Musik zum Geburtstag in Meerbusch, die persönlich bleibt."
"geburtstage","local","P3","low","ok","rewritten-batch-16-stretched-review-needed","true","true","mettmann","Live Musik Geburtstag Mettmann","https://kim-marie-borger.com/geburtstage/mettmann/","1216","440","8","2","0","2","71","2","true","true","43","124","https://kim-marie-borger.com/geburtstage/kreis-mettmann/","0.8889","https://kim-marie-borger.com/geburtstage/aachen/","0.5092","https://kim-marie-borger.com/geburtstage/duesseldorf/","0.8755","Live Musik Geburtstag Mettmann | Live-Viola","Live Musik zum Geburtstag in Mettmann, die persönlich bleibt."
"geburtstage","local","P3","low","ok","rewritten-batch-16-stretched-review-needed","true","true","moenchengladbach","Live Musik Geburtstag Mönchengladbach","https://kim-marie-borger.com/geburtstage/moenchengladbach/","1130","420","8","2","0","2","71","2","true","true","50","138","https://kim-marie-borger.com/geburtstage/aachen/","0.75","https://kim-marie-borger.com/geburtstage/hagen/","0.5289","https://kim-marie-borger.com/geburtstage/siegen/","0.8915","Live Musik Geburtstag Mönchengladbach | Live-Viola","Live Musik zum Geburtstag in Mönchengladbach, die persönlich bleibt."
"geburtstage","local","P3","low","ok","rewritten-batch-16-stretched-review-needed","true","true","moers","Live Musik Geburtstag Moers","https://kim-marie-borger.com/geburtstage/moers/","1157","425","8","2","0","2","71","2","true","true","40","118","https://kim-marie-borger.com/geburtstage/aachen/","0.75","https://kim-marie-borger.com/geburtstage/gelsenkirchen/","0.5148","https://kim-marie-borger.com/geburtstage/bottrop/","0.8886","Live Musik Geburtstag Moers | Live-Viola","Live Musik zum Geburtstag in Moers, die persönlich bleibt."
"geburtstage","local","P3","low","ok","rewritten-batch-16-stretched-review-needed","true","true","monheim-am-rhein","Live Musik Geburtstag Monheim am Rhein","https://kim-marie-borger.com/geburtstage/monheim-am-rhein/","1190","419","8","2","0","2","71","2","true","true","51","140","https://kim-marie-borger.com/geburtstage/rhein-ruhr/","0.8","https://kim-marie-borger.com/geburtstage/siegen/","0.4966","https://kim-marie-borger.com/geburtstage/hagen/","0.8588","Live Musik Geburtstag Monheim am Rhein | Live-Viola","Live Musik zum Geburtstag in Monheim am Rhein, die persönlich bleibt."
"geburtstage","local","P3","low","ok","rewritten-batch-16-stretched-review-needed","true","true","muelheim-an-der-ruhr","Live Musik Geburtstag Mülheim an der Ruhr","https://kim-marie-borger.com/geburtstage/muelheim-an-der-ruhr/","1241","427","8","2","0","2","71","2","true","true","54","146","https://kim-marie-borger.com/geburtstage/rhein-ruhr/","0.8","https://kim-marie-borger.com/geburtstage/rhein-ruhr/","0.5239","https://kim-marie-borger.com/geburtstage/rhein-ruhr/","0.8909","Live Musik Geburtstag Mülheim an der Ruhr | Live-Viola","Live Musik zum Geburtstag in Mülheim an der Ruhr, die persönlich bleibt."
"geburtstage","local","P3","low","ok","rewritten-batch-16-stretched-review-needed","true","true","muenster","Live Musik Geburtstag Münster","https://kim-marie-borger.com/geburtstage/muenster/","1129","427","8","2","0","2","71","2","true","true","42","122","https://kim-marie-borger.com/geburtstage/aachen/","0.75","https://kim-marie-borger.com/geburtstage/solingen/","0.5291","https://kim-marie-borger.com/geburtstage/recklinghausen/","0.9006","Live Musik Geburtstag Münster | Live-Viola","Live Musik zum Geburtstag in Münster, die persönlich bleibt."
"geburtstage","local","P3","low","ok","rewritten-batch-16-stretched-review-needed","true","true","neuss","Live Musik Geburtstag Neuss","https://kim-marie-borger.com/geburtstage/neuss/","1154","427","8","2","0","2","71","2","true","true","40","118","https://kim-marie-borger.com/geburtstage/rhein-kreis-neuss/","0.8","https://kim-marie-borger.com/geburtstage/wuelfrath/","0.5169","https://kim-marie-borger.com/geburtstage/wuelfrath/","0.8888","Live Musik Geburtstag Neuss | Live-Viola","Live Musik zum Geburtstag in Neuss, die persönlich bleibt."
"geburtstage","local","P3","low","ok","rewritten-batch-16-stretched-review-needed","true","true","nordrhein-westfalen","Live Musik Geburtstag Nordrhein-Westfalen","https://kim-marie-borger.com/geburtstage/nordrhein-westfalen/","1172","427","8","2","0","2","71","2","true","true","54","146","https://kim-marie-borger.com/geburtstage/aachen/","0.6667","https://kim-marie-borger.com/geburtstage/kreis-mettmann/","0.4972","https://kim-marie-borger.com/geburtstage/siegen/","0.8541","Live Musik Geburtstag Nordrhein-Westfalen | Live-Viola","Live Musik zum Geburtstag in Nordrhein-Westfalen, die persönlich bleibt."
"geburtstage","local","P3","low","ok","rewritten-batch-16-stretched-review-needed","true","true","oberhausen","Live Musik Geburtstag Oberhausen","https://kim-marie-borger.com/geburtstage/oberhausen/","1139","425","8","2","0","2","71","2","true","true","45","128","https://kim-marie-borger.com/geburtstage/aachen/","0.75","https://kim-marie-borger.com/geburtstage/wuppertal/","0.5163","https://kim-marie-borger.com/geburtstage/wuppertal/","0.8931","Live Musik Geburtstag Oberhausen | Live-Viola","Live Musik zum Geburtstag in Oberhausen, die persönlich bleibt."
"geburtstage","local","P3","low","ok","rewritten-batch-16-stretched-review-needed","true","true","paderborn","Live Musik Geburtstag Paderborn","https://kim-marie-borger.com/geburtstage/paderborn/","1161","437","8","2","0","2","71","2","true","true","44","126","https://kim-marie-borger.com/geburtstage/aachen/","0.75","https://kim-marie-borger.com/geburtstage/rheinland/","0.5093","https://kim-marie-borger.com/geburtstage/rheinland/","0.8875","Live Musik Geburtstag Paderborn | Live-Viola","Live Musik zum Geburtstag in Paderborn, die persönlich bleibt."
"geburtstage","local","P3","low","ok","rewritten-batch-16-stretched-review-needed","true","true","ratingen","Live Musik Geburtstag Ratingen","https://kim-marie-borger.com/geburtstage/ratingen/","1169","427","8","2","0","2","71","2","true","true","43","124","https://kim-marie-borger.com/geburtstage/aachen/","0.75","https://kim-marie-borger.com/geburtstage/bielefeld/","0.5242","https://kim-marie-borger.com/geburtstage/haan/","0.8938","Live Musik Geburtstag Ratingen | Live-Viola","Live Musik zum Geburtstag in Ratingen, die persönlich bleibt."
"geburtstage","local","P3","low","ok","rewritten-batch-16-stretched-review-needed","true","true","recklinghausen","Live Musik Geburtstag Recklinghausen","https://kim-marie-borger.com/geburtstage/recklinghausen/","1135","425","8","2","0","2","71","2","true","true","49","136","https://kim-marie-borger.com/geburtstage/aachen/","0.75","https://kim-marie-borger.com/geburtstage/solingen/","0.5164","https://kim-marie-borger.com/geburtstage/muenster/","0.9006","Live Musik Geburtstag Recklinghausen | Live-Viola","Live Musik zum Geburtstag in Recklinghausen, die persönlich bleibt."
"geburtstage","local","P3","low","ok","rewritten-batch-16-stretched-review-needed","true","true","remscheid","Live Musik Geburtstag Remscheid","https://kim-marie-borger.com/geburtstage/remscheid/","1136","428","8","2","0","2","71","2","true","true","44","126","https://kim-marie-borger.com/geburtstage/aachen/","0.75","https://kim-marie-borger.com/geburtstage/velbert/","0.5261","https://kim-marie-borger.com/geburtstage/velbert/","0.9052","Live Musik Geburtstag Remscheid | Live-Viola","Live Musik zum Geburtstag in Remscheid, die persönlich bleibt."
"geburtstage","local","P3","low","ok","rewritten-batch-16-stretched-review-needed","true","true","rhein-kreis-neuss","Live Musik Geburtstag Rhein-Kreis Neuss","https://kim-marie-borger.com/geburtstage/rhein-kreis-neuss/","1221","426","8","2","0","2","71","2","true","true","52","142","https://kim-marie-borger.com/geburtstage/neuss/","0.8","https://kim-marie-borger.com/geburtstage/duesseldorf/","0.501","https://kim-marie-borger.com/geburtstage/langenfeld/","0.8622","Live Musik Geburtstag Rhein-Kreis Neuss | Live-Viola","Live Musik zum Geburtstag in Rhein-Kreis Neuss, die persönlich bleibt."
"geburtstage","local","P3","low","ok","rewritten-batch-16-stretched-review-needed","true","true","rhein-ruhr","Live Musik Geburtstag Rhein-Ruhr","https://kim-marie-borger.com/geburtstage/rhein-ruhr/","1171","432","8","2","0","2","71","2","true","true","45","128","https://kim-marie-borger.com/geburtstage/monheim-am-rhein/","0.8","https://kim-marie-borger.com/geburtstage/muelheim-an-der-ruhr/","0.5239","https://kim-marie-borger.com/geburtstage/muelheim-an-der-ruhr/","0.8909","Live Musik Geburtstag Rhein-Ruhr | Live-Viola","Live Musik zum Geburtstag in Rhein-Ruhr, die persönlich bleibt."
"geburtstage","local","P3","low","ok","rewritten-batch-16-stretched-review-needed","true","true","rheinland","Live Musik Geburtstag Rheinland","https://kim-marie-borger.com/geburtstage/rheinland/","1172","439","8","2","0","2","71","2","true","true","44","126","https://kim-marie-borger.com/geburtstage/aachen/","0.75","https://kim-marie-borger.com/geburtstage/paderborn/","0.5093","https://kim-marie-borger.com/geburtstage/paderborn/","0.8875","Live Musik Geburtstag Rheinland | Live-Viola","Live Musik zum Geburtstag in Rheinland, die persönlich bleibt."
"geburtstage","local","P3","low","ok","rewritten-batch-16-stretched-review-needed","true","true","ruhrgebiet","Live Musik Geburtstag Ruhrgebiet","https://kim-marie-borger.com/geburtstage/ruhrgebiet/","1134","436","8","2","0","2","71","2","true","true","45","128","https://kim-marie-borger.com/geburtstage/aachen/","0.75","https://kim-marie-borger.com/geburtstage/krefeld/","0.5025","https://kim-marie-borger.com/geburtstage/krefeld/","0.8684","Live Musik Geburtstag Ruhrgebiet | Live-Viola","Live Musik zum Geburtstag in Ruhrgebiet, die persönlich bleibt."
"geburtstage","local","P3","low","ok","rewritten-batch-16-stretched-review-needed","true","true","siegen","Live Musik Geburtstag Siegen","https://kim-marie-borger.com/geburtstage/siegen/","1121","419","8","2","0","2","71","2","true","true","41","120","https://kim-marie-borger.com/geburtstage/aachen/","0.75","https://kim-marie-borger.com/geburtstage/hagen/","0.54","https://kim-marie-borger.com/geburtstage/hagen/","0.9098","Live Musik Geburtstag Siegen | Live-Viola","Live Musik zum Geburtstag in Siegen, die persönlich bleibt."
"geburtstage","local","P3","low","ok","rewritten-batch-16-stretched-review-needed","true","true","solingen","Live Musik Geburtstag Solingen","https://kim-marie-borger.com/geburtstage/solingen/","1137","425","8","2","0","2","71","2","true","true","43","124","https://kim-marie-borger.com/geburtstage/aachen/","0.75","https://kim-marie-borger.com/geburtstage/muenster/","0.5291","https://kim-marie-borger.com/geburtstage/recklinghausen/","0.8938","Live Musik Geburtstag Solingen | Live-Viola","Live Musik zum Geburtstag in Solingen, die persönlich bleibt."
"geburtstage","local","P3","low","ok","rewritten-batch-16-stretched-review-needed","true","true","unna","Live Musik Geburtstag Unna","https://kim-marie-borger.com/geburtstage/unna/","1141","423","8","2","0","2","71","2","true","true","39","116","https://kim-marie-borger.com/geburtstage/aachen/","0.75","https://kim-marie-borger.com/geburtstage/bochum/","0.5191","https://kim-marie-borger.com/geburtstage/bochum/","0.8862","Live Musik Geburtstag Unna | Live-Viola","Live Musik zum Geburtstag in Unna, die persönlich bleibt."
"geburtstage","local","P3","low","ok","rewritten-batch-16-stretched-review-needed","true","true","velbert","Live Musik Geburtstag Velbert","https://kim-marie-borger.com/geburtstage/velbert/","1136","427","8","2","0","2","71","2","true","true","42","122","https://kim-marie-borger.com/geburtstage/aachen/","0.75","https://kim-marie-borger.com/geburtstage/remscheid/","0.5261","https://kim-marie-borger.com/geburtstage/remscheid/","0.9052","Live Musik Geburtstag Velbert | Live-Viola","Live Musik zum Geburtstag in Velbert, die persönlich bleibt."
"geburtstage","local","P3","low","ok","rewritten-batch-16-stretched-review-needed","true","true","wuelfrath","Live Musik Geburtstag Wülfrath","https://kim-marie-borger.com/geburtstage/wuelfrath/","1152","417","8","2","0","2","71","2","true","true","43","124","https://kim-marie-borger.com/geburtstage/aachen/","0.75","https://kim-marie-borger.com/geburtstage/neuss/","0.5169","https://kim-marie-borger.com/geburtstage/neuss/","0.8888","Live Musik Geburtstag Wülfrath | Live-Viola","Live Musik zum Geburtstag in Wülfrath, die persönlich bleibt."
"geburtstage","local","P3","low","ok","rewritten-batch-16-stretched-review-needed","true","true","wuppertal","Live Musik Geburtstag Wuppertal","https://kim-marie-borger.com/geburtstage/wuppertal/","1134","424","8","2","0","2","71","2","true","true","44","126","https://kim-marie-borger.com/geburtstage/aachen/","0.75","https://kim-marie-borger.com/geburtstage/oberhausen/","0.5163","https://kim-marie-borger.com/geburtstage/oberhausen/","0.8931","Live Musik Geburtstag Wuppertal | Live-Viola","Live Musik zum Geburtstag in Wuppertal, die persönlich bleibt."
"geburtstage","topic","P2","low","ok","rewritten-batch-16-stretched-review-needed","true","true","bratsche-geburtstag","Bratsche Geburtstag","https://kim-marie-borger.com/geburtstage/bratsche-geburtstag/","1001","390","8","2","0","2","65","2","true","true","43","122","https://kim-marie-borger.com/geburtstage/geige-geburtstag/","0.5","https://kim-marie-borger.com/geburtstage/dinner-geburtstag/","0.4955","https://kim-marie-borger.com/geburtstage/viola-geburtstag/","0.8588","Bratsche Geburtstag | Live-Viola Geburtstag","Bratsche zum Geburtstag, mit weichem Klang und persönlicher Tiefe."
"geburtstage","topic","P2","low","ok","rewritten-batch-16-stretched-review-needed","true","true","dinner-geburtstag","Musik Dinner Geburtstag","https://kim-marie-borger.com/geburtstage/dinner-geburtstag/","997","389","8","2","0","2","65","2","true","true","47","126","https://kim-marie-borger.com/geburtstage/live-musik-geburtstag/","0.6667","https://kim-marie-borger.com/geburtstage/bratsche-geburtstag/","0.4955","https://kim-marie-borger.com/geburtstage/live-musik-geburtstag/","0.876","Musik Dinner Geburtstag | Live-Viola Geburtstag","Musik zum Geburtstagsdinner, dezent zwischen Gängen, Reden und Gesprächen."
"geburtstage","topic","P2","low","ok","rewritten-batch-16-stretched-review-needed","true","true","geige-geburtstag","Geige Geburtstag","https://kim-marie-borger.com/geburtstage/geige-geburtstag/","972","382","8","2","0","2","65","2","true","true","40","119","https://kim-marie-borger.com/geburtstage/bratsche-geburtstag/","0.5","https://kim-marie-borger.com/geburtstage/hintergrundmusik-geburtstag/","0.5193","https://kim-marie-borger.com/geburtstage/streichmusik-geburtstag/","0.8805","Geige Geburtstag | Live-Viola Geburtstag","Geige zum Geburtstag, wenn eine vertraute Melodie festlich wirken soll."
"geburtstage","topic","P2","low","ok","rewritten-batch-16-stretched-review-needed","true","true","hintergrundmusik-geburtstag","Hintergrundmusik Geburtstag","https://kim-marie-borger.com/geburtstage/hintergrundmusik-geburtstag/","949","378","8","2","0","2","65","2","true","true","51","130","https://kim-marie-borger.com/geburtstage/bratsche-geburtstag/","0.5","https://kim-marie-borger.com/geburtstage/streichmusik-geburtstag/","0.546","https://kim-marie-borger.com/geburtstage/streichmusik-geburtstag/","0.902","Hintergrundmusik Geburtstag | Live-Viola Geburtstag","Hintergrundmusik zum Geburtstag, die Atmosphäre schafft, ohne laut zu werden."
"geburtstage","topic","P2","low","ok","rewritten-batch-16-stretched-review-needed","true","true","instrumentalmusik-geburtstag","Instrumentalmusik Geburtstag","https://kim-marie-borger.com/geburtstage/instrumentalmusik-geburtstag/","968","384","8","2","0","2","65","2","true","true","52","131","https://kim-marie-borger.com/geburtstage/bratsche-geburtstag/","0.5","https://kim-marie-borger.com/geburtstage/streichmusik-geburtstag/","0.5379","https://kim-marie-borger.com/geburtstage/hintergrundmusik-geburtstag/","0.9008","Instrumentalmusik Geburtstag | Live-Viola Geburtstag","Instrumentalmusik zum Geburtstag, die Gespräche trägt und nicht überlagert."
"geburtstage","topic","P2","low","ok","rewritten-batch-16-stretched-review-needed","true","true","live-musik-geburtstag","Live Musik Geburtstag","https://kim-marie-borger.com/geburtstage/live-musik-geburtstag/","1006","385","8","2","0","2","65","2","true","true","45","124","https://kim-marie-borger.com/geburtstage/dinner-geburtstag/","0.6667","https://kim-marie-borger.com/geburtstage/dinner-geburtstag/","0.483","https://kim-marie-borger.com/geburtstage/dinner-geburtstag/","0.876","Live Musik Geburtstag | Live-Viola Geburtstag","Live Musik zum Geburtstag, die auf echte Momente reagieren kann."
"geburtstage","topic","P2","low","ok","rewritten-batch-16-stretched-review-needed","true","true","musik-familienfeier","Musik Familienfeier","https://kim-marie-borger.com/geburtstage/musik-familienfeier/","972","379","8","2","0","2","65","2","true","true","43","122","https://kim-marie-borger.com/geburtstage/musik-gartenfeier/","0.5","https://kim-marie-borger.com/geburtstage/musik-gartenfeier/","0.518","https://kim-marie-borger.com/geburtstage/musik-gartenfeier/","0.8839","Musik Familienfeier | Live-Viola Geburtstag","Musik für Familienfeiern, die mehrere Generationen zusammenbringt."
"geburtstage","topic","P2","low","ok","rewritten-batch-16-stretched-review-needed","true","true","musik-gartenfeier","Musik Gartenfeier","https://kim-marie-borger.com/geburtstage/musik-gartenfeier/","959","380","8","2","0","2","65","2","true","true","41","120","https://kim-marie-borger.com/geburtstage/musik-familienfeier/","0.5","https://kim-marie-borger.com/geburtstage/musik-familienfeier/","0.518","https://kim-marie-borger.com/geburtstage/musik-familienfeier/","0.8839","Musik Gartenfeier | Live-Viola Geburtstag","Musik für die Gartenfeier, leicht, wetterbewusst und nah an den Gästen."
"geburtstage","topic","P2","low","ok","rewritten-batch-16-stretched-review-needed","true","true","musik-gartenfest","Musik Gartenfest","https://kim-marie-borger.com/geburtstage/musik-gartenfest/","956","380","8","2","0","2","65","2","true","true","40","119","https://kim-marie-borger.com/geburtstage/musik-familienfeier/","0.5","https://kim-marie-borger.com/geburtstage/musik-gartenfeier/","0.5139","https://kim-marie-borger.com/geburtstage/musik-familienfeier/","0.874","Musik Gartenfest | Live-Viola Geburtstag","Musik für ein Gartenfest, wenn der Tag offen und lebendig bleiben soll."
"geburtstage","topic","P2","low","ok","rewritten-batch-16-stretched-review-needed","true","true","musikalische-ueberraschung-geburtstag","Musikalische Überraschung Geburtstag","https://kim-marie-borger.com/geburtstage/musikalische-ueberraschung-geburtstag/","1018","381","8","2","0","2","65","2","true","true","60","139","https://kim-marie-borger.com/geburtstage/bratsche-geburtstag/","0.4","https://kim-marie-borger.com/geburtstage/streichmusik-geburtstag/","0.5","https://kim-marie-borger.com/geburtstage/musikerin-geburtstag/","0.8565","Musikalische ÜBerraschung Geburtstag | Live-Viola Geburtstag","Eine musikalische Überraschung zum Geburtstag, diskret geplant und emotional gesetzt."
"geburtstage","topic","P2","low","ok","rewritten-batch-16-stretched-review-needed","true","true","musikalisches-geschenk-geburtstag","Musikalisches Geschenk Geburtstag","https://kim-marie-borger.com/geburtstage/musikalisches-geschenk-geburtstag/","1012","382","8","2","0","2","65","2","true","true","57","136","https://kim-marie-borger.com/geburtstage/bratsche-geburtstag/","0.4","https://kim-marie-borger.com/geburtstage/bratsche-geburtstag/","0.4933","https://kim-marie-borger.com/geburtstage/musikerin-geburtstag/","0.8458","Musikalisches Geschenk Geburtstag | Live-Viola Geburtstag","Ein musikalisches Geschenk zum Geburtstag, das persönlicher wirkt als etwas Verpacktes."
"geburtstage","topic","P2","low","ok","rewritten-batch-16-stretched-review-needed","true","true","musikerin-geburtstag","Musikerin Geburtstag","https://kim-marie-borger.com/geburtstage/musikerin-geburtstag/","954","378","8","2","0","2","65","2","true","true","44","123","https://kim-marie-borger.com/geburtstage/bratsche-geburtstag/","0.5","https://kim-marie-borger.com/geburtstage/streichmusik-geburtstag/","0.5386","https://kim-marie-borger.com/geburtstage/hintergrundmusik-geburtstag/","0.8879","Musikerin Geburtstag | Live-Viola Geburtstag","Eine Musikerin zum Geburtstag, wenn der Moment persönlich und nah klingen soll."
"geburtstage","topic","P2","low","ok","rewritten-batch-16-stretched-review-needed","true","true","private-feier","Musik private Feier","https://kim-marie-borger.com/geburtstage/private-feier/","1033","385","8","2","0","2","65","2","true","true","43","122","https://kim-marie-borger.com/geburtstage/musik-familienfeier/","0.4","https://kim-marie-borger.com/geburtstage/musik-gartenfest/","0.4552","https://kim-marie-borger.com/geburtstage/musik-familienfeier/","0.8086","Musik Private Feier | Live-Viola Geburtstag","Musik für private Feiern, die Nähe schafft, ohne den Abend zu dominieren."
"geburtstage","topic","P2","low","ok","rewritten-batch-16-stretched-review-needed","true","true","sektempfang-geburtstag","Musik Sektempfang Geburtstag","https://kim-marie-borger.com/geburtstage/sektempfang-geburtstag/","1023","376","8","2","0","2","65","2","true","true","52","131","https://kim-marie-borger.com/geburtstage/dinner-geburtstag/","0.6667","https://kim-marie-borger.com/geburtstage/geige-geburtstag/","0.509","https://kim-marie-borger.com/geburtstage/live-musik-geburtstag/","0.8628","Musik Sektempfang Geburtstag | Live-Viola Geburtstag","Musik zum Sektempfang beim Geburtstag, die Ankommen und Gratulieren verbindet."
"geburtstage","topic","P2","low","ok","rewritten-batch-16-stretched-review-needed","true","true","streichmusik-geburtstag","Streichmusik Geburtstag","https://kim-marie-borger.com/geburtstage/streichmusik-geburtstag/","961","377","8","2","0","2","65","2","true","true","47","126","https://kim-marie-borger.com/geburtstage/bratsche-geburtstag/","0.5","https://kim-marie-borger.com/geburtstage/hintergrundmusik-geburtstag/","0.546","https://kim-marie-borger.com/geburtstage/hintergrundmusik-geburtstag/","0.902","Streichmusik Geburtstag | Live-Viola Geburtstag","Streichmusik zum Geburtstag, wenn der Anlass feierlich, aber nicht überladen wirken soll."
"geburtstage","topic","P2","low","ok","rewritten-batch-16-stretched-review-needed","true","true","viola-geburtstag","Viola Geburtstag","https://kim-marie-borger.com/geburtstage/viola-geburtstag/","988","385","8","2","0","2","65","2","true","true","40","119","https://kim-marie-borger.com/geburtstage/bratsche-geburtstag/","0.5","https://kim-marie-borger.com/geburtstage/hintergrundmusik-geburtstag/","0.5347","https://kim-marie-borger.com/geburtstage/streichmusik-geburtstag/","0.8794","Viola Geburtstag | Live-Viola Geburtstag","Viola zum Geburtstag, warm im Klang und nah an der Feier."
"hochzeiten","local","P3","low","ok","rewritten-batch-16-stretched-review-needed","true","true","aachen","Hochzeitsmusik Aachen","https://kim-marie-borger.com/hochzeiten/aachen/","1353","455","9","2","0","2","97","2","true","true","34","102","https://kim-marie-borger.com/hochzeiten/bielefeld/","0.5","https://kim-marie-borger.com/hochzeiten/mettmann/","0.5078","https://kim-marie-borger.com/hochzeiten/mettmann/","0.8781","Hochzeitsmusik Aachen | Live-Viola","Hochzeitsmusik in Aachen, die eure Trauung persönlich trägt."
"hochzeiten","local","P3","low","ok","rewritten-batch-16-stretched-review-needed","true","true","bergisch-gladbach","Hochzeitsmusik Bergisch Gladbach","https://kim-marie-borger.com/hochzeiten/bergisch-gladbach/","1357","453","9","2","0","2","97","2","true","true","45","113","https://kim-marie-borger.com/hochzeiten/aachen/","0.4","https://kim-marie-borger.com/hochzeiten/moers/","0.4857","https://kim-marie-borger.com/hochzeiten/moers/","0.8585","Hochzeitsmusik Bergisch Gladbach | Live-Viola","Hochzeitsmusik in Bergisch Gladbach, die eure Trauung persönlich trägt."
"hochzeiten","local","P3","low","ok","rewritten-batch-16-stretched-review-needed","true","true","bergisches-land","Hochzeitsmusik Bergisches Land","https://kim-marie-borger.com/hochzeiten/bergisches-land/","1380","454","9","2","0","2","97","2","true","true","43","111","https://kim-marie-borger.com/hochzeiten/aachen/","0.4","https://kim-marie-borger.com/hochzeiten/siegen/","0.4996","https://kim-marie-borger.com/hochzeiten/siegen/","0.8594","Hochzeitsmusik Bergisches Land | Live-Viola","Hochzeitsmusik im Bergischen Land, die eure Trauung persönlich trägt."
"hochzeiten","local","P3","low","ok","rewritten-batch-16-stretched-review-needed","true","true","bielefeld","Hochzeitsmusik Bielefeld","https://kim-marie-borger.com/hochzeiten/bielefeld/","1310","442","9","2","0","2","97","2","true","true","37","105","https://kim-marie-borger.com/hochzeiten/aachen/","0.5","https://kim-marie-borger.com/hochzeiten/leverkusen/","0.5017","https://kim-marie-borger.com/hochzeiten/leverkusen/","0.8662","Hochzeitsmusik Bielefeld | Live-Viola","Hochzeitsmusik in Bielefeld, die eure Trauung persönlich trägt."
"hochzeiten","local","P3","low","ok","rewritten-batch-16-stretched-review-needed","true","true","bochum","Hochzeitsmusik Bochum","https://kim-marie-borger.com/hochzeiten/bochum/","1322","451","9","2","0","2","97","2","true","true","34","102","https://kim-marie-borger.com/hochzeiten/aachen/","0.5","https://kim-marie-borger.com/hochzeiten/meerbusch/","0.5017","https://kim-marie-borger.com/hochzeiten/meerbusch/","0.8782","Hochzeitsmusik Bochum | Live-Viola","Hochzeitsmusik in Bochum, die eure Trauung persönlich trägt."
"hochzeiten","local","P3","low","ok","rewritten-batch-16-stretched-review-needed","true","true","bonn","Hochzeitsmusik Bonn","https://kim-marie-borger.com/hochzeiten/bonn/","1323","445","9","2","0","2","97","2","true","true","32","100","https://kim-marie-borger.com/hochzeiten/aachen/","0.5","https://kim-marie-borger.com/hochzeiten/duisburg/","0.5117","https://kim-marie-borger.com/hochzeiten/krefeld/","0.8683","Hochzeitsmusik Bonn | Live-Viola","Hochzeitsmusik in Bonn, die eure Trauung persönlich trägt."
"hochzeiten","local","P3","low","ok","rewritten-batch-16-stretched-review-needed","true","true","bottrop","Hochzeitsmusik Bottrop","https://kim-marie-borger.com/hochzeiten/bottrop/","1324","450","9","2","0","2","97","2","true","true","35","103","https://kim-marie-borger.com/hochzeiten/aachen/","0.5","https://kim-marie-borger.com/hochzeiten/gelsenkirchen/","0.5091","https://kim-marie-borger.com/hochzeiten/moers/","0.8757","Hochzeitsmusik Bottrop | Live-Viola","Hochzeitsmusik in Bottrop, die eure Trauung persönlich trägt."
"hochzeiten","local","P3","low","ok","rewritten-batch-16-stretched-review-needed","true","true","dormagen","Hochzeitsmusik Dormagen","https://kim-marie-borger.com/hochzeiten/dormagen/","1331","448","9","2","0","2","97","2","true","true","36","104","https://kim-marie-borger.com/hochzeiten/aachen/","0.5","https://kim-marie-borger.com/hochzeiten/paderborn/","0.4987","https://kim-marie-borger.com/hochzeiten/rheinland/","0.8708","Hochzeitsmusik Dormagen | Live-Viola","Hochzeitsmusik in Dormagen, die eure Trauung persönlich trägt."
"hochzeiten","local","P3","low","ok","rewritten-batch-16-stretched-review-needed","true","true","dortmund","Hochzeitsmusik Dortmund","https://kim-marie-borger.com/hochzeiten/dortmund/","1349","451","9","2","0","2","97","2","true","true","36","104","https://kim-marie-borger.com/hochzeiten/aachen/","0.5","https://kim-marie-borger.com/hochzeiten/duisburg/","0.509","https://kim-marie-borger.com/hochzeiten/koeln/","0.8761","Hochzeitsmusik Dortmund | Live-Viola","Hochzeitsmusik in Dortmund, die eure Trauung persönlich trägt."
"hochzeiten","local","P3","low","ok","rewritten-batch-16-stretched-review-needed","true","true","duesseldorf","Hochzeitsmusik Düsseldorf","https://kim-marie-borger.com/hochzeiten/duesseldorf/","1321","438","9","2","0","2","97","2","true","true","38","106","https://kim-marie-borger.com/hochzeiten/aachen/","0.5","https://kim-marie-borger.com/hochzeiten/langenfeld/","0.507","https://kim-marie-borger.com/hochzeiten/langenfeld/","0.8807","Hochzeitsmusik Düsseldorf | Live-Viola","Hochzeitsmusik in Düsseldorf, die eure Trauung persönlich trägt."
"hochzeiten","local","P3","low","ok","rewritten-batch-16-stretched-review-needed","true","true","duisburg","Hochzeitsmusik Duisburg","https://kim-marie-borger.com/hochzeiten/duisburg/","1343","448","9","2","0","2","97","2","true","true","36","104","https://kim-marie-borger.com/hochzeiten/aachen/","0.5","https://kim-marie-borger.com/hochzeiten/bonn/","0.5117","https://kim-marie-borger.com/hochzeiten/dortmund/","0.8741","Hochzeitsmusik Duisburg | Live-Viola","Hochzeitsmusik in Duisburg, die eure Trauung persönlich trägt."
"hochzeiten","local","P3","low","ok","rewritten-batch-16-stretched-review-needed","true","true","erkrath","Hochzeitsmusik Erkrath","https://kim-marie-borger.com/hochzeiten/erkrath/","1349","441","9","2","0","2","97","2","true","true","35","103","https://kim-marie-borger.com/hochzeiten/aachen/","0.5","https://kim-marie-borger.com/hochzeiten/krefeld/","0.5151","https://kim-marie-borger.com/hochzeiten/krefeld/","0.8806","Hochzeitsmusik Erkrath | Live-Viola","Hochzeitsmusik in Erkrath, die eure Trauung persönlich trägt."
"hochzeiten","local","P3","low","ok","rewritten-batch-16-stretched-review-needed","true","true","essen","Hochzeitsmusik Essen","https://kim-marie-borger.com/hochzeiten/essen/","1274","449","9","2","0","2","97","2","true","true","33","101","https://kim-marie-borger.com/hochzeiten/aachen/","0.5","https://kim-marie-borger.com/hochzeiten/herne/","0.5103","https://kim-marie-borger.com/hochzeiten/unna/","0.8783","Hochzeitsmusik Essen | Live-Viola","Hochzeitsmusik in Essen, die eure Trauung persönlich trägt."
"hochzeiten","local","P3","low","ok","rewritten-batch-16-stretched-review-needed","true","true","gelsenkirchen","Hochzeitsmusik Gelsenkirchen","https://kim-marie-borger.com/hochzeiten/gelsenkirchen/","1316","455","9","2","0","2","97","2","true","true","41","109","https://kim-marie-borger.com/hochzeiten/aachen/","0.5","https://kim-marie-borger.com/hochzeiten/bottrop/","0.5091","https://kim-marie-borger.com/hochzeiten/bottrop/","0.8753","Hochzeitsmusik Gelsenkirchen | Live-Viola","Hochzeitsmusik in Gelsenkirchen, die eure Trauung persönlich trägt."
"hochzeiten","local","P3","low","ok","rewritten-batch-16-stretched-review-needed","true","true","haan","Hochzeitsmusik Haan","https://kim-marie-borger.com/hochzeiten/haan/","1338","444","9","2","0","2","97","2","true","true","32","100","https://kim-marie-borger.com/hochzeiten/aachen/","0.5","https://kim-marie-borger.com/hochzeiten/iserlohn/","0.5211","https://kim-marie-borger.com/hochzeiten/ratingen/","0.8826","Hochzeitsmusik Haan | Live-Viola","Hochzeitsmusik in Haan, die eure Trauung persönlich trägt."
"hochzeiten","local","P3","low","ok","rewritten-batch-16-stretched-review-needed","true","true","hagen","Hochzeitsmusik Hagen","https://kim-marie-borger.com/hochzeiten/hagen/","1297","454","9","2","0","2","97","2","true","true","33","101","https://kim-marie-borger.com/hochzeiten/aachen/","0.5","https://kim-marie-borger.com/hochzeiten/siegen/","0.5119","https://kim-marie-borger.com/hochzeiten/siegen/","0.8776","Hochzeitsmusik Hagen | Live-Viola","Hochzeitsmusik in Hagen, die eure Trauung persönlich trägt."
"hochzeiten","local","P3","low","ok","rewritten-batch-16-stretched-review-needed","true","true","heiligenhaus","Hochzeitsmusik Heiligenhaus","https://kim-marie-borger.com/hochzeiten/heiligenhaus/","1304","446","9","2","0","2","97","2","true","true","40","108","https://kim-marie-borger.com/hochzeiten/aachen/","0.5","https://kim-marie-borger.com/hochzeiten/herne/","0.5053","https://kim-marie-borger.com/hochzeiten/bochum/","0.8742","Hochzeitsmusik Heiligenhaus | Live-Viola","Hochzeitsmusik in Heiligenhaus, die eure Trauung persönlich trägt."
"hochzeiten","local","P3","low","ok","rewritten-batch-16-stretched-review-needed","true","true","herne","Hochzeitsmusik Herne","https://kim-marie-borger.com/hochzeiten/herne/","1278","447","9","2","0","2","97","2","true","true","33","101","https://kim-marie-borger.com/hochzeiten/aachen/","0.5","https://kim-marie-borger.com/hochzeiten/essen/","0.5103","https://kim-marie-borger.com/hochzeiten/unna/","0.8805","Hochzeitsmusik Herne | Live-Viola","Hochzeitsmusik in Herne, die eure Trauung persönlich trägt."
"hochzeiten","local","P3","low","ok","rewritten-batch-16-stretched-review-needed","true","true","hilden","Hochzeitsmusik Hilden","https://kim-marie-borger.com/hochzeiten/hilden/","1346","434","9","2","0","2","97","2","true","true","34","102","https://kim-marie-borger.com/hochzeiten/aachen/","0.5","https://kim-marie-borger.com/hochzeiten/oberhausen/","0.5056","https://kim-marie-borger.com/hochzeiten/oberhausen/","0.8809","Hochzeitsmusik Hilden | Live-Viola","Hochzeitsmusik in Hilden, die eure Trauung persönlich trägt."
"hochzeiten","local","P3","low","ok","rewritten-batch-16-stretched-review-needed","true","true","iserlohn","Hochzeitsmusik Iserlohn","https://kim-marie-borger.com/hochzeiten/iserlohn/","1327","439","9","2","0","2","97","2","true","true","36","104","https://kim-marie-borger.com/hochzeiten/aachen/","0.5","https://kim-marie-borger.com/hochzeiten/haan/","0.5211","https://kim-marie-borger.com/hochzeiten/haan/","0.8814","Hochzeitsmusik Iserlohn | Live-Viola","Hochzeitsmusik in Iserlohn, die eure Trauung persönlich trägt."
"hochzeiten","local","P3","low","ok","rewritten-batch-16-stretched-review-needed","true","true","koeln","Hochzeitsmusik Köln","https://kim-marie-borger.com/hochzeiten/koeln/","1343","448","9","2","0","2","97","2","true","true","32","100","https://kim-marie-borger.com/hochzeiten/aachen/","0.5","https://kim-marie-borger.com/hochzeiten/duisburg/","0.5103","https://kim-marie-borger.com/hochzeiten/dortmund/","0.8761","Hochzeitsmusik Köln | Live-Viola","Hochzeitsmusik in Köln, die eure Trauung persönlich trägt."
"hochzeiten","local","P3","low","ok","rewritten-batch-16-stretched-review-needed","true","true","krefeld","Hochzeitsmusik Krefeld","https://kim-marie-borger.com/hochzeiten/krefeld/","1349","436","9","2","0","2","97","2","true","true","35","103","https://kim-marie-borger.com/hochzeiten/aachen/","0.5","https://kim-marie-borger.com/hochzeiten/erkrath/","0.5151","https://kim-marie-borger.com/hochzeiten/erkrath/","0.8806","Hochzeitsmusik Krefeld | Live-Viola","Hochzeitsmusik in Krefeld, die eure Trauung persönlich trägt."
"hochzeiten","local","P3","low","ok","rewritten-batch-16-stretched-review-needed","true","true","kreis-mettmann","Hochzeitsmusik Kreis Mettmann","https://kim-marie-borger.com/hochzeiten/kreis-mettmann/","1367","459","9","2","0","2","97","2","true","true","42","110","https://kim-marie-borger.com/hochzeiten/mettmann/","0.8","https://kim-marie-borger.com/hochzeiten/hagen/","0.4841","https://kim-marie-borger.com/hochzeiten/mettmann/","0.8475","Hochzeitsmusik Kreis Mettmann | Live-Viola","Hochzeitsmusik im Kreis Mettmann, die eure Trauung persönlich trägt."
"hochzeiten","local","P3","low","ok","rewritten-batch-16-stretched-review-needed","true","true","langenfeld","Hochzeitsmusik Langenfeld","https://kim-marie-borger.com/hochzeiten/langenfeld/","1333","443","9","2","0","2","97","2","true","true","38","106","https://kim-marie-borger.com/hochzeiten/aachen/","0.5","https://kim-marie-borger.com/hochzeiten/duesseldorf/","0.507","https://kim-marie-borger.com/hochzeiten/duesseldorf/","0.8807","Hochzeitsmusik Langenfeld | Live-Viola","Hochzeitsmusik in Langenfeld, die eure Trauung persönlich trägt."
"hochzeiten","local","P3","low","ok","rewritten-batch-16-stretched-review-needed","true","true","leverkusen","Hochzeitsmusik Leverkusen","https://kim-marie-borger.com/hochzeiten/leverkusen/","1317","438","9","2","0","2","97","2","true","true","38","106","https://kim-marie-borger.com/hochzeiten/aachen/","0.5","https://kim-marie-borger.com/hochzeiten/iserlohn/","0.5123","https://kim-marie-borger.com/hochzeiten/haan/","0.881","Hochzeitsmusik Leverkusen | Live-Viola","Hochzeitsmusik in Leverkusen, die eure Trauung persönlich trägt."
"hochzeiten","local","P3","low","ok","rewritten-batch-16-stretched-review-needed","true","true","meerbusch","Hochzeitsmusik Meerbusch","https://kim-marie-borger.com/hochzeiten/meerbusch/","1318","443","9","2","0","2","97","2","true","true","37","105","https://kim-marie-borger.com/hochzeiten/aachen/","0.5","https://kim-marie-borger.com/hochzeiten/bochum/","0.5017","https://kim-marie-borger.com/hochzeiten/bochum/","0.8782","Hochzeitsmusik Meerbusch | Live-Viola","Hochzeitsmusik in Meerbusch, die eure Trauung persönlich trägt."
"hochzeiten","local","P3","low","ok","rewritten-batch-16-stretched-review-needed","true","true","mettmann","Hochzeitsmusik Mettmann","https://kim-marie-borger.com/hochzeiten/mettmann/","1326","442","9","2","0","2","97","2","true","true","36","104","https://kim-marie-borger.com/hochzeiten/kreis-mettmann/","0.8","https://kim-marie-borger.com/hochzeiten/remscheid/","0.5096","https://kim-marie-borger.com/hochzeiten/aachen/","0.8781","Hochzeitsmusik Mettmann | Live-Viola","Hochzeitsmusik in Mettmann, die eure Trauung persönlich trägt."
"hochzeiten","local","P3","low","ok","rewritten-batch-16-stretched-review-needed","true","true","moenchengladbach","Hochzeitsmusik Mönchengladbach","https://kim-marie-borger.com/hochzeiten/moenchengladbach/","1327","448","9","2","0","2","97","2","true","true","43","111","https://kim-marie-borger.com/hochzeiten/aachen/","0.5","https://kim-marie-borger.com/hochzeiten/siegen/","0.5039","https://kim-marie-borger.com/hochzeiten/siegen/","0.8772","Hochzeitsmusik Mönchengladbach | Live-Viola","Hochzeitsmusik in Mönchengladbach, die eure Trauung persönlich trägt."
"hochzeiten","local","P3","low","ok","rewritten-batch-16-stretched-review-needed","true","true","moers","Hochzeitsmusik Moers","https://kim-marie-borger.com/hochzeiten/moers/","1315","441","9","2","0","2","97","2","true","true","33","101","https://kim-marie-borger.com/hochzeiten/aachen/","0.5","https://kim-marie-borger.com/hochzeiten/gelsenkirchen/","0.4983","https://kim-marie-borger.com/hochzeiten/bottrop/","0.8757","Hochzeitsmusik Moers | Live-Viola","Hochzeitsmusik in Moers, die eure Trauung persönlich trägt."
"hochzeiten","local","P3","low","ok","rewritten-batch-16-stretched-review-needed","true","true","monheim-am-rhein","Hochzeitsmusik Monheim am Rhein","https://kim-marie-borger.com/hochzeiten/monheim-am-rhein/","1369","445","9","2","0","2","97","2","true","true","44","112","https://kim-marie-borger.com/hochzeiten/rhein-ruhr/","0.6667","https://kim-marie-borger.com/hochzeiten/nordrhein-westfalen/","0.4875","https://kim-marie-borger.com/hochzeiten/muenster/","0.8473","Hochzeitsmusik Monheim am Rhein | Live-Viola","Hochzeitsmusik in Monheim am Rhein, die eure Trauung persönlich trägt."
"hochzeiten","local","P3","low","ok","rewritten-batch-16-stretched-review-needed","true","true","muelheim-an-der-ruhr","Hochzeitsmusik Mülheim an der Ruhr","https://kim-marie-borger.com/hochzeiten/muelheim-an-der-ruhr/","1414","440","9","2","0","2","97","2","true","true","47","115","https://kim-marie-borger.com/hochzeiten/rhein-ruhr/","0.6667","https://kim-marie-borger.com/hochzeiten/rhein-ruhr/","0.488","https://kim-marie-borger.com/hochzeiten/rhein-ruhr/","0.8718","Hochzeitsmusik Mülheim an der Ruhr | Live-Viola","Hochzeitsmusik in Mülheim an der Ruhr, die eure Trauung persönlich trägt."
"hochzeiten","local","P3","low","ok","rewritten-batch-16-stretched-review-needed","true","true","muenster","Hochzeitsmusik Münster","https://kim-marie-borger.com/hochzeiten/muenster/","1299","447","9","2","0","2","97","2","true","true","35","103","https://kim-marie-borger.com/hochzeiten/aachen/","0.5","https://kim-marie-borger.com/hochzeiten/solingen/","0.5223","https://kim-marie-borger.com/hochzeiten/recklinghausen/","0.8868","Hochzeitsmusik Münster | Live-Viola","Hochzeitsmusik in Münster, die eure Trauung persönlich trägt."
"hochzeiten","local","P3","low","ok","rewritten-batch-16-stretched-review-needed","true","true","neuss","Hochzeitsmusik Neuss","https://kim-marie-borger.com/hochzeiten/neuss/","1281","444","9","2","0","2","97","2","true","true","33","101","https://kim-marie-borger.com/hochzeiten/rhein-kreis-neuss/","0.6667","https://kim-marie-borger.com/hochzeiten/wuelfrath/","0.5124","https://kim-marie-borger.com/hochzeiten/wuelfrath/","0.8796","Hochzeitsmusik Neuss | Live-Viola","Hochzeitsmusik in Neuss, die eure Trauung persönlich trägt."
"hochzeiten","local","P3","low","ok","rewritten-batch-16-stretched-review-needed","true","true","nordrhein-westfalen","Hochzeitsmusik Nordrhein-Westfalen","https://kim-marie-borger.com/hochzeiten/nordrhein-westfalen/","1338","455","9","2","0","2","97","2","true","true","47","115","https://kim-marie-borger.com/hochzeiten/aachen/","0.4","https://kim-marie-borger.com/hochzeiten/monheim-am-rhein/","0.4875","https://kim-marie-borger.com/hochzeiten/muenster/","0.8494","Hochzeitsmusik Nordrhein-Westfalen | Live-Viola","Hochzeitsmusik in Nordrhein-Westfalen, die eure Trauung persönlich trägt."
"hochzeiten","local","P3","low","ok","rewritten-batch-16-stretched-review-needed","true","true","oberhausen","Hochzeitsmusik Oberhausen","https://kim-marie-borger.com/hochzeiten/oberhausen/","1335","442","9","2","0","2","97","2","true","true","38","106","https://kim-marie-borger.com/hochzeiten/aachen/","0.5","https://kim-marie-borger.com/hochzeiten/hilden/","0.5056","https://kim-marie-borger.com/hochzeiten/hilden/","0.8809","Hochzeitsmusik Oberhausen | Live-Viola","Hochzeitsmusik in Oberhausen, die eure Trauung persönlich trägt."
"hochzeiten","local","P3","low","ok","rewritten-batch-16-stretched-review-needed","true","true","paderborn","Hochzeitsmusik Paderborn","https://kim-marie-borger.com/hochzeiten/paderborn/","1336","442","9","2","0","2","97","2","true","true","37","105","https://kim-marie-borger.com/hochzeiten/aachen/","0.5","https://kim-marie-borger.com/hochzeiten/rheinland/","0.5026","https://kim-marie-borger.com/hochzeiten/rheinland/","0.8778","Hochzeitsmusik Paderborn | Live-Viola","Hochzeitsmusik in Paderborn, die eure Trauung persönlich trägt."
"hochzeiten","local","P3","low","ok","rewritten-batch-16-stretched-review-needed","true","true","ratingen","Hochzeitsmusik Ratingen","https://kim-marie-borger.com/hochzeiten/ratingen/","1334","440","9","2","0","2","97","2","true","true","36","104","https://kim-marie-borger.com/hochzeiten/aachen/","0.5","https://kim-marie-borger.com/hochzeiten/leverkusen/","0.5105","https://kim-marie-borger.com/hochzeiten/haan/","0.8826","Hochzeitsmusik Ratingen | Live-Viola","Hochzeitsmusik in Ratingen, die eure Trauung persönlich trägt."
"hochzeiten","local","P3","low","ok","rewritten-batch-16-stretched-review-needed","true","true","recklinghausen","Hochzeitsmusik Recklinghausen","https://kim-marie-borger.com/hochzeiten/recklinghausen/","1301","447","9","2","0","2","97","2","true","true","42","110","https://kim-marie-borger.com/hochzeiten/aachen/","0.5","https://kim-marie-borger.com/hochzeiten/muenster/","0.5065","https://kim-marie-borger.com/hochzeiten/muenster/","0.8868","Hochzeitsmusik Recklinghausen | Live-Viola","Hochzeitsmusik in Recklinghausen, die eure Trauung persönlich trägt."
"hochzeiten","local","P3","low","ok","rewritten-batch-16-stretched-review-needed","true","true","remscheid","Hochzeitsmusik Remscheid","https://kim-marie-borger.com/hochzeiten/remscheid/","1297","445","9","2","0","2","97","2","true","true","37","105","https://kim-marie-borger.com/hochzeiten/aachen/","0.5","https://kim-marie-borger.com/hochzeiten/velbert/","0.5128","https://kim-marie-borger.com/hochzeiten/velbert/","0.8936","Hochzeitsmusik Remscheid | Live-Viola","Hochzeitsmusik in Remscheid, die eure Trauung persönlich trägt."
"hochzeiten","local","P3","low","ok","rewritten-batch-16-stretched-review-needed","true","true","rhein-kreis-neuss","Hochzeitsmusik Rhein-Kreis Neuss","https://kim-marie-borger.com/hochzeiten/rhein-kreis-neuss/","1261","425","9","2","0","2","97","2","true","true","45","113","https://kim-marie-borger.com/hochzeiten/neuss/","0.6667","https://kim-marie-borger.com/hochzeiten/rhein-ruhr/","0.4606","https://kim-marie-borger.com/hochzeiten/neuss/","0.829","Hochzeitsmusik Rhein-Kreis Neuss | Live-Viola","Hochzeitsmusik im Rhein-Kreis Neuss, die eure Trauung persönlich trägt."
"hochzeiten","local","P3","low","ok","rewritten-batch-16-stretched-review-needed","true","true","rhein-ruhr","Hochzeitsmusik Rhein-Ruhr","https://kim-marie-borger.com/hochzeiten/rhein-ruhr/","1379","446","9","2","0","2","97","2","true","true","38","106","https://kim-marie-borger.com/hochzeiten/monheim-am-rhein/","0.6667","https://kim-marie-borger.com/hochzeiten/muelheim-an-der-ruhr/","0.488","https://kim-marie-borger.com/hochzeiten/muelheim-an-der-ruhr/","0.8718","Hochzeitsmusik Rhein-Ruhr | Live-Viola","Hochzeitsmusik in der Rhein-Ruhr-Region, die eure Trauung persönlich trägt."
"hochzeiten","local","P3","low","ok","rewritten-batch-16-stretched-review-needed","true","true","rheinland","Hochzeitsmusik Rheinland","https://kim-marie-borger.com/hochzeiten/rheinland/","1347","447","9","2","0","2","97","2","true","true","37","105","https://kim-marie-borger.com/hochzeiten/aachen/","0.5","https://kim-marie-borger.com/hochzeiten/paderborn/","0.5026","https://kim-marie-borger.com/hochzeiten/paderborn/","0.8778","Hochzeitsmusik Rheinland | Live-Viola","Hochzeitsmusik im Rheinland, die eure Trauung persönlich trägt."
"hochzeiten","local","P3","low","ok","rewritten-batch-16-stretched-review-needed","true","true","ruhrgebiet","Hochzeitsmusik Ruhrgebiet","https://kim-marie-borger.com/hochzeiten/ruhrgebiet/","1306","448","9","2","0","2","97","2","true","true","38","106","https://kim-marie-borger.com/hochzeiten/aachen/","0.5","https://kim-marie-borger.com/hochzeiten/krefeld/","0.5021","https://kim-marie-borger.com/hochzeiten/erkrath/","0.8621","Hochzeitsmusik Ruhrgebiet | Live-Viola","Hochzeitsmusik im Ruhrgebiet, die eure Trauung persönlich trägt."
"hochzeiten","local","P3","low","ok","rewritten-batch-16-stretched-review-needed","true","true","siegen","Hochzeitsmusik Siegen","https://kim-marie-borger.com/hochzeiten/siegen/","1321","450","9","2","0","2","97","2","true","true","34","102","https://kim-marie-borger.com/hochzeiten/aachen/","0.5","https://kim-marie-borger.com/hochzeiten/hagen/","0.5119","https://kim-marie-borger.com/hochzeiten/hagen/","0.8776","Hochzeitsmusik Siegen | Live-Viola","Hochzeitsmusik in Siegen, die eure Trauung persönlich trägt."
"hochzeiten","local","P3","low","ok","rewritten-batch-16-stretched-review-needed","true","true","solingen","Hochzeitsmusik Solingen","https://kim-marie-borger.com/hochzeiten/solingen/","1307","447","9","2","0","2","97","2","true","true","36","104","https://kim-marie-borger.com/hochzeiten/aachen/","0.5","https://kim-marie-borger.com/hochzeiten/muenster/","0.5223","https://kim-marie-borger.com/hochzeiten/recklinghausen/","0.8853","Hochzeitsmusik Solingen | Live-Viola","Hochzeitsmusik in Solingen, die eure Trauung persönlich trägt."
"hochzeiten","local","P3","low","ok","rewritten-batch-16-stretched-review-needed","true","true","unna","Hochzeitsmusik Unna","https://kim-marie-borger.com/hochzeiten/unna/","1267","442","9","2","0","2","97","2","true","true","32","100","https://kim-marie-borger.com/hochzeiten/aachen/","0.5","https://kim-marie-borger.com/hochzeiten/essen/","0.5053","https://kim-marie-borger.com/hochzeiten/herne/","0.8805","Hochzeitsmusik Unna | Live-Viola","Hochzeitsmusik in Unna, die eure Trauung persönlich trägt."
"hochzeiten","local","P3","low","ok","rewritten-batch-16-stretched-review-needed","true","true","velbert","Hochzeitsmusik Velbert","https://kim-marie-borger.com/hochzeiten/velbert/","1292","437","9","2","0","2","97","2","true","true","35","103","https://kim-marie-borger.com/hochzeiten/aachen/","0.5","https://kim-marie-borger.com/hochzeiten/remscheid/","0.5128","https://kim-marie-borger.com/hochzeiten/remscheid/","0.8936","Hochzeitsmusik Velbert | Live-Viola","Hochzeitsmusik in Velbert, die eure Trauung persönlich trägt."
"hochzeiten","local","P3","low","ok","rewritten-batch-16-stretched-review-needed","true","true","wuelfrath","Hochzeitsmusik Wülfrath","https://kim-marie-borger.com/hochzeiten/wuelfrath/","1286","439","9","2","0","2","97","2","true","true","36","104","https://kim-marie-borger.com/hochzeiten/aachen/","0.5","https://kim-marie-borger.com/hochzeiten/neuss/","0.5124","https://kim-marie-borger.com/hochzeiten/neuss/","0.8796","Hochzeitsmusik Wülfrath | Live-Viola","Hochzeitsmusik in Wülfrath, die eure Trauung persönlich trägt."
"hochzeiten","local","P3","low","ok","rewritten-batch-16-stretched-review-needed","true","true","wuppertal","Hochzeitsmusik Wuppertal","https://kim-marie-borger.com/hochzeiten/wuppertal/","1331","442","9","2","0","2","97","2","true","true","37","105","https://kim-marie-borger.com/hochzeiten/aachen/","0.5","https://kim-marie-borger.com/hochzeiten/hilden/","0.4996","https://kim-marie-borger.com/hochzeiten/oberhausen/","0.8757","Hochzeitsmusik Wuppertal | Live-Viola","Hochzeitsmusik in Wuppertal, die eure Trauung persönlich trägt."
"hochzeiten","topic","P2","low","ok","rewritten-batch-16-stretched-review-needed","true","true","bratsche-hochzeit","Bratsche Hochzeit","https://kim-marie-borger.com/hochzeiten/bratsche-hochzeit/","1063","384","8","2","0","2","91","2","true","true","39","115","https://kim-marie-borger.com/hochzeiten/bratschistin-hochzeit/","0.5","https://kim-marie-borger.com/hochzeiten/violinistin-hochzeit/","0.5103","https://kim-marie-borger.com/hochzeiten/streicherin-hochzeit/","0.8498","Bratsche Hochzeit | Live-Viola Hochzeit","Bratsche zur Hochzeit, warm, nah und weniger hell als klassische Geige."
"hochzeiten","topic","P2","low","ok","rewritten-batch-16-stretched-review-needed","true","true","bratschistin-hochzeit","Bratschistin Hochzeit","https://kim-marie-borger.com/hochzeiten/bratschistin-hochzeit/","1050","385","8","2","0","2","91","2","true","true","43","119","https://kim-marie-borger.com/hochzeiten/bratsche-hochzeit/","0.5","https://kim-marie-borger.com/hochzeiten/geigerin-hochzeit/","0.5348","https://kim-marie-borger.com/hochzeiten/geigerin-hochzeit/","0.8847","Bratschistin Hochzeit | Live-Viola Hochzeit","Eine Bratschistin zur Hochzeit, wenn der Klang persönlich und fein geführt sein soll."
"hochzeiten","topic","P2","low","ok","rewritten-batch-16-stretched-review-needed","true","true","dezente-hochzeitsmusik","Dezente Hochzeitsmusik","https://kim-marie-borger.com/hochzeiten/dezente-hochzeitsmusik/","1035","382","8","2","0","2","91","2","true","true","44","120","https://kim-marie-borger.com/hochzeiten/elegante-hochzeitsmusik/","0.5","https://kim-marie-borger.com/hochzeiten/romantische-hochzeitsmusik/","0.488","https://kim-marie-borger.com/hochzeiten/emotionale-hochzeitsmusik/","0.8364","Dezente Hochzeitsmusik | Live-Viola Hochzeit","Dezente Hochzeitsmusik, die Atmosphäre schafft, ohne Gespräche zu überdecken."
"hochzeiten","topic","P2","low","ok","rewritten-batch-16-stretched-review-needed","true","true","dinnermusik-hochzeit","Dinnermusik Hochzeit","https://kim-marie-borger.com/hochzeiten/dinnermusik-hochzeit/","1010","389","8","2","0","2","91","2","true","true","42","118","https://kim-marie-borger.com/hochzeiten/bratsche-hochzeit/","0.5","https://kim-marie-borger.com/hochzeiten/geige-hochzeit/","0.5109","https://kim-marie-borger.com/hochzeiten/streichmusik-hochzeit/","0.8648","Dinnermusik Hochzeit | Live-Viola Hochzeit","Dinnermusik zur Hochzeit, die zwischen Gängen, Reden und Gesprächen atmet."
"hochzeiten","topic","P2","low","ok","rewritten-batch-16-stretched-review-needed","true","true","elegante-hochzeitsmusik","Elegante Hochzeitsmusik","https://kim-marie-borger.com/hochzeiten/elegante-hochzeitsmusik/","1019","385","8","2","0","2","91","2","true","true","45","121","https://kim-marie-borger.com/hochzeiten/dezente-hochzeitsmusik/","0.5","https://kim-marie-borger.com/hochzeiten/emotionale-hochzeitsmusik/","0.4962","https://kim-marie-borger.com/hochzeiten/romantische-hochzeitsmusik/","0.8625","Elegante Hochzeitsmusik | Live-Viola Hochzeit","Elegante Hochzeitsmusik mit Solo-Viola, klassisch im Ton und persönlich im Ablauf."
"hochzeiten","topic","P2","low","ok","rewritten-batch-16-stretched-review-needed","true","true","emotionale-hochzeitsmusik","Emotionale Hochzeitsmusik","https://kim-marie-borger.com/hochzeiten/emotionale-hochzeitsmusik/","1010","376","8","2","0","2","91","2","true","true","47","123","https://kim-marie-borger.com/hochzeiten/dezente-hochzeitsmusik/","0.5","https://kim-marie-borger.com/hochzeiten/elegante-hochzeitsmusik/","0.4962","https://kim-marie-borger.com/hochzeiten/romantische-hochzeitsmusik/","0.8699","Emotionale Hochzeitsmusik | Live-Viola Hochzeit","Emotionale Hochzeitsmusik, die den Moment trägt, ohne ihn zu überzeichnen."
"hochzeiten","topic","P2","low","ok","rewritten-batch-16-stretched-review-needed","true","true","geige-hochzeit","Geige Hochzeit","https://kim-marie-borger.com/hochzeiten/geige-hochzeit/","1063","384","8","2","0","2","91","2","true","true","36","112","https://kim-marie-borger.com/hochzeiten/bratsche-hochzeit/","0.5","https://kim-marie-borger.com/hochzeiten/dinnermusik-hochzeit/","0.5109","https://kim-marie-borger.com/hochzeiten/dinnermusik-hochzeit/","0.8513","Geige Hochzeit | Live-Viola Hochzeit","Geige zur Hochzeit gesucht, warm als Solo-Streichmusik auf Viola umgesetzt."
"hochzeiten","topic","P2","low","ok","rewritten-batch-16-stretched-review-needed","true","true","geigerin-hochzeit","Geigerin Hochzeit","https://kim-marie-borger.com/hochzeiten/geigerin-hochzeit/","1035","376","8","2","0","2","91","2","true","true","39","115","https://kim-marie-borger.com/hochzeiten/bratsche-hochzeit/","0.5","https://kim-marie-borger.com/hochzeiten/bratschistin-hochzeit/","0.5348","https://kim-marie-borger.com/hochzeiten/bratschistin-hochzeit/","0.8847","Geigerin Hochzeit | Live-Viola Hochzeit","Geigerin zur Hochzeit gesucht, als persönliche Solo-Streicherin mit Viola-Klang."
"hochzeiten","topic","P2","low","ok","rewritten-batch-16-stretched-review-needed","true","true","hintergrundmusik-hochzeit","Hintergrundmusik Hochzeit","https://kim-marie-borger.com/hochzeiten/hintergrundmusik-hochzeit/","1004","378","8","2","0","2","91","2","true","true","47","123","https://kim-marie-borger.com/hochzeiten/bratsche-hochzeit/","0.5","https://kim-marie-borger.com/hochzeiten/musikerin-hochzeit/","0.5509","https://kim-marie-borger.com/hochzeiten/musikerin-hochzeit/","0.8931","Hintergrundmusik Hochzeit | Live-Viola Hochzeit","Hintergrundmusik zur Hochzeit, die Gespräche trägt und Räume verbindet."
"hochzeiten","topic","P2","low","ok","rewritten-batch-16-stretched-review-needed","true","true","hochzeitsfeier","Musik für Hochzeitsfeier","https://kim-marie-borger.com/hochzeiten/hochzeitsfeier/","1037","377","8","2","0","2","91","2","true","true","46","122","https://kim-marie-borger.com/hochzeiten/musik-brautpaar/","0.6667","https://kim-marie-borger.com/hochzeiten/musik-brautpaar/","0.4957","https://kim-marie-borger.com/hochzeiten/musik-brautpaar/","0.8653","Musik FÜR Hochzeitsfeier | Live-Viola Hochzeit","Musik für die Hochzeitsfeier, vom offiziellen Moment bis zum lockeren Ankommen."
"hochzeiten","topic","P2","low","ok","rewritten-batch-16-stretched-review-needed","true","true","hochzeitsmusik-buchen","Hochzeitsmusik buchen","https://kim-marie-borger.com/hochzeiten/hochzeitsmusik-buchen/","1009","373","8","2","0","2","91","2","true","true","43","119","https://kim-marie-borger.com/hochzeiten/dezente-hochzeitsmusik/","0.5","https://kim-marie-borger.com/hochzeiten/hochzeitsmusikerin/","0.4689","https://kim-marie-borger.com/hochzeiten/elegante-hochzeitsmusik/","0.8488","Hochzeitsmusik Buchen | Live-Viola Hochzeit","Hochzeitsmusik buchen, wenn Datum, Ort und musikalische Momente langsam konkret werden."
"hochzeiten","topic","P2","low","ok","rewritten-batch-16-stretched-review-needed","true","true","hochzeitsmusikerin","Hochzeitsmusikerin","https://kim-marie-borger.com/hochzeiten/hochzeitsmusikerin/","988","370","8","2","0","2","91","2","true","true","40","116","","0","https://kim-marie-borger.com/hochzeiten/musikerin-hochzeit/","0.4955","https://kim-marie-borger.com/hochzeiten/musikerin-hochzeit/","0.8653","Hochzeitsmusikerin | Live-Viola Hochzeit","Eine Hochzeitsmusikerin für Paare, die direkten Kontakt und klare Planung möchten."
"hochzeiten","topic","P2","low","ok","rewritten-batch-16-stretched-review-needed","true","true","instrumentalmusik-hochzeit","Instrumentalmusik Hochzeit","https://kim-marie-borger.com/hochzeiten/instrumentalmusik-hochzeit/","1019","380","8","2","0","2","91","2","true","true","48","124","https://kim-marie-borger.com/hochzeiten/live-instrumentalmusik-hochzeit/","0.8","https://kim-marie-borger.com/hochzeiten/streichmusik-hochzeit/","0.5297","https://kim-marie-borger.com/hochzeiten/streichmusik-hochzeit/","0.8948","Instrumentalmusik Hochzeit | Live-Viola Hochzeit","Instrumentalmusik zur Hochzeit, wenn Melodien wirken sollen, ohne Worte zu brauchen."
"hochzeiten","topic","P2","low","ok","rewritten-batch-16-stretched-review-needed","true","true","klassische-musik-hochzeit","Klassische Musik Hochzeit","https://kim-marie-borger.com/hochzeiten/klassische-musik-hochzeit/","1050","380","8","2","0","2","91","2","true","true","47","123","https://kim-marie-borger.com/hochzeiten/live-musik-hochzeit/","0.6667","https://kim-marie-borger.com/hochzeiten/violinistin-hochzeit/","0.4883","https://kim-marie-borger.com/hochzeiten/musik-waehrend-trauung/","0.8455","Klassische Musik Hochzeit | Live-Viola Hochzeit","Klassische Musik zur Hochzeit, festlich, vertraut und sorgfältig dosiert."
"hochzeiten","topic","P2","low","ok","rewritten-batch-16-stretched-review-needed","true","true","live-instrumentalmusik-hochzeit","Live Instrumentalmusik Hochzeit","https://kim-marie-borger.com/hochzeiten/live-instrumentalmusik-hochzeit/","1033","373","8","2","0","2","91","2","true","true","53","129","https://kim-marie-borger.com/hochzeiten/instrumentalmusik-hochzeit/","0.8","https://kim-marie-borger.com/hochzeiten/streicherin-hochzeit/","0.4935","https://kim-marie-borger.com/hochzeiten/instrumentalmusik-hochzeit/","0.8723","Live Instrumentalmusik Hochzeit | Live-Viola Hochzeit","Live-Instrumentalmusik zur Hochzeit, die auf echte Momente reagieren kann."
"hochzeiten","topic","P2","low","ok","rewritten-batch-15-intent-split-review-needed","true","true","live-musik-hochzeit","Live Musik Hochzeit","https://kim-marie-borger.com/hochzeiten/live-musik-hochzeit/","766","287","5","2","0","2","91","2","true","true","41","117","https://kim-marie-borger.com/hochzeiten/live-musik-hochzeit-buchen/","0.8571","https://kim-marie-borger.com/hochzeiten/live-musik-hochzeit-buchen/","0.0334","https://kim-marie-borger.com/hochzeiten/live-instrumentalmusik-hochzeit/","0.452","Live Musik Hochzeit | Live-Viola Hochzeit","Live-Musik zur Hochzeit, die den Ablauf begleitet und nicht nur eine Playlist ersetzt."
"hochzeiten","topic","P2","low","ok","rewritten-batch-15-intent-split-review-needed","true","true","live-musik-hochzeit-buchen","Live Musik Hochzeit buchen","https://kim-marie-borger.com/hochzeiten/live-musik-hochzeit-buchen/","705","271","5","2","0","2","91","2","true","true","48","124","https://kim-marie-borger.com/hochzeiten/live-musik-hochzeit/","0.8571","https://kim-marie-borger.com/hochzeiten/live-musik-hochzeit/","0.0334","https://kim-marie-borger.com/hochzeiten/live-musik-hochzeit/","0.4198","Live Musik Hochzeit Buchen | Live-Viola Hochzeit","Live-Musik zur Hochzeit buchen, mit klarer Planung statt Bauchgefühl allein."
"hochzeiten","topic","P2","low","ok","rewritten-batch-16-stretched-review-needed","true","true","moderne-hochzeitsmusik","Moderne Hochzeitsmusik","https://kim-marie-borger.com/hochzeiten/moderne-hochzeitsmusik/","1082","386","8","2","0","2","91","2","true","true","44","120","https://kim-marie-borger.com/hochzeiten/dezente-hochzeitsmusik/","0.5","https://kim-marie-borger.com/hochzeiten/bratschistin-hochzeit/","0.4591","https://kim-marie-borger.com/hochzeiten/bratschistin-hochzeit/","0.8061","Moderne Hochzeitsmusik | Live-Viola Hochzeit","Moderne Hochzeitsmusik auf Solo-Viola, persönlich ohne Pop-Show."
"hochzeiten","topic","P2","low","ok","rewritten-batch-16-stretched-review-needed","true","true","musik-auszug","Musik Auszug Hochzeit","https://kim-marie-borger.com/hochzeiten/musik-auszug/","1070","381","8","2","0","2","91","2","true","true","43","119","https://kim-marie-borger.com/hochzeiten/klassische-musik-hochzeit/","0.6667","https://kim-marie-borger.com/hochzeiten/musik-hochzeitsempfang/","0.5371","https://kim-marie-borger.com/hochzeiten/sektempfang/","0.8664","Musik Auszug Hochzeit | Live-Viola Hochzeit","Musik zum Auszug, wenn aus der Trauung der erste gemeinsame Schritt wird."
"hochzeiten","topic","P2","low","ok","rewritten-batch-16-stretched-review-needed","true","true","musik-brauteinzug","Musik Brauteinzug","https://kim-marie-borger.com/hochzeiten/musik-brauteinzug/","1019","378","8","2","0","2","91","2","true","true","39","115","https://kim-marie-borger.com/hochzeiten/musik-hochzeitsdinner/","0.5","https://kim-marie-borger.com/hochzeiten/musik-ringtausch/","0.5308","https://kim-marie-borger.com/hochzeiten/musik-zur-trauung/","0.889","Musik Brauteinzug | Live-Viola Hochzeit","Musik zum Brauteinzug, die dem Raum Zeit zum Stillwerden gibt."
"hochzeiten","topic","P2","low","ok","rewritten-batch-16-stretched-review-needed","true","true","musik-brautpaar","Musik für Brautpaar","https://kim-marie-borger.com/hochzeiten/musik-brautpaar/","1040","387","8","2","0","2","91","2","true","true","41","117","https://kim-marie-borger.com/hochzeiten/hochzeitsfeier/","0.6667","https://kim-marie-borger.com/hochzeiten/musik-unterschrift-standesamt/","0.5027","https://kim-marie-borger.com/hochzeiten/hochzeitsfeier/","0.8653","Musik FÜR Brautpaar | Live-Viola Hochzeit","Musik für das Brautpaar, wenn ein Stück wirklich zu euch gehören soll."
"hochzeiten","topic","P2","low","ok","rewritten-batch-16-stretched-review-needed","true","true","musik-freie-trauung","Musik freie Trauung","https://kim-marie-borger.com/hochzeiten/musik-freie-trauung/","1032","382","8","2","0","2","91","2","true","true","41","117","https://kim-marie-borger.com/hochzeiten/musik-zur-trauung/","0.8","https://kim-marie-borger.com/hochzeiten/musik-zur-trauung/","0.543","https://kim-marie-borger.com/hochzeiten/musik-zur-trauung/","0.8919","Musik Freie Trauung | Live-Viola Hochzeit","Musik für die freie Trauung, flexibel, persönlich und eng am Ablauf."
"hochzeiten","topic","P2","low","ok","rewritten-batch-16-stretched-review-needed","true","true","musik-hochzeitsdinner","Musik Hochzeitsdinner","https://kim-marie-borger.com/hochzeiten/musik-hochzeitsdinner/","1024","387","8","2","0","2","91","2","true","true","43","119","https://kim-marie-borger.com/hochzeiten/musik-brauteinzug/","0.5","https://kim-marie-borger.com/hochzeiten/musik-kirchliche-trauung/","0.5301","https://kim-marie-borger.com/hochzeiten/musik-kirchliche-trauung/","0.8538","Musik Hochzeitsdinner | Live-Viola Hochzeit","Musik zum Hochzeitsdinner, dezent zwischen Menü, Reden und Gesprächen."
"hochzeiten","topic","P2","low","ok","rewritten-batch-16-stretched-review-needed","true","true","musik-hochzeitsempfang","Musik Hochzeitsempfang","https://kim-marie-borger.com/hochzeiten/musik-hochzeitsempfang/","1051","387","8","2","0","2","91","2","true","true","44","120","https://kim-marie-borger.com/hochzeiten/musik-brauteinzug/","0.5","https://kim-marie-borger.com/hochzeiten/musik-auszug/","0.5371","https://kim-marie-borger.com/hochzeiten/sektempfang/","0.8782","Musik Hochzeitsempfang | Live-Viola Hochzeit","Musik zum Hochzeitsempfang, wenn Gäste ankommen und Glückwünsche beginnen."
"hochzeiten","topic","P2","low","ok","rewritten-batch-16-stretched-review-needed","true","true","musik-hochzeitszeremonie","Musik Hochzeitszeremonie","https://kim-marie-borger.com/hochzeiten/musik-hochzeitszeremonie/","1053","385","8","2","0","2","91","2","true","true","46","122","https://kim-marie-borger.com/hochzeiten/musik-brauteinzug/","0.5","https://kim-marie-borger.com/hochzeiten/musik-hochzeitsempfang/","0.5303","https://kim-marie-borger.com/hochzeiten/musik-hochzeitsempfang/","0.8763","Musik Hochzeitszeremonie | Live-Viola Hochzeit","Musik für die Hochzeitszeremonie, als roter Faden vom Beginn bis zum Auszug."
"hochzeiten","topic","P2","low","ok","rewritten-batch-16-stretched-review-needed","true","true","musik-ja-wort","Musik Ja-Wort","https://kim-marie-borger.com/hochzeiten/musik-ja-wort/","1105","400","8","2","0","2","91","2","true","true","35","111","https://kim-marie-borger.com/hochzeiten/musik-nach-ja-wort/","1","https://kim-marie-borger.com/hochzeiten/musik-nach-ja-wort/","0.2221","https://kim-marie-borger.com/hochzeiten/musik-nach-ja-wort/","0.6463","Musik Ja-Wort | Live-Viola Hochzeit","Musik zum Ja-Wort, leise genug für Worte und stark genug für den Moment danach."
"hochzeiten","topic","P2","low","ok","rewritten-batch-16-stretched-review-needed","true","true","musik-kirchliche-trauung","Musik kirchliche Trauung","https://kim-marie-borger.com/hochzeiten/musik-kirchliche-trauung/","1031","374","8","2","0","2","91","2","true","true","46","122","https://kim-marie-borger.com/hochzeiten/musik-zur-trauung/","0.8","https://kim-marie-borger.com/hochzeiten/musik-waehrend-trauung/","0.538","https://kim-marie-borger.com/hochzeiten/musik-waehrend-trauung/","0.889","Musik Kirchliche Trauung | Live-Viola Hochzeit","Musik für die kirchliche Trauung, abgestimmt mit Liturgie, Raum und Akustik."
"hochzeiten","topic","P2","low","ok","rewritten-batch-16-stretched-review-needed","true","true","musik-nach-ja-wort","Musik nach Ja-Wort","https://kim-marie-borger.com/hochzeiten/musik-nach-ja-wort/","1113","384","8","2","0","2","91","2","true","true","40","116","https://kim-marie-borger.com/hochzeiten/musik-ja-wort/","1","https://kim-marie-borger.com/hochzeiten/musik-ja-wort/","0.2221","https://kim-marie-borger.com/hochzeiten/musik-ja-wort/","0.6463","Musik Nach Ja-Wort | Live-Viola Hochzeit","Musik nach dem Ja-Wort, wenn der Moment kurz stehen bleiben darf."
"hochzeiten","topic","P2","low","ok","rewritten-batch-16-stretched-review-needed","true","true","musik-ringtausch","Musik Ringtausch","https://kim-marie-borger.com/hochzeiten/musik-ringtausch/","1004","377","8","2","0","2","91","2","true","true","38","114","https://kim-marie-borger.com/hochzeiten/musik-brauteinzug/","0.5","https://kim-marie-borger.com/hochzeiten/musik-brauteinzug/","0.5308","https://kim-marie-borger.com/hochzeiten/musik-brauteinzug/","0.8876","Musik Ringtausch | Live-Viola Hochzeit","Musik zum Ringtausch, fein, ruhig und flexibel im Timing."
"hochzeiten","topic","P2","low","ok","rewritten-batch-16-stretched-review-needed","true","true","musik-schloss-hochzeit","Musik Schloss Hochzeit","https://kim-marie-borger.com/hochzeiten/musik-schloss-hochzeit/","1084","384","8","2","0","2","91","2","true","true","44","120","https://kim-marie-borger.com/hochzeiten/klassische-musik-hochzeit/","0.6667","https://kim-marie-borger.com/hochzeiten/dinnermusik-hochzeit/","0.5059","https://kim-marie-borger.com/hochzeiten/musik-standesamt/","0.8566","Musik Schloss Hochzeit | Live-Viola Hochzeit","Musik für die Schloss-Hochzeit, festlich im Raum und trotzdem persönlich."
"hochzeiten","topic","P2","low","ok","rewritten-batch-16-stretched-review-needed","true","true","musik-standesamt","Musik Standesamt Hochzeit","https://kim-marie-borger.com/hochzeiten/musik-standesamt/","1027","377","8","2","0","2","91","2","true","true","47","123","https://kim-marie-borger.com/hochzeiten/klassische-musik-hochzeit/","0.6667","https://kim-marie-borger.com/hochzeiten/musik-ringtausch/","0.5214","https://kim-marie-borger.com/hochzeiten/musik-unterschrift-standesamt/","0.9001","Musik Standesamt Hochzeit | Live-Viola Hochzeit","Musik im Standesamt, kurz, präzise und emotional auf den Ablauf abgestimmt."
"hochzeiten","topic","P2","low","ok","rewritten-batch-16-stretched-review-needed","true","true","musik-unterschrift-standesamt","Musik Unterschrift Standesamt","https://kim-marie-borger.com/hochzeiten/musik-unterschrift-standesamt/","1029","392","8","2","0","2","91","2","true","true","51","127","https://kim-marie-borger.com/hochzeiten/musik-standesamt/","0.6667","https://kim-marie-borger.com/hochzeiten/musik-standesamt/","0.5161","https://kim-marie-borger.com/hochzeiten/musik-standesamt/","0.9001","Musik Unterschrift Standesamt | Live-Viola Hochzeit","Musik während der Unterschrift, damit der formale Moment nicht leer wirkt."
"hochzeiten","topic","P2","low","ok","rewritten-batch-16-stretched-review-needed","true","true","musik-waehrend-trauung","Musik während Trauung","https://kim-marie-borger.com/hochzeiten/musik-waehrend-trauung/","1044","377","8","2","0","2","91","2","true","true","43","119","https://kim-marie-borger.com/hochzeiten/musik-zur-trauung/","0.8","https://kim-marie-borger.com/hochzeiten/musik-kirchliche-trauung/","0.538","https://kim-marie-borger.com/hochzeiten/musik-kirchliche-trauung/","0.889","Musik WÄHrend Trauung | Live-Viola Hochzeit","Musik während der Trauung, punktgenau zwischen Worten, Ritualen und Stille."
"hochzeiten","topic","P2","low","ok","rewritten-batch-16-stretched-review-needed","true","true","musik-zur-trauung","Musik zur Trauung","https://kim-marie-borger.com/hochzeiten/musik-zur-trauung/","1035","377","8","2","0","2","91","2","true","true","39","115","https://kim-marie-borger.com/hochzeiten/musik-freie-trauung/","0.8","https://kim-marie-borger.com/hochzeiten/musik-freie-trauung/","0.543","https://kim-marie-borger.com/hochzeiten/musik-freie-trauung/","0.8919","Musik zur Trauung | Live-Viola Hochzeit","Musik zur Trauung, als klarer musikalischer Bogen für eure Zeremonie."
"hochzeiten","topic","P2","low","ok","rewritten-batch-16-stretched-review-needed","true","true","musikerin-hochzeit","Musikerin Hochzeit","https://kim-marie-borger.com/hochzeiten/musikerin-hochzeit/","1010","371","8","2","0","2","91","2","true","true","40","116","https://kim-marie-borger.com/hochzeiten/solo-musikerin-hochzeit/","0.8","https://kim-marie-borger.com/hochzeiten/hintergrundmusik-hochzeit/","0.5509","https://kim-marie-borger.com/hochzeiten/hintergrundmusik-hochzeit/","0.8931","Musikerin Hochzeit | Live-Viola Hochzeit","Eine Musikerin zur Hochzeit, wenn Live-Musik persönlich und unkompliziert sein soll."
"hochzeiten","topic","P2","low","ok","rewritten-batch-16-stretched-review-needed","true","true","romantische-hochzeitsmusik","Romantische Hochzeitsmusik","https://kim-marie-borger.com/hochzeiten/romantische-hochzeitsmusik/","1003","383","8","2","0","2","91","2","true","true","48","124","https://kim-marie-borger.com/hochzeiten/dezente-hochzeitsmusik/","0.5","https://kim-marie-borger.com/hochzeiten/emotionale-hochzeitsmusik/","0.4912","https://kim-marie-borger.com/hochzeiten/emotionale-hochzeitsmusik/","0.8699","Romantische Hochzeitsmusik | Live-Viola Hochzeit","Romantische Hochzeitsmusik, die Gefühl zulässt und trotzdem elegant bleibt."
"hochzeiten","topic","P2","low","ok","rewritten-batch-16-stretched-review-needed","true","true","sektempfang","Musik Sektempfang Hochzeit","https://kim-marie-borger.com/hochzeiten/sektempfang/","1051","376","8","2","0","2","91","2","true","true","48","124","https://kim-marie-borger.com/hochzeiten/klassische-musik-hochzeit/","0.6667","https://kim-marie-borger.com/hochzeiten/musik-hochzeitsempfang/","0.4989","https://kim-marie-borger.com/hochzeiten/musik-hochzeitsempfang/","0.8782","Musik Sektempfang Hochzeit | Live-Viola Hochzeit","Musik zum Sektempfang, wenn Gratulationen, Fotos und erste Gespräche zusammenkommen."
"hochzeiten","topic","P2","low","ok","rewritten-batch-16-stretched-review-needed","true","true","solo-musikerin-hochzeit","Solo Musikerin Hochzeit","https://kim-marie-borger.com/hochzeiten/solo-musikerin-hochzeit/","1038","382","8","2","0","2","91","2","true","true","45","121","https://kim-marie-borger.com/hochzeiten/musikerin-hochzeit/","0.8","https://kim-marie-borger.com/hochzeiten/musikerin-hochzeit/","0.4946","https://kim-marie-borger.com/hochzeiten/musikerin-hochzeit/","0.8915","Solo Musikerin Hochzeit | Live-Viola Hochzeit","Solo-Musikerin zur Hochzeit, reduziert, flexibel und nah am Moment."
"hochzeiten","topic","P2","low","ok","rewritten-batch-16-stretched-review-needed","true","true","streicherin-hochzeit","Streicherin Hochzeit","https://kim-marie-borger.com/hochzeiten/streicherin-hochzeit/","1011","373","8","2","0","2","91","2","true","true","42","118","https://kim-marie-borger.com/hochzeiten/bratsche-hochzeit/","0.5","https://kim-marie-borger.com/hochzeiten/violinistin-hochzeit/","0.5286","https://kim-marie-borger.com/hochzeiten/violinistin-hochzeit/","0.8937","Streicherin Hochzeit | Live-Viola Hochzeit","Eine Streicherin zur Hochzeit, wenn ihr Solo-Streichklang statt Band sucht."
"hochzeiten","topic","P2","low","ok","rewritten-batch-16-stretched-review-needed","true","true","streichmusik-hochzeit","Streichmusik Hochzeit","https://kim-marie-borger.com/hochzeiten/streichmusik-hochzeit/","997","375","8","2","0","2","91","2","true","true","43","119","https://kim-marie-borger.com/hochzeiten/bratsche-hochzeit/","0.5","https://kim-marie-borger.com/hochzeiten/instrumentalmusik-hochzeit/","0.5297","https://kim-marie-borger.com/hochzeiten/instrumentalmusik-hochzeit/","0.8948","Streichmusik Hochzeit | Live-Viola Hochzeit","Streichmusik zur Hochzeit, festlich, warm und als Solo-Viola sehr persönlich."
"hochzeiten","topic","P2","low","ok","rewritten-batch-16-stretched-review-needed","true","true","viola-hochzeit","Viola Hochzeit","https://kim-marie-borger.com/hochzeiten/viola-hochzeit/","1049","387","8","2","0","2","91","2","true","true","36","112","https://kim-marie-borger.com/hochzeiten/bratsche-hochzeit/","0.5","https://kim-marie-borger.com/hochzeiten/instrumentalmusik-hochzeit/","0.5215","https://kim-marie-borger.com/hochzeiten/streichmusik-hochzeit/","0.8688","Viola Hochzeit | Live-Viola Hochzeit","Viola zur Hochzeit, wenn ihr einen warmen Streicherklang sucht."
"hochzeiten","topic","P2","low","ok","rewritten-batch-16-stretched-review-needed","true","true","violinistin-hochzeit","Violinistin Hochzeit","https://kim-marie-borger.com/hochzeiten/violinistin-hochzeit/","1010","377","8","2","0","2","91","2","true","true","42","118","https://kim-marie-borger.com/hochzeiten/bratsche-hochzeit/","0.5","https://kim-marie-borger.com/hochzeiten/streicherin-hochzeit/","0.5286","https://kim-marie-borger.com/hochzeiten/streicherin-hochzeit/","0.8937","Violinistin Hochzeit | Live-Viola Hochzeit","Violinistin zur Hochzeit gesucht, transparent als Solo-Viola mit Streicherklang geplant."
"konzerte","local","P3","low","ok","rewritten-batch-16-stretched-review-needed","true","true","aachen","Viola Konzert Aachen","https://kim-marie-borger.com/konzerte/aachen/","1208","451","10","2","0","1","65","1","true","true","37","104","https://kim-marie-borger.com/konzerte/bielefeld/","0.6667","https://kim-marie-borger.com/konzerte/bochum/","0.4847","https://kim-marie-borger.com/konzerte/heiligenhaus/","0.8514","Viola Konzert Aachen | Kultur & Event","Viola Konzert in Aachen für Kulturabende mit Dramaturgie."
"konzerte","local","P3","low","ok","rewritten-batch-16-stretched-review-needed","true","true","bergisch-gladbach","Viola Konzert Bergisch Gladbach","https://kim-marie-borger.com/konzerte/bergisch-gladbach/","1255","437","10","2","0","1","65","1","true","true","48","115","https://kim-marie-borger.com/konzerte/aachen/","0.5714","https://kim-marie-borger.com/konzerte/wuppertal/","0.4699","https://kim-marie-borger.com/konzerte/wuppertal/","0.8381","Viola Konzert Bergisch Gladbach | Kultur & Event","Viola Konzert in Bergisch Gladbach für Kulturabende mit Dramaturgie."
"konzerte","local","P3","low","ok","rewritten-batch-16-stretched-review-needed","true","true","bergisches-land","Viola Konzert Bergisches Land","https://kim-marie-borger.com/konzerte/bergisches-land/","1229","446","10","2","0","1","65","1","true","true","46","113","https://kim-marie-borger.com/konzerte/aachen/","0.5714","https://kim-marie-borger.com/konzerte/moenchengladbach/","0.4775","https://kim-marie-borger.com/konzerte/moenchengladbach/","0.8195","Viola Konzert Bergisches Land | Kultur & Event","Viola Konzert im Bergischen Land für Kulturabende mit Dramaturgie."
"konzerte","local","P3","low","ok","rewritten-batch-16-stretched-review-needed","true","true","bielefeld","Viola Konzert Bielefeld","https://kim-marie-borger.com/konzerte/bielefeld/","1220","442","10","2","0","1","65","1","true","true","40","107","https://kim-marie-borger.com/konzerte/aachen/","0.6667","https://kim-marie-borger.com/konzerte/wuelfrath/","0.4865","https://kim-marie-borger.com/konzerte/wuelfrath/","0.8576","Viola Konzert Bielefeld | Kultur & Event","Viola Konzert in Bielefeld für Kulturabende mit Dramaturgie."
"konzerte","local","P3","low","ok","rewritten-batch-16-stretched-review-needed","true","true","bochum","Viola Konzert Bochum","https://kim-marie-borger.com/konzerte/bochum/","1224","445","10","2","0","1","65","1","true","true","37","104","https://kim-marie-borger.com/konzerte/aachen/","0.6667","https://kim-marie-borger.com/konzerte/aachen/","0.4847","https://kim-marie-borger.com/konzerte/heiligenhaus/","0.8479","Viola Konzert Bochum | Kultur & Event","Viola Konzert in Bochum für Kulturabende mit Dramaturgie."
"konzerte","local","P3","low","ok","rewritten-batch-16-stretched-review-needed","true","true","bonn","Viola Konzert Bonn","https://kim-marie-borger.com/konzerte/bonn/","1289","459","10","2","0","1","65","1","true","true","35","102","https://kim-marie-borger.com/konzerte/aachen/","0.6667","https://kim-marie-borger.com/konzerte/muenster/","0.4705","https://kim-marie-borger.com/konzerte/muenster/","0.8527","Viola Konzert Bonn | Kultur & Event","Viola Konzert in Bonn für Kulturabende mit Dramaturgie."
"konzerte","local","P3","low","ok","rewritten-batch-16-stretched-review-needed","true","true","bottrop","Viola Konzert Bottrop","https://kim-marie-borger.com/konzerte/bottrop/","1181","433","10","2","0","1","65","1","true","true","38","105","https://kim-marie-borger.com/konzerte/aachen/","0.6667","https://kim-marie-borger.com/konzerte/gelsenkirchen/","0.482","https://kim-marie-borger.com/konzerte/gelsenkirchen/","0.8462","Viola Konzert Bottrop | Kultur & Event","Viola Konzert in Bottrop für Kulturabende mit Dramaturgie."
"konzerte","local","P3","low","ok","rewritten-batch-16-stretched-review-needed","true","true","dormagen","Viola Konzert Dormagen","https://kim-marie-borger.com/konzerte/dormagen/","1221","434","10","2","0","1","65","1","true","true","39","106","https://kim-marie-borger.com/konzerte/aachen/","0.6667","https://kim-marie-borger.com/konzerte/paderborn/","0.4828","https://kim-marie-borger.com/konzerte/paderborn/","0.8552","Viola Konzert Dormagen | Kultur & Event","Viola Konzert in Dormagen für Kulturabende mit Dramaturgie."
"konzerte","local","P3","low","ok","rewritten-batch-16-stretched-review-needed","true","true","dortmund","Viola Konzert Dortmund","https://kim-marie-borger.com/konzerte/dortmund/","1173","433","10","2","0","1","65","1","true","true","39","106","https://kim-marie-borger.com/konzerte/aachen/","0.6667","https://kim-marie-borger.com/konzerte/solingen/","0.4721","https://kim-marie-borger.com/konzerte/solingen/","0.8328","Viola Konzert Dortmund | Kultur & Event","Viola Konzert in Dortmund für Kulturabende mit Dramaturgie."
"konzerte","local","P3","low","ok","rewritten-batch-16-stretched-review-needed","true","true","duesseldorf","Viola Konzert Düsseldorf","https://kim-marie-borger.com/konzerte/duesseldorf/","1172","449","10","2","0","1","65","1","true","true","41","108","https://kim-marie-borger.com/konzerte/aachen/","0.6667","https://kim-marie-borger.com/konzerte/herne/","0.4738","https://kim-marie-borger.com/konzerte/ratingen/","0.8484","Viola Konzert Düsseldorf | Kultur & Event","Viola Konzert in Düsseldorf für Kulturabende mit Dramaturgie."
"konzerte","local","P3","low","ok","rewritten-batch-16-stretched-review-needed","true","true","duisburg","Viola Konzert Duisburg","https://kim-marie-borger.com/konzerte/duisburg/","1207","432","10","2","0","1","65","1","true","true","39","106","https://kim-marie-borger.com/konzerte/aachen/","0.6667","https://kim-marie-borger.com/konzerte/krefeld/","0.4847","https://kim-marie-borger.com/konzerte/krefeld/","0.8578","Viola Konzert Duisburg | Kultur & Event","Viola Konzert in Duisburg für Kulturabende mit Dramaturgie."
"konzerte","local","P3","low","ok","rewritten-batch-16-stretched-review-needed","true","true","erkrath","Viola Konzert Erkrath","https://kim-marie-borger.com/konzerte/erkrath/","1224","431","10","2","0","1","65","1","true","true","38","105","https://kim-marie-borger.com/konzerte/aachen/","0.6667","https://kim-marie-borger.com/konzerte/koeln/","0.4835","https://kim-marie-borger.com/konzerte/krefeld/","0.8417","Viola Konzert Erkrath | Kultur & Event","Viola Konzert in Erkrath für Kulturabende mit Dramaturgie."
"konzerte","local","P3","low","ok","rewritten-batch-16-stretched-review-needed","true","true","essen","Viola Konzert Essen","https://kim-marie-borger.com/konzerte/essen/","1168","443","10","2","0","1","65","1","true","true","36","103","https://kim-marie-borger.com/konzerte/aachen/","0.6667","https://kim-marie-borger.com/konzerte/heiligenhaus/","0.4768","https://kim-marie-borger.com/konzerte/meerbusch/","0.8473","Viola Konzert Essen | Kultur & Event","Viola Konzert in Essen für Kulturabende mit Dramaturgie."
"konzerte","local","P3","low","ok","rewritten-batch-16-stretched-review-needed","true","true","gelsenkirchen","Viola Konzert Gelsenkirchen","https://kim-marie-borger.com/konzerte/gelsenkirchen/","1178","434","10","2","0","1","65","1","true","true","44","111","https://kim-marie-borger.com/konzerte/aachen/","0.6667","https://kim-marie-borger.com/konzerte/bottrop/","0.482","https://kim-marie-borger.com/konzerte/bottrop/","0.8462","Viola Konzert Gelsenkirchen | Kultur & Event","Viola Konzert in Gelsenkirchen für Kulturabende mit Dramaturgie."
"konzerte","local","P3","low","ok","rewritten-batch-16-stretched-review-needed","true","true","haan","Viola Konzert Haan","https://kim-marie-borger.com/konzerte/haan/","1215","433","10","2","0","1","65","1","true","true","35","102","https://kim-marie-borger.com/konzerte/aachen/","0.6667","https://kim-marie-borger.com/konzerte/leverkusen/","0.4819","https://kim-marie-borger.com/konzerte/wuelfrath/","0.8603","Viola Konzert Haan | Kultur & Event","Viola Konzert in Haan für Kulturabende mit Dramaturgie."
"konzerte","local","P3","low","ok","rewritten-batch-16-stretched-review-needed","true","true","hagen","Viola Konzert Hagen","https://kim-marie-borger.com/konzerte/hagen/","1184","432","10","2","0","1","65","1","true","true","36","103","https://kim-marie-borger.com/konzerte/aachen/","0.6667","https://kim-marie-borger.com/konzerte/ruhrgebiet/","0.4837","https://kim-marie-borger.com/konzerte/siegen/","0.8552","Viola Konzert Hagen | Kultur & Event","Viola Konzert in Hagen für Kulturabende mit Dramaturgie."
"konzerte","local","P3","low","ok","rewritten-batch-16-stretched-review-needed","true","true","heiligenhaus","Viola Konzert Heiligenhaus","https://kim-marie-borger.com/konzerte/heiligenhaus/","1199","434","10","2","0","1","65","1","true","true","43","110","https://kim-marie-borger.com/konzerte/aachen/","0.6667","https://kim-marie-borger.com/konzerte/meerbusch/","0.4936","https://kim-marie-borger.com/konzerte/unna/","0.8552","Viola Konzert Heiligenhaus | Kultur & Event","Viola Konzert in Heiligenhaus für Kulturabende mit Dramaturgie."
"konzerte","local","P3","low","ok","rewritten-batch-16-stretched-review-needed","true","true","herne","Viola Konzert Herne","https://kim-marie-borger.com/konzerte/herne/","1200","439","10","2","0","1","65","1","true","true","36","103","https://kim-marie-borger.com/konzerte/aachen/","0.6667","https://kim-marie-borger.com/konzerte/duesseldorf/","0.4738","https://kim-marie-borger.com/konzerte/langenfeld/","0.8458","Viola Konzert Herne | Kultur & Event","Viola Konzert in Herne für Kulturabende mit Dramaturgie."
"konzerte","local","P3","low","ok","rewritten-batch-16-stretched-review-needed","true","true","hilden","Viola Konzert Hilden","https://kim-marie-borger.com/konzerte/hilden/","1197","424","10","2","0","1","65","1","true","true","37","104","https://kim-marie-borger.com/konzerte/aachen/","0.6667","https://kim-marie-borger.com/konzerte/remscheid/","0.4665","https://kim-marie-borger.com/konzerte/langenfeld/","0.8441","Viola Konzert Hilden | Kultur & Event","Viola Konzert in Hilden für Kulturabende mit Dramaturgie."
"konzerte","local","P3","low","ok","rewritten-batch-16-stretched-review-needed","true","true","iserlohn","Viola Konzert Iserlohn","https://kim-marie-borger.com/konzerte/iserlohn/","1308","449","10","2","0","1","65","1","true","true","39","106","https://kim-marie-borger.com/konzerte/aachen/","0.6667","https://kim-marie-borger.com/konzerte/velbert/","0.4743","https://kim-marie-borger.com/konzerte/velbert/","0.8341","Viola Konzert Iserlohn | Kultur & Event","Viola Konzert in Iserlohn für Kulturabende mit Dramaturgie."
"konzerte","local","P3","low","ok","rewritten-batch-16-stretched-review-needed","true","true","koeln","Viola Konzert Köln","https://kim-marie-borger.com/konzerte/koeln/","1202","429","10","2","0","1","65","1","true","true","35","102","https://kim-marie-borger.com/konzerte/aachen/","0.6667","https://kim-marie-borger.com/konzerte/erkrath/","0.4835","https://kim-marie-borger.com/konzerte/erkrath/","0.8415","Viola Konzert Köln | Kultur & Event","Viola Konzert in Köln für Kulturabende mit Dramaturgie."
"konzerte","local","P3","low","ok","rewritten-batch-16-stretched-review-needed","true","true","krefeld","Viola Konzert Krefeld","https://kim-marie-borger.com/konzerte/krefeld/","1192","428","10","2","0","1","65","1","true","true","38","105","https://kim-marie-borger.com/konzerte/aachen/","0.6667","https://kim-marie-borger.com/konzerte/duisburg/","0.4847","https://kim-marie-borger.com/konzerte/duisburg/","0.8578","Viola Konzert Krefeld | Kultur & Event","Viola Konzert in Krefeld für Kulturabende mit Dramaturgie."
"konzerte","local","P3","low","ok","rewritten-batch-16-stretched-review-needed","true","true","kreis-mettmann","Viola Konzert Kreis Mettmann","https://kim-marie-borger.com/konzerte/kreis-mettmann/","1316","449","10","2","0","1","65","1","true","true","45","112","https://kim-marie-borger.com/konzerte/mettmann/","0.8571","https://kim-marie-borger.com/konzerte/monheim-am-rhein/","0.4663","https://kim-marie-borger.com/konzerte/monheim-am-rhein/","0.8167","Viola Konzert Kreis Mettmann | Kultur & Event","Viola Konzert im Kreis Mettmann für Kulturabende mit Dramaturgie."
"konzerte","local","P3","low","ok","rewritten-batch-16-stretched-review-needed","true","true","langenfeld","Viola Konzert Langenfeld","https://kim-marie-borger.com/konzerte/langenfeld/","1200","430","10","2","0","1","65","1","true","true","41","108","https://kim-marie-borger.com/konzerte/aachen/","0.6667","https://kim-marie-borger.com/konzerte/remscheid/","0.4859","https://kim-marie-borger.com/konzerte/unna/","0.8598","Viola Konzert Langenfeld | Kultur & Event","Viola Konzert in Langenfeld für Kulturabende mit Dramaturgie."
"konzerte","local","P3","low","ok","rewritten-batch-16-stretched-review-needed","true","true","leverkusen","Viola Konzert Leverkusen","https://kim-marie-borger.com/konzerte/leverkusen/","1166","438","10","2","0","1","65","1","true","true","41","108","https://kim-marie-borger.com/konzerte/aachen/","0.6667","https://kim-marie-borger.com/konzerte/haan/","0.4819","https://kim-marie-borger.com/konzerte/ratingen/","0.8434","Viola Konzert Leverkusen | Kultur & Event","Viola Konzert in Leverkusen für Kulturabende mit Dramaturgie."
"konzerte","local","P3","low","ok","rewritten-batch-16-stretched-review-needed","true","true","meerbusch","Viola Konzert Meerbusch","https://kim-marie-borger.com/konzerte/meerbusch/","1196","439","10","2","0","1","65","1","true","true","40","107","https://kim-marie-borger.com/konzerte/aachen/","0.6667","https://kim-marie-borger.com/konzerte/heiligenhaus/","0.4936","https://kim-marie-borger.com/konzerte/unna/","0.8513","Viola Konzert Meerbusch | Kultur & Event","Viola Konzert in Meerbusch für Kulturabende mit Dramaturgie."
"konzerte","local","P3","low","ok","rewritten-batch-16-stretched-review-needed","true","true","mettmann","Viola Konzert Mettmann","https://kim-marie-borger.com/konzerte/mettmann/","1263","452","10","2","0","1","65","1","true","true","39","106","https://kim-marie-borger.com/konzerte/kreis-mettmann/","0.8571","https://kim-marie-borger.com/konzerte/essen/","0.4587","https://kim-marie-borger.com/konzerte/velbert/","0.8475","Viola Konzert Mettmann | Kultur & Event","Viola Konzert in Mettmann für Kulturabende mit Dramaturgie."
"konzerte","local","P3","low","ok","rewritten-batch-16-stretched-review-needed","true","true","moenchengladbach","Viola Konzert Mönchengladbach","https://kim-marie-borger.com/konzerte/moenchengladbach/","1164","427","10","2","0","1","65","1","true","true","46","113","https://kim-marie-borger.com/konzerte/aachen/","0.6667","https://kim-marie-borger.com/konzerte/siegen/","0.4823","https://kim-marie-borger.com/konzerte/siegen/","0.8556","Viola Konzert Mönchengladbach | Kultur & Event","Viola Konzert in Mönchengladbach für Kulturabende mit Dramaturgie."
"konzerte","local","P3","low","ok","rewritten-batch-16-stretched-review-needed","true","true","moers","Viola Konzert Moers","https://kim-marie-borger.com/konzerte/moers/","1205","441","10","2","0","1","65","1","true","true","36","103","https://kim-marie-borger.com/konzerte/aachen/","0.6667","https://kim-marie-borger.com/konzerte/heiligenhaus/","0.4756","https://kim-marie-borger.com/konzerte/unna/","0.8494","Viola Konzert Moers | Kultur & Event","Viola Konzert in Moers für Kulturabende mit Dramaturgie."
"konzerte","local","P3","low","ok","rewritten-batch-16-stretched-review-needed","true","true","monheim-am-rhein","Viola Konzert Monheim am Rhein","https://kim-marie-borger.com/konzerte/monheim-am-rhein/","1385","450","10","2","0","1","65","1","true","true","47","114","https://kim-marie-borger.com/konzerte/rhein-ruhr/","0.75","https://kim-marie-borger.com/konzerte/kreis-mettmann/","0.4663","https://kim-marie-borger.com/konzerte/kreis-mettmann/","0.8167","Viola Konzert Monheim am Rhein | Kultur & Event","Viola Konzert in Monheim am Rhein für Kulturabende mit Dramaturgie."
"konzerte","local","P3","low","ok","rewritten-batch-16-stretched-review-needed","true","true","muelheim-an-der-ruhr","Viola Konzert Mülheim an der Ruhr","https://kim-marie-borger.com/konzerte/muelheim-an-der-ruhr/","1407","457","10","2","0","1","65","1","true","true","50","117","https://kim-marie-borger.com/konzerte/rhein-ruhr/","0.75","https://kim-marie-borger.com/konzerte/oberhausen/","0.4705","https://kim-marie-borger.com/konzerte/rhein-ruhr/","0.8469","Viola Konzert Mülheim an der Ruhr | Kultur & Event","Viola Konzert in Mülheim an der Ruhr für Kulturabende mit Dramaturgie."
"konzerte","local","P3","low","ok","rewritten-batch-16-stretched-review-needed","true","true","muenster","Viola Konzert Münster","https://kim-marie-borger.com/konzerte/muenster/","1256","454","10","2","0","1","65","1","true","true","38","105","https://kim-marie-borger.com/konzerte/aachen/","0.6667","https://kim-marie-borger.com/konzerte/bonn/","0.4705","https://kim-marie-borger.com/konzerte/bonn/","0.8527","Viola Konzert Münster | Kultur & Event","Viola Konzert in Münster für Kulturabende mit Dramaturgie."
"konzerte","local","P3","low","ok","rewritten-batch-16-stretched-review-needed","true","true","neuss","Viola Konzert Neuss","https://kim-marie-borger.com/konzerte/neuss/","1263","460","10","2","0","1","65","1","true","true","36","103","https://kim-marie-borger.com/konzerte/rhein-kreis-neuss/","0.75","https://kim-marie-borger.com/konzerte/ratingen/","0.4554","https://kim-marie-borger.com/konzerte/rhein-kreis-neuss/","0.8393","Viola Konzert Neuss | Kultur & Event","Viola Konzert in Neuss für Kulturabende mit Dramaturgie."
"konzerte","local","P3","low","ok","rewritten-batch-16-stretched-review-needed","true","true","nordrhein-westfalen","Viola Konzert Nordrhein-Westfalen","https://kim-marie-borger.com/konzerte/nordrhein-westfalen/","1239","432","10","2","0","1","65","1","true","true","50","117","https://kim-marie-borger.com/konzerte/aachen/","0.5714","https://kim-marie-borger.com/konzerte/koeln/","0.4722","https://kim-marie-borger.com/konzerte/koeln/","0.8313","Viola Konzert Nordrhein-Westfalen | Kultur & Event","Viola Konzert in Nordrhein-Westfalen für Kulturabende mit Dramaturgie."
"konzerte","local","P3","low","ok","rewritten-batch-16-stretched-review-needed","true","true","oberhausen","Viola Konzert Oberhausen","https://kim-marie-borger.com/konzerte/oberhausen/","1265","447","10","2","0","1","65","1","true","true","41","108","https://kim-marie-borger.com/konzerte/aachen/","0.6667","https://kim-marie-borger.com/konzerte/velbert/","0.4751","https://kim-marie-borger.com/konzerte/velbert/","0.8516","Viola Konzert Oberhausen | Kultur & Event","Viola Konzert in Oberhausen für Kulturabende mit Dramaturgie."
"konzerte","local","P3","low","ok","rewritten-batch-16-stretched-review-needed","true","true","paderborn","Viola Konzert Paderborn","https://kim-marie-borger.com/konzerte/paderborn/","1196","433","10","2","0","1","65","1","true","true","40","107","https://kim-marie-borger.com/konzerte/aachen/","0.6667","https://kim-marie-borger.com/konzerte/dormagen/","0.4828","https://kim-marie-borger.com/konzerte/dormagen/","0.8552","Viola Konzert Paderborn | Kultur & Event","Viola Konzert in Paderborn für Kulturabende mit Dramaturgie."
"konzerte","local","P3","low","ok","rewritten-batch-16-stretched-review-needed","true","true","ratingen","Viola Konzert Ratingen","https://kim-marie-borger.com/konzerte/ratingen/","1171","438","10","2","0","1","65","1","true","true","39","106","https://kim-marie-borger.com/konzerte/aachen/","0.6667","https://kim-marie-borger.com/konzerte/duesseldorf/","0.4698","https://kim-marie-borger.com/konzerte/duesseldorf/","0.8484","Viola Konzert Ratingen | Kultur & Event","Viola Konzert in Ratingen für Kulturabende mit Dramaturgie."
"konzerte","local","P3","low","ok","rewritten-batch-16-stretched-review-needed","true","true","recklinghausen","Viola Konzert Recklinghausen","https://kim-marie-borger.com/konzerte/recklinghausen/","1186","428","10","2","0","1","65","1","true","true","45","112","https://kim-marie-borger.com/konzerte/aachen/","0.6667","https://kim-marie-borger.com/konzerte/solingen/","0.4806","https://kim-marie-borger.com/konzerte/solingen/","0.8487","Viola Konzert Recklinghausen | Kultur & Event","Viola Konzert in Recklinghausen für Kulturabende mit Dramaturgie."
"konzerte","local","P3","low","ok","rewritten-batch-16-stretched-review-needed","true","true","remscheid","Viola Konzert Remscheid","https://kim-marie-borger.com/konzerte/remscheid/","1207","438","10","2","0","1","65","1","true","true","40","107","https://kim-marie-borger.com/konzerte/aachen/","0.6667","https://kim-marie-borger.com/konzerte/langenfeld/","0.4859","https://kim-marie-borger.com/konzerte/langenfeld/","0.8568","Viola Konzert Remscheid | Kultur & Event","Viola Konzert in Remscheid für Kulturabende mit Dramaturgie."
"konzerte","local","P3","low","ok","rewritten-batch-16-stretched-review-needed","true","true","rhein-kreis-neuss","Viola Konzert Rhein-Kreis Neuss","https://kim-marie-borger.com/konzerte/rhein-kreis-neuss/","1358","448","10","2","0","1","65","1","true","true","48","115","https://kim-marie-borger.com/konzerte/neuss/","0.75","https://kim-marie-borger.com/konzerte/velbert/","0.4694","https://kim-marie-borger.com/konzerte/neuss/","0.8393","Viola Konzert Rhein-Kreis Neuss | Kultur & Event","Viola Konzert im Rhein-Kreis Neuss für Kulturabende mit Dramaturgie."
"konzerte","local","P3","low","ok","rewritten-batch-16-stretched-review-needed","true","true","rhein-ruhr","Viola Konzert Rhein-Ruhr","https://kim-marie-borger.com/konzerte/rhein-ruhr/","1369","457","10","2","0","1","65","1","true","true","41","108","https://kim-marie-borger.com/konzerte/monheim-am-rhein/","0.75","https://kim-marie-borger.com/konzerte/muelheim-an-der-ruhr/","0.469","https://kim-marie-borger.com/konzerte/muelheim-an-der-ruhr/","0.8469","Viola Konzert Rhein-Ruhr | Kultur & Event","Viola Konzert in der Rhein-Ruhr-Region für Kulturabende mit Dramaturgie."
"konzerte","local","P3","low","ok","rewritten-batch-16-stretched-review-needed","true","true","rheinland","Viola Konzert Rheinland","https://kim-marie-borger.com/konzerte/rheinland/","1164","435","10","2","0","1","65","1","true","true","40","107","https://kim-marie-borger.com/konzerte/aachen/","0.6667","https://kim-marie-borger.com/konzerte/ruhrgebiet/","0.4692","https://kim-marie-borger.com/konzerte/solingen/","0.8422","Viola Konzert Rheinland | Kultur & Event","Viola Konzert im Rheinland für Kulturabende mit Dramaturgie."
"konzerte","local","P3","low","ok","rewritten-batch-16-stretched-review-needed","true","true","ruhrgebiet","Viola Konzert Ruhrgebiet","https://kim-marie-borger.com/konzerte/ruhrgebiet/","1183","431","10","2","0","1","65","1","true","true","41","108","https://kim-marie-borger.com/konzerte/aachen/","0.6667","https://kim-marie-borger.com/konzerte/hagen/","0.4837","https://kim-marie-borger.com/konzerte/hagen/","0.8471","Viola Konzert Ruhrgebiet | Kultur & Event","Viola Konzert im Ruhrgebiet für Kulturabende mit Dramaturgie."
"konzerte","local","P3","low","ok","rewritten-batch-16-stretched-review-needed","true","true","siegen","Viola Konzert Siegen","https://kim-marie-borger.com/konzerte/siegen/","1194","430","10","2","0","1","65","1","true","true","37","104","https://kim-marie-borger.com/konzerte/aachen/","0.6667","https://kim-marie-borger.com/konzerte/moenchengladbach/","0.4823","https://kim-marie-borger.com/konzerte/moenchengladbach/","0.8556","Viola Konzert Siegen | Kultur & Event","Viola Konzert in Siegen für Kulturabende mit Dramaturgie."
"konzerte","local","P3","low","ok","rewritten-batch-16-stretched-review-needed","true","true","solingen","Viola Konzert Solingen","https://kim-marie-borger.com/konzerte/solingen/","1160","432","10","2","0","1","65","1","true","true","39","106","https://kim-marie-borger.com/konzerte/aachen/","0.6667","https://kim-marie-borger.com/konzerte/recklinghausen/","0.4806","https://kim-marie-borger.com/konzerte/recklinghausen/","0.8487","Viola Konzert Solingen | Kultur & Event","Viola Konzert in Solingen für Kulturabende mit Dramaturgie."
"konzerte","local","P3","low","ok","rewritten-batch-16-stretched-review-needed","true","true","unna","Viola Konzert Unna","https://kim-marie-borger.com/konzerte/unna/","1191","440","10","2","0","1","65","1","true","true","35","102","https://kim-marie-borger.com/konzerte/aachen/","0.6667","https://kim-marie-borger.com/konzerte/heiligenhaus/","0.489","https://kim-marie-borger.com/konzerte/langenfeld/","0.8598","Viola Konzert Unna | Kultur & Event","Viola Konzert in Unna für Kulturabende mit Dramaturgie."
"konzerte","local","P3","low","ok","rewritten-batch-16-stretched-review-needed","true","true","velbert","Viola Konzert Velbert","https://kim-marie-borger.com/konzerte/velbert/","1273","451","10","2","0","1","65","1","true","true","38","105","https://kim-marie-borger.com/konzerte/aachen/","0.6667","https://kim-marie-borger.com/konzerte/oberhausen/","0.4751","https://kim-marie-borger.com/konzerte/oberhausen/","0.8516","Viola Konzert Velbert | Kultur & Event","Viola Konzert in Velbert für Kulturabende mit Dramaturgie."
"konzerte","local","P3","low","ok","rewritten-batch-16-stretched-review-needed","true","true","wuelfrath","Viola Konzert Wülfrath","https://kim-marie-borger.com/konzerte/wuelfrath/","1196","431","10","2","0","1","65","1","true","true","39","106","https://kim-marie-borger.com/konzerte/aachen/","0.6667","https://kim-marie-borger.com/konzerte/bielefeld/","0.4865","https://kim-marie-borger.com/konzerte/haan/","0.8603","Viola Konzert Wülfrath | Kultur & Event","Viola Konzert in Wülfrath für Kulturabende mit Dramaturgie."
"konzerte","local","P3","low","ok","rewritten-batch-16-stretched-review-needed","true","true","wuppertal","Viola Konzert Wuppertal","https://kim-marie-borger.com/konzerte/wuppertal/","1201","433","10","2","0","1","65","1","true","true","40","107","https://kim-marie-borger.com/konzerte/aachen/","0.6667","https://kim-marie-borger.com/konzerte/bottrop/","0.4762","https://kim-marie-borger.com/konzerte/moers/","0.8419","Viola Konzert Wuppertal | Kultur & Event","Viola Konzert in Wuppertal für Kulturabende mit Dramaturgie."
"konzerte","topic","P2","low","ok","rewritten-batch-16-stretched-review-needed","true","true","bratsche-konzert","Bratsche Konzert","https://kim-marie-borger.com/konzerte/bratsche-konzert/","1132","404","10","2","0","1","59","1","true","true","29","106","https://kim-marie-borger.com/konzerte/viola-konzert/","0.5","https://kim-marie-borger.com/konzerte/live-musik-konzert/","0.4197","https://kim-marie-borger.com/konzerte/live-musik-konzert/","0.8025","Bratsche Konzert | Solo-Viola","Bratsche im Konzert mit warmem Solo-Klang."
"konzerte","topic","P2","low","ok","rewritten-batch-16-stretched-review-needed","true","true","bratschenkonzert","Bratschenkonzert","https://kim-marie-borger.com/konzerte/bratschenkonzert/","1101","393","10","2","0","1","59","1","true","true","29","106","","0","https://kim-marie-borger.com/konzerte/musik-kulturabend/","0.4142","https://kim-marie-borger.com/konzerte/viola-konzert/","0.8023","Bratschenkonzert | Solo-Viola","Bratschenkonzert als kuratierter Kammermusikabend."
"konzerte","topic","P2","low","ok","rewritten-batch-16-stretched-review-needed","true","true","klassische-musik-event","Klassische Musik Event","https://kim-marie-borger.com/konzerte/klassische-musik-event/","1127","401","9","2","0","1","59","1","true","true","35","112","https://kim-marie-borger.com/konzerte/live-musik-event/","0.6667","https://kim-marie-borger.com/konzerte/live-musik-event/","0.4461","https://kim-marie-borger.com/konzerte/live-musik-event/","0.8344","Klassische Musik Event | Solo-Viola","Klassische Musik für Events mit Solo-Viola."
"konzerte","topic","P2","low","ok","rewritten-batch-16-stretched-review-needed","true","true","live-musik-event","Live Musik Event","https://kim-marie-borger.com/konzerte/live-musik-event/","1161","404","10","2","0","1","59","1","true","true","29","106","https://kim-marie-borger.com/konzerte/klassische-musik-event/","0.6667","https://kim-marie-borger.com/konzerte/klassische-musik-event/","0.4461","https://kim-marie-borger.com/konzerte/klassische-musik-event/","0.8344","Live Musik Event | Solo-Viola","Live-Musik für Events, die wirklich im Raum entsteht."
"konzerte","topic","P2","low","ok","rewritten-batch-16-stretched-review-needed","true","true","live-musik-konzert","Live Musik Konzert","https://kim-marie-borger.com/konzerte/live-musik-konzert/","1116","396","9","2","0","1","59","1","true","true","31","108","https://kim-marie-borger.com/konzerte/live-musik-event/","0.6667","https://kim-marie-borger.com/konzerte/bratsche-konzert/","0.4197","https://kim-marie-borger.com/konzerte/musik-salonkonzert/","0.8088","Live Musik Konzert | Solo-Viola","Live-Musik im Konzertformat mit Viola."
"konzerte","topic","P2","low","ok","rewritten-batch-16-stretched-review-needed","true","true","musik-kulturabend","Musik Kulturabend","https://kim-marie-borger.com/konzerte/musik-kulturabend/","1153","393","10","2","0","1","59","1","true","true","30","107","https://kim-marie-borger.com/konzerte/musik-lesung/","0.5","https://kim-marie-borger.com/konzerte/musik-vernissage/","0.4434","https://kim-marie-borger.com/konzerte/musik-vernissage/","0.8104","Musik Kulturabend | Solo-Viola","Musik für Kulturabende mit dramaturgischem Bogen."
"konzerte","topic","P2","low","ok","rewritten-batch-16-stretched-review-needed","true","true","musik-lesung","Musik Lesung","https://kim-marie-borger.com/konzerte/musik-lesung/","1116","403","9","2","0","1","59","1","true","true","25","102","https://kim-marie-borger.com/konzerte/musik-kulturabend/","0.5","https://kim-marie-borger.com/konzerte/musik-salonkonzert/","0.5034","https://kim-marie-borger.com/konzerte/musik-salonkonzert/","0.8243","Musik Lesung | Solo-Viola","Musik für Lesungen, die Text atmen lässt."
"konzerte","topic","P2","low","ok","rewritten-batch-16-stretched-review-needed","true","true","musik-salonkonzert","Musik Salonkonzert","https://kim-marie-borger.com/konzerte/musik-salonkonzert/","1170","413","10","2","0","1","59","1","true","true","31","108","https://kim-marie-borger.com/konzerte/musik-kulturabend/","0.5","https://kim-marie-borger.com/konzerte/musik-lesung/","0.5034","https://kim-marie-borger.com/konzerte/musik-lesung/","0.8243","Musik Salonkonzert | Solo-Viola","Musik für Salonkonzerte mit Nähe zum Publikum."
"konzerte","topic","P2","low","ok","rewritten-batch-16-stretched-review-needed","true","true","musik-vernissage","Musik Vernissage","https://kim-marie-borger.com/konzerte/musik-vernissage/","1096","396","9","2","0","1","59","1","true","true","29","106","https://kim-marie-borger.com/konzerte/musik-kulturabend/","0.5","https://kim-marie-borger.com/konzerte/musik-kulturabend/","0.4434","https://kim-marie-borger.com/konzerte/live-musik-event/","0.8202","Musik Vernissage | Solo-Viola","Musik für Vernissagen mit Raum für Kunst und Gespräch."
"konzerte","topic","P2","low","ok","rewritten-batch-16-stretched-review-needed","true","true","viola-konzert","Viola Konzert","https://kim-marie-borger.com/konzerte/viola-konzert/","1123","405","10","2","0","1","59","1","true","true","26","103","https://kim-marie-borger.com/konzerte/bratsche-konzert/","0.5","https://kim-marie-borger.com/konzerte/musik-vernissage/","0.4367","https://kim-marie-borger.com/konzerte/bratschenkonzert/","0.8023","Viola Konzert | Solo-Viola","Viola Konzert mit persönlicher Dramaturgie."
"taufen","local","P3","low","ok","rewritten-batch-16-stretched-review-needed","true","true","aachen","Taufmusik Aachen","https://kim-marie-borger.com/taufen/aachen/","1430","466","10","3","0","2","74","2","true","true","39","127","https://kim-marie-borger.com/taufen/bielefeld/","0.5","https://kim-marie-borger.com/taufen/unna/","0.5153","https://kim-marie-borger.com/taufen/mettmann/","0.8725","Taufmusik Aachen | Live-Viola zur Taufe","Taufmusik in Aachen für einen warmen Anfang."
"taufen","local","P3","low","ok","rewritten-batch-16-stretched-review-needed","true","true","bergisch-gladbach","Taufmusik Bergisch Gladbach","https://kim-marie-borger.com/taufen/bergisch-gladbach/","1393","439","10","3","0","2","74","2","true","true","50","138","https://kim-marie-borger.com/taufen/aachen/","0.4","https://kim-marie-borger.com/taufen/gelsenkirchen/","0.4734","https://kim-marie-borger.com/taufen/wuppertal/","0.8248","Taufmusik Bergisch Gladbach | Live-Viola zur Taufe","Taufmusik in Bergisch Gladbach für einen warmen Anfang."
"taufen","local","P3","low","ok","rewritten-batch-16-stretched-review-needed","true","true","bergisches-land","Taufmusik Bergisches Land","https://kim-marie-borger.com/taufen/bergisches-land/","1376","458","10","3","0","2","74","2","true","true","48","136","https://kim-marie-borger.com/taufen/aachen/","0.4","https://kim-marie-borger.com/taufen/siegen/","0.4698","https://kim-marie-borger.com/taufen/siegen/","0.8282","Taufmusik Bergisches Land | Live-Viola zur Taufe","Taufmusik im Bergischen Land für einen warmen Anfang."
"taufen","local","P3","low","ok","rewritten-batch-16-stretched-review-needed","true","true","bielefeld","Taufmusik Bielefeld","https://kim-marie-borger.com/taufen/bielefeld/","1422","454","10","3","0","2","74","2","true","true","42","130","https://kim-marie-borger.com/taufen/aachen/","0.5","https://kim-marie-borger.com/taufen/unna/","0.5088","https://kim-marie-borger.com/taufen/unna/","0.877","Taufmusik Bielefeld | Live-Viola zur Taufe","Taufmusik in Bielefeld für einen warmen Anfang."
"taufen","local","P3","low","ok","rewritten-batch-16-stretched-review-needed","true","true","bochum","Taufmusik Bochum","https://kim-marie-borger.com/taufen/bochum/","1421","461","10","3","0","2","74","2","true","true","39","127","https://kim-marie-borger.com/taufen/aachen/","0.5","https://kim-marie-borger.com/taufen/mettmann/","0.5253","https://kim-marie-borger.com/taufen/mettmann/","0.8822","Taufmusik Bochum | Live-Viola zur Taufe","Taufmusik in Bochum für einen warmen Anfang."
"taufen","local","P3","low","ok","rewritten-batch-16-stretched-review-needed","true","true","bonn","Taufmusik Bonn","https://kim-marie-borger.com/taufen/bonn/","1407","459","10","3","0","2","74","2","true","true","37","125","https://kim-marie-borger.com/taufen/aachen/","0.5","https://kim-marie-borger.com/taufen/dortmund/","0.5056","https://kim-marie-borger.com/taufen/muenster/","0.8576","Taufmusik Bonn | Live-Viola zur Taufe","Taufmusik in Bonn für einen warmen Anfang."
"taufen","local","P3","low","ok","rewritten-batch-16-stretched-review-needed","true","true","bottrop","Taufmusik Bottrop","https://kim-marie-borger.com/taufen/bottrop/","1424","456","10","3","0","2","74","2","true","true","40","128","https://kim-marie-borger.com/taufen/aachen/","0.5","https://kim-marie-borger.com/taufen/wuppertal/","0.5052","https://kim-marie-borger.com/taufen/gelsenkirchen/","0.857","Taufmusik Bottrop | Live-Viola zur Taufe","Taufmusik in Bottrop für einen warmen Anfang."
"taufen","local","P3","low","ok","rewritten-batch-16-stretched-review-needed","true","true","dormagen","Taufmusik Dormagen","https://kim-marie-borger.com/taufen/dormagen/","1454","457","10","3","0","2","74","2","true","true","41","129","https://kim-marie-borger.com/taufen/aachen/","0.5","https://kim-marie-borger.com/taufen/paderborn/","0.5036","https://kim-marie-borger.com/taufen/paderborn/","0.8647","Taufmusik Dormagen | Live-Viola zur Taufe","Taufmusik in Dormagen für einen warmen Anfang."
"taufen","local","P3","low","ok","rewritten-batch-16-stretched-review-needed","true","true","dortmund","Taufmusik Dortmund","https://kim-marie-borger.com/taufen/dortmund/","1439","459","10","3","0","2","74","2","true","true","41","129","https://kim-marie-borger.com/taufen/aachen/","0.5","https://kim-marie-borger.com/taufen/bonn/","0.5056","https://kim-marie-borger.com/taufen/bonn/","0.8535","Taufmusik Dortmund | Live-Viola zur Taufe","Taufmusik in Dortmund für einen warmen Anfang."
"taufen","local","P3","low","ok","rewritten-batch-16-stretched-review-needed","true","true","duesseldorf","Taufmusik Düsseldorf","https://kim-marie-borger.com/taufen/duesseldorf/","1400","458","10","3","0","2","74","2","true","true","43","131","https://kim-marie-borger.com/taufen/aachen/","0.5","https://kim-marie-borger.com/taufen/ratingen/","0.5137","https://kim-marie-borger.com/taufen/ratingen/","0.8859","Taufmusik Düsseldorf | Live-Viola zur Taufe","Taufmusik in Düsseldorf für einen warmen Anfang."
"taufen","local","P3","low","ok","rewritten-batch-16-stretched-review-needed","true","true","duisburg","Taufmusik Duisburg","https://kim-marie-borger.com/taufen/duisburg/","1429","459","10","3","0","2","74","2","true","true","41","129","https://kim-marie-borger.com/taufen/aachen/","0.5","https://kim-marie-borger.com/taufen/krefeld/","0.5137","https://kim-marie-borger.com/taufen/krefeld/","0.8794","Taufmusik Duisburg | Live-Viola zur Taufe","Taufmusik in Duisburg für einen warmen Anfang."
"taufen","local","P3","low","ok","rewritten-batch-16-stretched-review-needed","true","true","erkrath","Taufmusik Erkrath","https://kim-marie-borger.com/taufen/erkrath/","1431","456","10","3","0","2","74","2","true","true","40","128","https://kim-marie-borger.com/taufen/aachen/","0.5","https://kim-marie-borger.com/taufen/koeln/","0.5056","https://kim-marie-borger.com/taufen/siegen/","0.8577","Taufmusik Erkrath | Live-Viola zur Taufe","Taufmusik in Erkrath für einen warmen Anfang."
"taufen","local","P3","low","ok","rewritten-batch-16-stretched-review-needed","true","true","essen","Taufmusik Essen","https://kim-marie-borger.com/taufen/essen/","1441","456","10","3","0","2","74","2","true","true","38","126","https://kim-marie-borger.com/taufen/aachen/","0.5","https://kim-marie-borger.com/taufen/heiligenhaus/","0.5264","https://kim-marie-borger.com/taufen/meerbusch/","0.8742","Taufmusik Essen | Live-Viola zur Taufe","Taufmusik in Essen für einen warmen Anfang."
"taufen","local","P3","low","ok","rewritten-batch-16-stretched-review-needed","true","true","gelsenkirchen","Taufmusik Gelsenkirchen","https://kim-marie-borger.com/taufen/gelsenkirchen/","1443","455","10","3","0","2","74","2","true","true","46","134","https://kim-marie-borger.com/taufen/aachen/","0.5","https://kim-marie-borger.com/taufen/wuppertal/","0.5059","https://kim-marie-borger.com/taufen/wuppertal/","0.8707","Taufmusik Gelsenkirchen | Live-Viola zur Taufe","Taufmusik in Gelsenkirchen für einen warmen Anfang."
"taufen","local","P3","low","ok","rewritten-batch-16-stretched-review-needed","true","true","haan","Taufmusik Haan","https://kim-marie-borger.com/taufen/haan/","1459","456","10","3","0","2","74","2","true","true","37","125","https://kim-marie-borger.com/taufen/aachen/","0.5","https://kim-marie-borger.com/taufen/iserlohn/","0.5133","https://kim-marie-borger.com/taufen/leverkusen/","0.8721","Taufmusik Haan | Live-Viola zur Taufe","Taufmusik in Haan für einen warmen Anfang."
"taufen","local","P3","low","ok","rewritten-batch-16-stretched-review-needed","true","true","hagen","Taufmusik Hagen","https://kim-marie-borger.com/taufen/hagen/","1413","458","10","3","0","2","74","2","true","true","38","126","https://kim-marie-borger.com/taufen/aachen/","0.5","https://kim-marie-borger.com/taufen/ruhrgebiet/","0.5081","https://kim-marie-borger.com/taufen/siegen/","0.8717","Taufmusik Hagen | Live-Viola zur Taufe","Taufmusik in Hagen für einen warmen Anfang."
"taufen","local","P3","low","ok","rewritten-batch-16-stretched-review-needed","true","true","heiligenhaus","Taufmusik Heiligenhaus","https://kim-marie-borger.com/taufen/heiligenhaus/","1437","456","10","3","0","2","74","2","true","true","45","133","https://kim-marie-borger.com/taufen/aachen/","0.5","https://kim-marie-borger.com/taufen/essen/","0.5264","https://kim-marie-borger.com/taufen/mettmann/","0.8762","Taufmusik Heiligenhaus | Live-Viola zur Taufe","Taufmusik in Heiligenhaus für einen warmen Anfang."
"taufen","local","P3","low","ok","rewritten-batch-16-stretched-review-needed","true","true","herne","Taufmusik Herne","https://kim-marie-borger.com/taufen/herne/","1451","457","10","3","0","2","74","2","true","true","38","126","https://kim-marie-borger.com/taufen/aachen/","0.5","https://kim-marie-borger.com/taufen/duesseldorf/","0.5052","https://kim-marie-borger.com/taufen/wuppertal/","0.852","Taufmusik Herne | Live-Viola zur Taufe","Taufmusik in Herne für einen warmen Anfang."
"taufen","local","P3","low","ok","rewritten-batch-16-stretched-review-needed","true","true","hilden","Taufmusik Hilden","https://kim-marie-borger.com/taufen/hilden/","1451","449","10","3","0","2","74","2","true","true","39","127","https://kim-marie-borger.com/taufen/aachen/","0.5","https://kim-marie-borger.com/taufen/oberhausen/","0.5111","https://kim-marie-borger.com/taufen/oberhausen/","0.8833","Taufmusik Hilden | Live-Viola zur Taufe","Taufmusik in Hilden für einen warmen Anfang."
"taufen","local","P3","low","ok","rewritten-batch-16-stretched-review-needed","true","true","iserlohn","Taufmusik Iserlohn","https://kim-marie-borger.com/taufen/iserlohn/","1425","458","10","3","0","2","74","2","true","true","41","129","https://kim-marie-borger.com/taufen/aachen/","0.5","https://kim-marie-borger.com/taufen/leverkusen/","0.5157","https://kim-marie-borger.com/taufen/leverkusen/","0.882","Taufmusik Iserlohn | Live-Viola zur Taufe","Taufmusik in Iserlohn für einen warmen Anfang."
"taufen","local","P3","low","ok","rewritten-batch-16-stretched-review-needed","true","true","koeln","Taufmusik Köln","https://kim-marie-borger.com/taufen/koeln/","1391","461","10","3","0","2","74","2","true","true","37","125","https://kim-marie-borger.com/taufen/aachen/","0.5","https://kim-marie-borger.com/taufen/erkrath/","0.5056","https://kim-marie-borger.com/taufen/paderborn/","0.8532","Taufmusik Köln | Live-Viola zur Taufe","Taufmusik in Köln für einen warmen Anfang."
"taufen","local","P3","low","ok","rewritten-batch-16-stretched-review-needed","true","true","krefeld","Taufmusik Krefeld","https://kim-marie-borger.com/taufen/krefeld/","1414","451","10","3","0","2","74","2","true","true","40","128","https://kim-marie-borger.com/taufen/aachen/","0.5","https://kim-marie-borger.com/taufen/duisburg/","0.5137","https://kim-marie-borger.com/taufen/duisburg/","0.8794","Taufmusik Krefeld | Live-Viola zur Taufe","Taufmusik in Krefeld für einen warmen Anfang."
"taufen","local","P3","low","ok","rewritten-batch-16-stretched-review-needed","true","true","kreis-mettmann","Taufmusik Kreis Mettmann","https://kim-marie-borger.com/taufen/kreis-mettmann/","1432","465","10","3","0","2","74","2","true","true","47","135","https://kim-marie-borger.com/taufen/mettmann/","0.8","https://kim-marie-borger.com/taufen/erkrath/","0.4957","https://kim-marie-borger.com/taufen/koeln/","0.8448","Taufmusik Kreis Mettmann | Live-Viola zur Taufe","Taufmusik im Kreis Mettmann für einen warmen Anfang."
"taufen","local","P3","low","ok","rewritten-batch-16-stretched-review-needed","true","true","langenfeld","Taufmusik Langenfeld","https://kim-marie-borger.com/taufen/langenfeld/","1405","457","10","3","0","2","74","2","true","true","43","131","https://kim-marie-borger.com/taufen/aachen/","0.5","https://kim-marie-borger.com/taufen/remscheid/","0.5154","https://kim-marie-borger.com/taufen/hilden/","0.8709","Taufmusik Langenfeld | Live-Viola zur Taufe","Taufmusik in Langenfeld für einen warmen Anfang."
"taufen","local","P3","low","ok","rewritten-batch-16-stretched-review-needed","true","true","leverkusen","Taufmusik Leverkusen","https://kim-marie-borger.com/taufen/leverkusen/","1430","461","10","3","0","2","74","2","true","true","43","131","https://kim-marie-borger.com/taufen/aachen/","0.5","https://kim-marie-borger.com/taufen/iserlohn/","0.5157","https://kim-marie-borger.com/taufen/iserlohn/","0.882","Taufmusik Leverkusen | Live-Viola zur Taufe","Taufmusik in Leverkusen für einen warmen Anfang."
"taufen","local","P3","low","ok","rewritten-batch-16-stretched-review-needed","true","true","meerbusch","Taufmusik Meerbusch","https://kim-marie-borger.com/taufen/meerbusch/","1442","452","10","3","0","2","74","2","true","true","42","130","https://kim-marie-borger.com/taufen/aachen/","0.5","https://kim-marie-borger.com/taufen/essen/","0.5128","https://kim-marie-borger.com/taufen/essen/","0.8742","Taufmusik Meerbusch | Live-Viola zur Taufe","Taufmusik in Meerbusch für einen warmen Anfang."
"taufen","local","P3","low","ok","rewritten-batch-16-stretched-review-needed","true","true","mettmann","Taufmusik Mettmann","https://kim-marie-borger.com/taufen/mettmann/","1397","451","10","3","0","2","74","2","true","true","41","129","https://kim-marie-borger.com/taufen/kreis-mettmann/","0.8","https://kim-marie-borger.com/taufen/unna/","0.5266","https://kim-marie-borger.com/taufen/unna/","0.8926","Taufmusik Mettmann | Live-Viola zur Taufe","Taufmusik in Mettmann für einen warmen Anfang."
"taufen","local","P3","low","ok","rewritten-batch-16-stretched-review-needed","true","true","moenchengladbach","Taufmusik Mönchengladbach","https://kim-marie-borger.com/taufen/moenchengladbach/","1396","458","10","3","0","2","74","2","true","true","48","136","https://kim-marie-borger.com/taufen/aachen/","0.5","https://kim-marie-borger.com/taufen/siegen/","0.5028","https://kim-marie-borger.com/taufen/siegen/","0.8685","Taufmusik Mönchengladbach | Live-Viola zur Taufe","Taufmusik in Mönchengladbach für einen warmen Anfang."
"taufen","local","P3","low","ok","rewritten-batch-16-stretched-review-needed","true","true","moers","Taufmusik Moers","https://kim-marie-borger.com/taufen/moers/","1417","454","10","3","0","2","74","2","true","true","38","126","https://kim-marie-borger.com/taufen/aachen/","0.5","https://kim-marie-borger.com/taufen/mettmann/","0.506","https://kim-marie-borger.com/taufen/mettmann/","0.862","Taufmusik Moers | Live-Viola zur Taufe","Taufmusik in Moers für einen warmen Anfang."
"taufen","local","P3","low","ok","rewritten-batch-16-stretched-review-needed","true","true","monheim-am-rhein","Taufmusik Monheim am Rhein","https://kim-marie-borger.com/taufen/monheim-am-rhein/","1491","457","10","3","0","2","74","2","true","true","49","137","https://kim-marie-borger.com/taufen/rhein-ruhr/","0.6667","https://kim-marie-borger.com/taufen/erkrath/","0.4992","https://kim-marie-borger.com/taufen/erkrath/","0.857","Taufmusik Monheim am Rhein | Live-Viola zur Taufe","Taufmusik in Monheim am Rhein für einen warmen Anfang."
"taufen","local","P3","low","ok","rewritten-batch-16-stretched-review-needed","true","true","muelheim-an-der-ruhr","Taufmusik Mülheim an der Ruhr","https://kim-marie-borger.com/taufen/muelheim-an-der-ruhr/","1560","460","10","3","0","2","74","2","true","true","52","140","https://kim-marie-borger.com/taufen/rhein-ruhr/","0.6667","https://kim-marie-borger.com/taufen/hilden/","0.4957","https://kim-marie-borger.com/taufen/rhein-ruhr/","0.8713","Taufmusik Mülheim an der Ruhr | Live-Viola zur Taufe","Taufmusik in Mülheim an der Ruhr für einen warmen Anfang."
"taufen","local","P3","low","ok","rewritten-batch-16-stretched-review-needed","true","true","muenster","Taufmusik Münster","https://kim-marie-borger.com/taufen/muenster/","1425","458","10","3","0","2","74","2","true","true","40","128","https://kim-marie-borger.com/taufen/aachen/","0.5","https://kim-marie-borger.com/taufen/solingen/","0.5092","https://kim-marie-borger.com/taufen/recklinghausen/","0.867","Taufmusik Münster | Live-Viola zur Taufe","Taufmusik in Münster für einen warmen Anfang."
"taufen","local","P3","low","ok","rewritten-batch-16-stretched-review-needed","true","true","neuss","Taufmusik Neuss","https://kim-marie-borger.com/taufen/neuss/","1402","457","10","3","0","2","74","2","true","true","38","126","https://kim-marie-borger.com/taufen/rhein-kreis-neuss/","0.6667","https://kim-marie-borger.com/taufen/ratingen/","0.5125","https://kim-marie-borger.com/taufen/ratingen/","0.8849","Taufmusik Neuss | Live-Viola zur Taufe","Taufmusik in Neuss für einen warmen Anfang."
"taufen","local","P3","low","ok","rewritten-batch-16-stretched-review-needed","true","true","nordrhein-westfalen","Taufmusik Nordrhein-Westfalen","https://kim-marie-borger.com/taufen/nordrhein-westfalen/","1371","445","10","3","0","2","74","2","true","true","52","140","https://kim-marie-borger.com/taufen/aachen/","0.4","https://kim-marie-borger.com/taufen/erkrath/","0.4738","https://kim-marie-borger.com/taufen/bergisches-land/","0.8241","Taufmusik Nordrhein-Westfalen | Live-Viola zur Taufe","Taufmusik in Nordrhein-Westfalen für einen warmen Anfang."
"taufen","local","P3","low","ok","rewritten-batch-16-stretched-review-needed","true","true","oberhausen","Taufmusik Oberhausen","https://kim-marie-borger.com/taufen/oberhausen/","1450","457","10","3","0","2","74","2","true","true","43","131","https://kim-marie-borger.com/taufen/aachen/","0.5","https://kim-marie-borger.com/taufen/hilden/","0.5111","https://kim-marie-borger.com/taufen/hilden/","0.8833","Taufmusik Oberhausen | Live-Viola zur Taufe","Taufmusik in Oberhausen für einen warmen Anfang."
"taufen","local","P3","low","ok","rewritten-batch-16-stretched-review-needed","true","true","paderborn","Taufmusik Paderborn","https://kim-marie-borger.com/taufen/paderborn/","1416","461","10","3","0","2","74","2","true","true","42","130","https://kim-marie-borger.com/taufen/aachen/","0.5","https://kim-marie-borger.com/taufen/dormagen/","0.5036","https://kim-marie-borger.com/taufen/muenster/","0.8663","Taufmusik Paderborn | Live-Viola zur Taufe","Taufmusik in Paderborn für einen warmen Anfang."
"taufen","local","P3","low","ok","rewritten-batch-16-stretched-review-needed","true","true","ratingen","Taufmusik Ratingen","https://kim-marie-borger.com/taufen/ratingen/","1406","454","10","3","0","2","74","2","true","true","41","129","https://kim-marie-borger.com/taufen/aachen/","0.5","https://kim-marie-borger.com/taufen/duesseldorf/","0.5137","https://kim-marie-borger.com/taufen/duesseldorf/","0.8859","Taufmusik Ratingen | Live-Viola zur Taufe","Taufmusik in Ratingen für einen warmen Anfang."
"taufen","local","P3","low","ok","rewritten-batch-16-stretched-review-needed","true","true","recklinghausen","Taufmusik Recklinghausen","https://kim-marie-borger.com/taufen/recklinghausen/","1407","459","10","3","0","2","74","2","true","true","47","135","https://kim-marie-borger.com/taufen/aachen/","0.5","https://kim-marie-borger.com/taufen/solingen/","0.5116","https://kim-marie-borger.com/taufen/solingen/","0.8792","Taufmusik Recklinghausen | Live-Viola zur Taufe","Taufmusik in Recklinghausen für einen warmen Anfang."
"taufen","local","P3","low","ok","rewritten-batch-16-stretched-review-needed","true","true","remscheid","Taufmusik Remscheid","https://kim-marie-borger.com/taufen/remscheid/","1424","460","10","3","0","2","74","2","true","true","42","130","https://kim-marie-borger.com/taufen/aachen/","0.5","https://kim-marie-borger.com/taufen/langenfeld/","0.5154","https://kim-marie-borger.com/taufen/velbert/","0.8899","Taufmusik Remscheid | Live-Viola zur Taufe","Taufmusik in Remscheid für einen warmen Anfang."
"taufen","local","P3","low","ok","rewritten-batch-16-stretched-review-needed","true","true","rhein-kreis-neuss","Taufmusik Rhein-Kreis Neuss","https://kim-marie-borger.com/taufen/rhein-kreis-neuss/","1477","465","10","3","0","2","74","2","true","true","50","138","https://kim-marie-borger.com/taufen/neuss/","0.6667","https://kim-marie-borger.com/taufen/rhein-ruhr/","0.4951","https://kim-marie-borger.com/taufen/neuss/","0.8503","Taufmusik Rhein-Kreis Neuss | Live-Viola zur Taufe","Taufmusik im Rhein-Kreis Neuss für einen warmen Anfang."
"taufen","local","P3","low","ok","rewritten-batch-16-stretched-review-needed","true","true","rhein-ruhr","Taufmusik Rhein-Ruhr","https://kim-marie-borger.com/taufen/rhein-ruhr/","1505","465","10","3","0","2","74","2","true","true","43","131","https://kim-marie-borger.com/taufen/monheim-am-rhein/","0.6667","https://kim-marie-borger.com/taufen/rhein-kreis-neuss/","0.4951","https://kim-marie-borger.com/taufen/muelheim-an-der-ruhr/","0.8713","Taufmusik Rhein-Ruhr | Live-Viola zur Taufe","Taufmusik in der Rhein-Ruhr-Region für einen warmen Anfang."
"taufen","local","P3","low","ok","rewritten-batch-16-stretched-review-needed","true","true","rheinland","Taufmusik Rheinland","https://kim-marie-borger.com/taufen/rheinland/","1417","462","10","3","0","2","74","2","true","true","42","130","https://kim-marie-borger.com/taufen/aachen/","0.5","https://kim-marie-borger.com/taufen/hagen/","0.5028","https://kim-marie-borger.com/taufen/paderborn/","0.8583","Taufmusik Rheinland | Live-Viola zur Taufe","Taufmusik im Rheinland für einen warmen Anfang."
"taufen","local","P3","low","ok","rewritten-batch-16-stretched-review-needed","true","true","ruhrgebiet","Taufmusik Ruhrgebiet","https://kim-marie-borger.com/taufen/ruhrgebiet/","1387","453","10","3","0","2","74","2","true","true","43","131","https://kim-marie-borger.com/taufen/aachen/","0.5","https://kim-marie-borger.com/taufen/hagen/","0.5081","https://kim-marie-borger.com/taufen/krefeld/","0.8615","Taufmusik Ruhrgebiet | Live-Viola zur Taufe","Taufmusik im Ruhrgebiet für einen warmen Anfang."
"taufen","local","P3","low","ok","rewritten-batch-16-stretched-review-needed","true","true","siegen","Taufmusik Siegen","https://kim-marie-borger.com/taufen/siegen/","1417","457","10","3","0","2","74","2","true","true","39","127","https://kim-marie-borger.com/taufen/aachen/","0.5","https://kim-marie-borger.com/taufen/moenchengladbach/","0.5028","https://kim-marie-borger.com/taufen/hagen/","0.8717","Taufmusik Siegen | Live-Viola zur Taufe","Taufmusik in Siegen für einen warmen Anfang."
"taufen","local","P3","low","ok","rewritten-batch-16-stretched-review-needed","true","true","solingen","Taufmusik Solingen","https://kim-marie-borger.com/taufen/solingen/","1399","455","10","3","0","2","74","2","true","true","41","129","https://kim-marie-borger.com/taufen/aachen/","0.5","https://kim-marie-borger.com/taufen/recklinghausen/","0.5116","https://kim-marie-borger.com/taufen/recklinghausen/","0.8792","Taufmusik Solingen | Live-Viola zur Taufe","Taufmusik in Solingen für einen warmen Anfang."
"taufen","local","P3","low","ok","rewritten-batch-16-stretched-review-needed","true","true","unna","Taufmusik Unna","https://kim-marie-borger.com/taufen/unna/","1405","456","10","3","0","2","74","2","true","true","37","125","https://kim-marie-borger.com/taufen/aachen/","0.5","https://kim-marie-borger.com/taufen/mettmann/","0.5266","https://kim-marie-borger.com/taufen/mettmann/","0.8926","Taufmusik Unna | Live-Viola zur Taufe","Taufmusik in Unna für einen warmen Anfang."
"taufen","local","P3","low","ok","rewritten-batch-16-stretched-review-needed","true","true","velbert","Taufmusik Velbert","https://kim-marie-borger.com/taufen/velbert/","1405","458","10","3","0","2","74","2","true","true","40","128","https://kim-marie-borger.com/taufen/aachen/","0.5","https://kim-marie-borger.com/taufen/remscheid/","0.5146","https://kim-marie-borger.com/taufen/remscheid/","0.8899","Taufmusik Velbert | Live-Viola zur Taufe","Taufmusik in Velbert für einen warmen Anfang."
"taufen","local","P3","low","ok","rewritten-batch-16-stretched-review-needed","true","true","wuelfrath","Taufmusik Wülfrath","https://kim-marie-borger.com/taufen/wuelfrath/","1447","451","10","3","0","2","74","2","true","true","41","129","https://kim-marie-borger.com/taufen/aachen/","0.5","https://kim-marie-borger.com/taufen/bielefeld/","0.5068","https://kim-marie-borger.com/taufen/meerbusch/","0.87","Taufmusik Wülfrath | Live-Viola zur Taufe","Taufmusik in Wülfrath für einen warmen Anfang."
"taufen","local","P3","low","ok","rewritten-batch-16-stretched-review-needed","true","true","wuppertal","Taufmusik Wuppertal","https://kim-marie-borger.com/taufen/wuppertal/","1436","453","10","3","0","2","74","2","true","true","42","130","https://kim-marie-borger.com/taufen/aachen/","0.5","https://kim-marie-borger.com/taufen/gelsenkirchen/","0.5059","https://kim-marie-borger.com/taufen/gelsenkirchen/","0.8707","Taufmusik Wuppertal | Live-Viola zur Taufe","Taufmusik in Wuppertal für einen warmen Anfang."
"taufen","topic","P2","low","ok","rewritten-batch-16-stretched-review-needed","true","true","bratsche-taufe","Bratsche Taufe","https://kim-marie-borger.com/taufen/bratsche-taufe/","1226","415","9","3","0","2","68","2","true","true","27","115","https://kim-marie-borger.com/taufen/geige-taufe/","0.5","https://kim-marie-borger.com/taufen/musik-familienfeier-taufe/","0.4692","https://kim-marie-borger.com/taufen/musik-familienfeier-taufe/","0.8047","Bratsche Taufe | Live-Viola","Bratsche zur Taufe mit warmem Klang."
"taufen","topic","P2","low","ok","rewritten-batch-16-stretched-review-needed","true","true","emotionale-musik-taufe","Emotionale Musik Taufe","https://kim-marie-borger.com/taufen/emotionale-musik-taufe/","1233","420","9","3","0","2","68","2","true","true","35","123","https://kim-marie-borger.com/taufen/musik-taufe/","0.8","https://kim-marie-borger.com/taufen/musikerin-taufe/","0.4533","https://kim-marie-borger.com/taufen/musik-konfirmation/","0.8125","Emotionale Musik Taufe | Live-Viola","Emotionale Musik zur Taufe, ohne den Moment zu überladen."
"taufen","topic","P2","low","ok","rewritten-batch-16-stretched-review-needed","true","true","geige-taufe","Geige Taufe","https://kim-marie-borger.com/taufen/geige-taufe/","1197","412","9","3","0","2","68","2","true","true","24","112","https://kim-marie-borger.com/taufen/bratsche-taufe/","0.5","https://kim-marie-borger.com/taufen/streichmusik-taufe/","0.5238","https://kim-marie-borger.com/taufen/streichmusik-taufe/","0.8578","Geige Taufe | Live-Viola","Geige oder Viola zur Taufe richtig einordnen."
"taufen","topic","P2","low","ok","rewritten-batch-16-stretched-review-needed","true","true","instrumentalmusik-taufe","Instrumentalmusik Taufe","https://kim-marie-borger.com/taufen/instrumentalmusik-taufe/","1157","396","8","3","0","2","68","2","true","true","36","124","https://kim-marie-borger.com/taufen/bratsche-taufe/","0.5","https://kim-marie-borger.com/taufen/streichmusik-taufe/","0.514","https://kim-marie-borger.com/taufen/streichmusik-taufe/","0.8507","Instrumentalmusik Taufe | Live-Viola","Instrumentalmusik zur Taufe mit Solo-Viola."
"taufen","topic","P2","low","ok","rewritten-batch-16-stretched-review-needed","true","true","kirchliche-feier","Musik kirchliche Feier","https://kim-marie-borger.com/taufen/kirchliche-feier/","1218","412","9","3","0","2","68","2","true","true","35","123","https://kim-marie-borger.com/taufen/musik-kommunion/","0.4","https://kim-marie-borger.com/taufen/klassische-musik-taufe/","0.4211","https://kim-marie-borger.com/taufen/musik-gottesdienst-taufe/","0.7873","Musik Kirchliche Feier | Live-Viola","Musik für kirchliche Feiern mit sanfter Viola."
"taufen","topic","P2","low","ok","rewritten-batch-16-stretched-review-needed","true","true","klassische-musik-taufe","Klassische Musik Taufe","https://kim-marie-borger.com/taufen/klassische-musik-taufe/","1215","417","9","3","0","2","68","2","true","true","35","123","https://kim-marie-borger.com/taufen/musik-taufe/","0.8","https://kim-marie-borger.com/taufen/moderne-musik-taufe/","0.4328","https://kim-marie-borger.com/taufen/musik-kirche-taufe/","0.8221","Klassische Musik Taufe | Live-Viola","Klassische Musik zur Taufe mit ruhiger Viola."
"taufen","topic","P2","low","ok","rewritten-batch-16-stretched-review-needed","true","true","live-musik-taufe","Live Musik Taufe","https://kim-marie-borger.com/taufen/live-musik-taufe/","1223","408","9","3","0","2","68","2","true","true","29","117","https://kim-marie-borger.com/taufen/musik-taufe/","0.8","https://kim-marie-borger.com/taufen/moderne-musik-taufe/","0.4244","https://kim-marie-borger.com/taufen/musik-familienfeier-taufe/","0.8138","Live Musik Taufe | Live-Viola","Live-Musik zur Taufe mit persönlichem Klang."
"taufen","topic","P2","low","ok","rewritten-batch-16-stretched-review-needed","true","true","moderne-musik-taufe","Moderne Musik Taufe","https://kim-marie-borger.com/taufen/moderne-musik-taufe/","1183","415","8","3","0","2","68","2","true","true","32","120","https://kim-marie-borger.com/taufen/musik-taufe/","0.8","https://kim-marie-borger.com/taufen/musik-familienfeier-taufe/","0.4564","https://kim-marie-borger.com/taufen/musik-kirche-taufe/","0.8221","Moderne Musik Taufe | Live-Viola","Moderne Musik zur Taufe fein reduziert."
"taufen","topic","P2","low","ok","rewritten-batch-16-stretched-review-needed","true","true","musik-familienfeier-taufe","Musik Familienfeier Taufe","https://kim-marie-borger.com/taufen/musik-familienfeier-taufe/","1172","409","9","3","0","2","68","2","true","true","38","126","https://kim-marie-borger.com/taufen/musik-taufe/","0.8","https://kim-marie-borger.com/taufen/musik-kirche-taufe/","0.5047","https://kim-marie-borger.com/taufen/musik-kirche-taufe/","0.8443","Musik Familienfeier Taufe | Live-Viola","Musik für die Familienfeier nach der Taufe."
"taufen","topic","P2","low","ok","rewritten-batch-16-stretched-review-needed","true","true","musik-gottesdienst-taufe","Musik Gottesdienst Taufe","https://kim-marie-borger.com/taufen/musik-gottesdienst-taufe/","1205","410","9","3","0","2","68","2","true","true","37","125","https://kim-marie-borger.com/taufen/musik-taufe/","0.8","https://kim-marie-borger.com/taufen/musik-taufe/","0.5218","https://kim-marie-borger.com/taufen/musik-taufe/","0.8621","Musik Gottesdienst Taufe | Live-Viola","Musik im Taufgottesdienst sicher planen."
"taufen","topic","P2","low","ok","rewritten-batch-16-stretched-review-needed","true","true","musik-kirche-taufe","Musik Kirche Taufe","https://kim-marie-borger.com/taufen/musik-kirche-taufe/","1225","412","9","3","0","2","68","2","true","true","31","119","https://kim-marie-borger.com/taufen/musik-taufe/","0.8","https://kim-marie-borger.com/taufen/musik-familienfeier-taufe/","0.5047","https://kim-marie-borger.com/taufen/musik-familienfeier-taufe/","0.8443","Musik Kirche Taufe | Live-Viola","Musik in der Kirche zur Taufe mit Viola."
"taufen","topic","P2","low","ok","rewritten-batch-16-stretched-review-needed","true","true","musik-kommunion","Musik Kommunion","https://kim-marie-borger.com/taufen/musik-kommunion/","1182","405","9","3","0","2","68","2","true","true","28","116","https://kim-marie-borger.com/taufen/musik-konfirmation/","0.5","https://kim-marie-borger.com/taufen/streichmusik-taufe/","0.4345","https://kim-marie-borger.com/taufen/musik-konfirmation/","0.8034","Musik Kommunion | Live-Viola","Musik zur Kommunion und zur Familienfeier."
"taufen","topic","P2","low","ok","rewritten-batch-16-stretched-review-needed","true","true","musik-konfirmation","Musik Konfirmation","https://kim-marie-borger.com/taufen/musik-konfirmation/","1166","403","8","3","0","2","68","2","true","true","31","119","https://kim-marie-borger.com/taufen/musik-kommunion/","0.5","https://kim-marie-borger.com/taufen/musik-taufe/","0.4532","https://kim-marie-borger.com/taufen/musik-taufe/","0.8213","Musik Konfirmation | Live-Viola","Musik zur Konfirmation mit persönlichem Ton."
"taufen","topic","P2","low","ok","rewritten-batch-16-stretched-review-needed","true","true","musik-segnung","Musik Segnung","https://kim-marie-borger.com/taufen/musik-segnung/","1213","413","9","3","0","2","68","2","true","true","26","114","https://kim-marie-borger.com/taufen/musik-kommunion/","0.5","https://kim-marie-borger.com/taufen/musik-taufe/","0.5126","https://kim-marie-borger.com/taufen/musik-taufe/","0.8272","Musik Segnung | Live-Viola","Musik zur Segnung mit ruhigem Live-Klang."
"taufen","topic","P2","low","ok","rewritten-batch-16-stretched-review-needed","true","true","musik-taufe","Musik Taufe","https://kim-marie-borger.com/taufen/musik-taufe/","1160","398","8","3","0","2","68","2","true","true","24","112","https://kim-marie-borger.com/taufen/emotionale-musik-taufe/","0.8","https://kim-marie-borger.com/taufen/musik-gottesdienst-taufe/","0.5218","https://kim-marie-borger.com/taufen/musik-gottesdienst-taufe/","0.8621","Musik Taufe | Live-Viola","Musik zur Taufe, die den Tag ruhig zusammenhält."
"taufen","topic","P2","low","ok","rewritten-batch-16-stretched-review-needed","true","true","musikerin-taufe","Musikerin Taufe","https://kim-marie-borger.com/taufen/musikerin-taufe/","1165","398","9","3","0","2","68","2","true","true","28","116","https://kim-marie-borger.com/taufen/bratsche-taufe/","0.5","https://kim-marie-borger.com/taufen/emotionale-musik-taufe/","0.4533","https://kim-marie-borger.com/taufen/instrumentalmusik-taufe/","0.7931","Musikerin Taufe | Live-Viola","Musikerin für Taufe, Segnung und Familienfeier."
"taufen","topic","P2","low","ok","rewritten-batch-16-stretched-review-needed","true","true","sanfte-musik-taufe","Sanfte Musik Taufe","https://kim-marie-borger.com/taufen/sanfte-musik-taufe/","1178","405","8","3","0","2","68","2","true","true","31","119","https://kim-marie-borger.com/taufen/musik-taufe/","0.8","https://kim-marie-borger.com/taufen/instrumentalmusik-taufe/","0.499","https://kim-marie-borger.com/taufen/instrumentalmusik-taufe/","0.8489","Sanfte Musik Taufe | Live-Viola","Sanfte Musik zur Taufe mit weicher Viola."
"taufen","topic","P2","low","ok","rewritten-batch-16-stretched-review-needed","true","true","streichmusik-taufe","Streichmusik Taufe","https://kim-marie-borger.com/taufen/streichmusik-taufe/","1128","400","8","3","0","2","68","2","true","true","31","119","https://kim-marie-borger.com/taufen/bratsche-taufe/","0.5","https://kim-marie-borger.com/taufen/geige-taufe/","0.5238","https://kim-marie-borger.com/taufen/geige-taufe/","0.8578","Streichmusik Taufe | Live-Viola","Streichmusik zur Taufe als Solo-Viola."
"taufen","topic","P2","low","ok","rewritten-batch-16-stretched-review-needed","true","true","viola-taufe","Viola Taufe","https://kim-marie-borger.com/taufen/viola-taufe/","1215","415","9","3","0","2","68","2","true","true","24","112","https://kim-marie-borger.com/taufen/bratsche-taufe/","0.5","https://kim-marie-borger.com/taufen/musik-taufe/","0.5077","https://kim-marie-borger.com/taufen/musik-taufe/","0.829","Viola Taufe | Live-Viola","Viola zur Taufe mit warmem, ruhigem Klang."
"unterricht","local","P3","low","ok","rewritten-batch-16-stretched-review-needed","true","true","aachen","Bratschenunterricht Aachen","https://kim-marie-borger.com/unterricht/aachen/","1311","520","8","2","0","1","65","1","true","true","41","136","https://kim-marie-borger.com/unterricht/bielefeld/","0.5","https://kim-marie-borger.com/unterricht/duesseldorf/","0.5408","https://kim-marie-borger.com/unterricht/langenfeld/","0.8995","Bratschenunterricht Aachen | Viola lernen","Bratschenunterricht in Aachen, der ruhig aufbaut und wirklich in deinen Alltag passt."
"unterricht","local","P3","low","ok","rewritten-batch-16-stretched-review-needed","true","true","bergisch-gladbach","Bratschenunterricht Bergisch Gladbach","https://kim-marie-borger.com/unterricht/bergisch-gladbach/","1365","528","8","2","0","1","65","1","true","true","52","147","https://kim-marie-borger.com/unterricht/aachen/","0.4","https://kim-marie-borger.com/unterricht/gelsenkirchen/","0.5099","https://kim-marie-borger.com/unterricht/bottrop/","0.8739","Bratschenunterricht Bergisch Gladbach | Viola lernen","Bratschenunterricht in Bergisch Gladbach, der ruhig aufbaut und wirklich in deinen Alltag passt."
"unterricht","local","P3","low","ok","rewritten-batch-16-stretched-review-needed","true","true","bergisches-land","Bratschenunterricht Bergisches Land","https://kim-marie-borger.com/unterricht/bergisches-land/","1350","515","8","2","0","1","65","1","true","true","50","145","https://kim-marie-borger.com/unterricht/aachen/","0.4","https://kim-marie-borger.com/unterricht/recklinghausen/","0.5","https://kim-marie-borger.com/unterricht/recklinghausen/","0.855","Bratschenunterricht Bergisches Land | Viola lernen","Bratschenunterricht in Bergisches Land, der ruhig aufbaut und wirklich in deinen Alltag passt."
"unterricht","local","P3","low","ok","rewritten-batch-16-stretched-review-needed","true","true","bielefeld","Bratschenunterricht Bielefeld","https://kim-marie-borger.com/unterricht/bielefeld/","1349","516","8","2","0","1","65","1","true","true","44","139","https://kim-marie-borger.com/unterricht/aachen/","0.5","https://kim-marie-borger.com/unterricht/leverkusen/","0.5401","https://kim-marie-borger.com/unterricht/haan/","0.8997","Bratschenunterricht Bielefeld | Viola lernen","Bratschenunterricht in Bielefeld, der ruhig aufbaut und wirklich in deinen Alltag passt."
"unterricht","local","P3","low","ok","rewritten-batch-16-stretched-review-needed","true","true","bochum","Bratschenunterricht Bochum","https://kim-marie-borger.com/unterricht/bochum/","1313","522","8","2","0","1","65","1","true","true","41","136","https://kim-marie-borger.com/unterricht/aachen/","0.5","https://kim-marie-borger.com/unterricht/unna/","0.5401","https://kim-marie-borger.com/unterricht/unna/","0.9014","Bratschenunterricht Bochum | Viola lernen","Bratschenunterricht in Bochum, der ruhig aufbaut und wirklich in deinen Alltag passt."
"unterricht","local","P3","low","ok","rewritten-batch-16-stretched-review-needed","true","true","bonn","Bratschenunterricht Bonn","https://kim-marie-borger.com/unterricht/bonn/","1339","519","8","2","0","1","65","1","true","true","39","134","https://kim-marie-borger.com/unterricht/aachen/","0.5","https://kim-marie-borger.com/unterricht/erkrath/","0.544","https://kim-marie-borger.com/unterricht/koeln/","0.8989","Bratschenunterricht Bonn | Viola lernen","Bratschenunterricht in Bonn, der ruhig aufbaut und wirklich in deinen Alltag passt."
"unterricht","local","P3","low","ok","rewritten-batch-16-stretched-review-needed","true","true","bottrop","Bratschenunterricht Bottrop","https://kim-marie-borger.com/unterricht/bottrop/","1345","522","8","2","0","1","65","1","true","true","42","137","https://kim-marie-borger.com/unterricht/aachen/","0.5","https://kim-marie-borger.com/unterricht/gelsenkirchen/","0.5295","https://kim-marie-borger.com/unterricht/moers/","0.9015","Bratschenunterricht Bottrop | Viola lernen","Bratschenunterricht in Bottrop, der ruhig aufbaut und wirklich in deinen Alltag passt."
"unterricht","local","P3","low","ok","rewritten-batch-16-stretched-review-needed","true","true","dormagen","Bratschenunterricht Dormagen","https://kim-marie-borger.com/unterricht/dormagen/","1317","523","8","2","0","1","65","1","true","true","43","138","https://kim-marie-borger.com/unterricht/aachen/","0.5","https://kim-marie-borger.com/unterricht/ruhrgebiet/","0.5279","https://kim-marie-borger.com/unterricht/duisburg/","0.8776","Bratschenunterricht Dormagen | Viola lernen","Bratschenunterricht in Dormagen, der ruhig aufbaut und wirklich in deinen Alltag passt."
"unterricht","local","P3","low","ok","rewritten-batch-16-stretched-review-needed","true","true","dortmund","Bratschenunterricht Dortmund","https://kim-marie-borger.com/unterricht/dortmund/","1309","520","8","2","0","1","65","1","true","true","43","138","https://kim-marie-borger.com/unterricht/aachen/","0.5","https://kim-marie-borger.com/unterricht/krefeld/","0.5351","https://kim-marie-borger.com/unterricht/krefeld/","0.8915","Bratschenunterricht Dortmund | Viola lernen","Bratschenunterricht in Dortmund, der ruhig aufbaut und wirklich in deinen Alltag passt."
"unterricht","local","P3","low","ok","rewritten-batch-16-stretched-review-needed","true","true","duesseldorf","Bratschenunterricht Düsseldorf","https://kim-marie-borger.com/unterricht/duesseldorf/","1311","515","8","2","0","1","65","1","true","true","45","140","https://kim-marie-borger.com/unterricht/aachen/","0.5","https://kim-marie-borger.com/unterricht/aachen/","0.5408","https://kim-marie-borger.com/unterricht/langenfeld/","0.9021","Bratschenunterricht Düsseldorf | Viola lernen","Bratschenunterricht in Düsseldorf, der ruhig aufbaut und wirklich in deinen Alltag passt."
"unterricht","local","P3","low","ok","rewritten-batch-16-stretched-review-needed","true","true","duisburg","Bratschenunterricht Duisburg","https://kim-marie-borger.com/unterricht/duisburg/","1307","521","8","2","0","1","65","1","true","true","43","138","https://kim-marie-borger.com/unterricht/aachen/","0.5","https://kim-marie-borger.com/unterricht/ruhrgebiet/","0.525","https://kim-marie-borger.com/unterricht/ruhrgebiet/","0.8917","Bratschenunterricht Duisburg | Viola lernen","Bratschenunterricht in Duisburg, der ruhig aufbaut und wirklich in deinen Alltag passt."
"unterricht","local","P3","low","ok","rewritten-batch-16-stretched-review-needed","true","true","erkrath","Bratschenunterricht Erkrath","https://kim-marie-borger.com/unterricht/erkrath/","1338","515","8","2","0","1","65","1","true","true","42","137","https://kim-marie-borger.com/unterricht/aachen/","0.5","https://kim-marie-borger.com/unterricht/bonn/","0.544","https://kim-marie-borger.com/unterricht/koeln/","0.8961","Bratschenunterricht Erkrath | Viola lernen","Bratschenunterricht in Erkrath, der ruhig aufbaut und wirklich in deinen Alltag passt."
"unterricht","local","P3","low","ok","rewritten-batch-16-stretched-review-needed","true","true","essen","Bratschenunterricht Essen","https://kim-marie-borger.com/unterricht/essen/","1311","525","8","2","0","1","65","1","true","true","40","135","https://kim-marie-borger.com/unterricht/aachen/","0.5","https://kim-marie-borger.com/unterricht/herne/","0.5405","https://kim-marie-borger.com/unterricht/herne/","0.9029","Bratschenunterricht Essen | Viola lernen","Bratschenunterricht in Essen, der ruhig aufbaut und wirklich in deinen Alltag passt."
"unterricht","local","P3","low","ok","rewritten-batch-16-stretched-review-needed","true","true","gelsenkirchen","Bratschenunterricht Gelsenkirchen","https://kim-marie-borger.com/unterricht/gelsenkirchen/","1340","524","8","2","0","1","65","1","true","true","48","143","https://kim-marie-borger.com/unterricht/aachen/","0.5","https://kim-marie-borger.com/unterricht/moers/","0.5423","https://kim-marie-borger.com/unterricht/bottrop/","0.8989","Bratschenunterricht Gelsenkirchen | Viola lernen","Bratschenunterricht in Gelsenkirchen, der ruhig aufbaut und wirklich in deinen Alltag passt."
"unterricht","local","P3","low","ok","rewritten-batch-16-stretched-review-needed","true","true","haan","Bratschenunterricht Haan","https://kim-marie-borger.com/unterricht/haan/","1351","517","8","2","0","1","65","1","true","true","39","134","https://kim-marie-borger.com/unterricht/aachen/","0.5","https://kim-marie-borger.com/unterricht/bielefeld/","0.5377","https://kim-marie-borger.com/unterricht/leverkusen/","0.9036","Bratschenunterricht Haan | Viola lernen","Bratschenunterricht in Haan, der ruhig aufbaut und wirklich in deinen Alltag passt."
"unterricht","local","P3","low","ok","rewritten-batch-16-stretched-review-needed","true","true","hagen","Bratschenunterricht Hagen","https://kim-marie-borger.com/unterricht/hagen/","1298","519","8","2","0","1","65","1","true","true","40","135","https://kim-marie-borger.com/unterricht/aachen/","0.5","https://kim-marie-borger.com/unterricht/siegen/","0.5511","https://kim-marie-borger.com/unterricht/siegen/","0.9122","Bratschenunterricht Hagen | Viola lernen","Bratschenunterricht in Hagen, der ruhig aufbaut und wirklich in deinen Alltag passt."
"unterricht","local","P3","low","ok","rewritten-batch-16-stretched-review-needed","true","true","heiligenhaus","Bratschenunterricht Heiligenhaus","https://kim-marie-borger.com/unterricht/heiligenhaus/","1334","518","8","2","0","1","65","1","true","true","47","142","https://kim-marie-borger.com/unterricht/aachen/","0.5","https://kim-marie-borger.com/unterricht/meerbusch/","0.5325","https://kim-marie-borger.com/unterricht/meerbusch/","0.8998","Bratschenunterricht Heiligenhaus | Viola lernen","Bratschenunterricht in Heiligenhaus, der ruhig aufbaut und wirklich in deinen Alltag passt."
"unterricht","local","P3","low","ok","rewritten-batch-16-stretched-review-needed","true","true","herne","Bratschenunterricht Herne","https://kim-marie-borger.com/unterricht/herne/","1317","522","8","2","0","1","65","1","true","true","40","135","https://kim-marie-borger.com/unterricht/aachen/","0.5","https://kim-marie-borger.com/unterricht/unna/","0.5405","https://kim-marie-borger.com/unterricht/essen/","0.9029","Bratschenunterricht Herne | Viola lernen","Bratschenunterricht in Herne, der ruhig aufbaut und wirklich in deinen Alltag passt."
"unterricht","local","P3","low","ok","rewritten-batch-16-stretched-review-needed","true","true","hilden","Bratschenunterricht Hilden","https://kim-marie-borger.com/unterricht/hilden/","1314","511","8","2","0","1","65","1","true","true","41","136","https://kim-marie-borger.com/unterricht/aachen/","0.5","https://kim-marie-borger.com/unterricht/iserlohn/","0.5155","https://kim-marie-borger.com/unterricht/mettmann/","0.877","Bratschenunterricht Hilden | Viola lernen","Bratschenunterricht in Hilden, der ruhig aufbaut und wirklich in deinen Alltag passt."
"unterricht","local","P3","low","ok","rewritten-batch-16-stretched-review-needed","true","true","iserlohn","Bratschenunterricht Iserlohn","https://kim-marie-borger.com/unterricht/iserlohn/","1339","522","8","2","0","1","65","1","true","true","43","138","https://kim-marie-borger.com/unterricht/aachen/","0.5","https://kim-marie-borger.com/unterricht/ratingen/","0.5358","https://kim-marie-borger.com/unterricht/ratingen/","0.9005","Bratschenunterricht Iserlohn | Viola lernen","Bratschenunterricht in Iserlohn, der ruhig aufbaut und wirklich in deinen Alltag passt."
"unterricht","local","P3","low","ok","rewritten-batch-16-stretched-review-needed","true","true","koeln","Bratschenunterricht Köln","https://kim-marie-borger.com/unterricht/koeln/","1333","521","8","2","0","1","65","1","true","true","39","134","https://kim-marie-borger.com/unterricht/aachen/","0.5","https://kim-marie-borger.com/unterricht/bonn/","0.5397","https://kim-marie-borger.com/unterricht/bonn/","0.8989","Bratschenunterricht Köln | Viola lernen","Bratschenunterricht in Köln, der ruhig aufbaut und wirklich in deinen Alltag passt."
"unterricht","local","P3","low","ok","rewritten-batch-16-stretched-review-needed","true","true","krefeld","Bratschenunterricht Krefeld","https://kim-marie-borger.com/unterricht/krefeld/","1336","513","8","2","0","1","65","1","true","true","42","137","https://kim-marie-borger.com/unterricht/aachen/","0.5","https://kim-marie-borger.com/unterricht/dortmund/","0.5351","https://kim-marie-borger.com/unterricht/dortmund/","0.8915","Bratschenunterricht Krefeld | Viola lernen","Bratschenunterricht in Krefeld, der ruhig aufbaut und wirklich in deinen Alltag passt."
"unterricht","local","P3","low","ok","rewritten-batch-16-stretched-review-needed","true","true","kreis-mettmann","Bratschenunterricht Kreis Mettmann","https://kim-marie-borger.com/unterricht/kreis-mettmann/","1348","518","8","2","0","1","65","1","true","true","49","144","https://kim-marie-borger.com/unterricht/mettmann/","0.8","https://kim-marie-borger.com/unterricht/nordrhein-westfalen/","0.5089","https://kim-marie-borger.com/unterricht/nordrhein-westfalen/","0.8576","Bratschenunterricht Kreis Mettmann | Viola lernen","Bratschenunterricht in Kreis Mettmann, der ruhig aufbaut und wirklich in deinen Alltag passt."
"unterricht","local","P3","low","ok","rewritten-batch-16-stretched-review-needed","true","true","langenfeld","Bratschenunterricht Langenfeld","https://kim-marie-borger.com/unterricht/langenfeld/","1310","513","8","2","0","1","65","1","true","true","45","140","https://kim-marie-borger.com/unterricht/aachen/","0.5","https://kim-marie-borger.com/unterricht/aachen/","0.5382","https://kim-marie-borger.com/unterricht/duesseldorf/","0.9021","Bratschenunterricht Langenfeld | Viola lernen","Bratschenunterricht in Langenfeld, der ruhig aufbaut und wirklich in deinen Alltag passt."
"unterricht","local","P3","low","ok","rewritten-batch-16-stretched-review-needed","true","true","leverkusen","Bratschenunterricht Leverkusen","https://kim-marie-borger.com/unterricht/leverkusen/","1337","518","8","2","0","1","65","1","true","true","45","140","https://kim-marie-borger.com/unterricht/aachen/","0.5","https://kim-marie-borger.com/unterricht/bielefeld/","0.5401","https://kim-marie-borger.com/unterricht/haan/","0.9036","Bratschenunterricht Leverkusen | Viola lernen","Bratschenunterricht in Leverkusen, der ruhig aufbaut und wirklich in deinen Alltag passt."
"unterricht","local","P3","low","ok","rewritten-batch-16-stretched-review-needed","true","true","meerbusch","Bratschenunterricht Meerbusch","https://kim-marie-borger.com/unterricht/meerbusch/","1338","522","8","2","0","1","65","1","true","true","44","139","https://kim-marie-borger.com/unterricht/aachen/","0.5","https://kim-marie-borger.com/unterricht/heiligenhaus/","0.5325","https://kim-marie-borger.com/unterricht/heiligenhaus/","0.8998","Bratschenunterricht Meerbusch | Viola lernen","Bratschenunterricht in Meerbusch, der ruhig aufbaut und wirklich in deinen Alltag passt."
"unterricht","local","P3","low","ok","rewritten-batch-16-stretched-review-needed","true","true","mettmann","Bratschenunterricht Mettmann","https://kim-marie-borger.com/unterricht/mettmann/","1325","515","8","2","0","1","65","1","true","true","43","138","https://kim-marie-borger.com/unterricht/kreis-mettmann/","0.8","https://kim-marie-borger.com/unterricht/iserlohn/","0.5191","https://kim-marie-borger.com/unterricht/ratingen/","0.8884","Bratschenunterricht Mettmann | Viola lernen","Bratschenunterricht in Mettmann, der ruhig aufbaut und wirklich in deinen Alltag passt."
"unterricht","local","P3","low","ok","rewritten-batch-16-stretched-review-needed","true","true","moenchengladbach","Bratschenunterricht Mönchengladbach","https://kim-marie-borger.com/unterricht/moenchengladbach/","1301","514","8","2","0","1","65","1","true","true","50","145","https://kim-marie-borger.com/unterricht/aachen/","0.5","https://kim-marie-borger.com/unterricht/muenster/","0.5273","https://kim-marie-borger.com/unterricht/muenster/","0.8846","Bratschenunterricht Mönchengladbach | Viola lernen","Bratschenunterricht in Mönchengladbach, der ruhig aufbaut und wirklich in deinen Alltag passt."
"unterricht","local","P3","low","ok","rewritten-batch-16-stretched-review-needed","true","true","moers","Bratschenunterricht Moers","https://kim-marie-borger.com/unterricht/moers/","1339","520","8","2","0","1","65","1","true","true","40","135","https://kim-marie-borger.com/unterricht/aachen/","0.5","https://kim-marie-borger.com/unterricht/gelsenkirchen/","0.5423","https://kim-marie-borger.com/unterricht/bottrop/","0.9015","Bratschenunterricht Moers | Viola lernen","Bratschenunterricht in Moers, der ruhig aufbaut und wirklich in deinen Alltag passt."
"unterricht","local","P3","low","ok","rewritten-batch-16-stretched-review-needed","true","true","monheim-am-rhein","Bratschenunterricht Monheim am Rhein","https://kim-marie-borger.com/unterricht/monheim-am-rhein/","1391","515","8","2","0","1","65","1","true","true","51","146","https://kim-marie-borger.com/unterricht/rhein-ruhr/","0.6667","https://kim-marie-borger.com/unterricht/moenchengladbach/","0.5113","https://kim-marie-borger.com/unterricht/muenster/","0.8647","Bratschenunterricht Monheim am Rhein | Viola lernen","Bratschenunterricht in Monheim am Rhein, der ruhig aufbaut und wirklich in deinen Alltag passt."
"unterricht","local","P3","low","ok","rewritten-batch-16-stretched-review-needed","true","true","muelheim-an-der-ruhr","Bratschenunterricht Mülheim an der Ruhr","https://kim-marie-borger.com/unterricht/muelheim-an-der-ruhr/","1464","522","8","2","0","1","65","1","true","true","54","149","https://kim-marie-borger.com/unterricht/rhein-ruhr/","0.6667","https://kim-marie-borger.com/unterricht/hilden/","0.5054","https://kim-marie-borger.com/unterricht/hilden/","0.8643","Bratschenunterricht Mülheim an der Ruhr | Viola lernen","Bratschenunterricht in Mülheim an der Ruhr, der ruhig aufbaut und wirklich in deinen Alltag passt."
"unterricht","local","P3","low","ok","rewritten-batch-16-stretched-review-needed","true","true","muenster","Bratschenunterricht Münster","https://kim-marie-borger.com/unterricht/muenster/","1306","518","8","2","0","1","65","1","true","true","42","137","https://kim-marie-borger.com/unterricht/aachen/","0.5","https://kim-marie-borger.com/unterricht/moenchengladbach/","0.5273","https://kim-marie-borger.com/unterricht/moenchengladbach/","0.8846","Bratschenunterricht Münster | Viola lernen","Bratschenunterricht in Münster, der ruhig aufbaut und wirklich in deinen Alltag passt."
"unterricht","local","P3","low","ok","rewritten-batch-16-stretched-review-needed","true","true","neuss","Bratschenunterricht Neuss","https://kim-marie-borger.com/unterricht/neuss/","1322","520","8","2","0","1","65","1","true","true","40","135","https://kim-marie-borger.com/unterricht/rhein-kreis-neuss/","0.6667","https://kim-marie-borger.com/unterricht/wuelfrath/","0.5377","https://kim-marie-borger.com/unterricht/wuelfrath/","0.8977","Bratschenunterricht Neuss | Viola lernen","Bratschenunterricht in Neuss, der ruhig aufbaut und wirklich in deinen Alltag passt."
"unterricht","local","P3","low","ok","rewritten-batch-16-stretched-review-needed","true","true","nordrhein-westfalen","Bratschenunterricht Nordrhein-Westfalen","https://kim-marie-borger.com/unterricht/nordrhein-westfalen/","1356","518","8","2","0","1","65","1","true","true","54","149","https://kim-marie-borger.com/unterricht/aachen/","0.4","https://kim-marie-borger.com/unterricht/kreis-mettmann/","0.5089","https://kim-marie-borger.com/unterricht/kreis-mettmann/","0.8576","Bratschenunterricht Nordrhein-Westfalen | Viola lernen","Bratschenunterricht in Nordrhein-Westfalen, der ruhig aufbaut und wirklich in deinen Alltag passt."
"unterricht","local","P3","low","ok","rewritten-batch-16-stretched-review-needed","true","true","oberhausen","Bratschenunterricht Oberhausen","https://kim-marie-borger.com/unterricht/oberhausen/","1345","514","8","2","0","1","65","1","true","true","45","140","https://kim-marie-borger.com/unterricht/aachen/","0.5","https://kim-marie-borger.com/unterricht/wuppertal/","0.5288","https://kim-marie-borger.com/unterricht/wuppertal/","0.9027","Bratschenunterricht Oberhausen | Viola lernen","Bratschenunterricht in Oberhausen, der ruhig aufbaut und wirklich in deinen Alltag passt."
"unterricht","local","P3","low","ok","rewritten-batch-16-stretched-review-needed","true","true","paderborn","Bratschenunterricht Paderborn","https://kim-marie-borger.com/unterricht/paderborn/","1301","513","8","2","0","1","65","1","true","true","44","139","https://kim-marie-borger.com/unterricht/aachen/","0.5","https://kim-marie-borger.com/unterricht/koeln/","0.5149","https://kim-marie-borger.com/unterricht/bonn/","0.8759","Bratschenunterricht Paderborn | Viola lernen","Bratschenunterricht in Paderborn, der ruhig aufbaut und wirklich in deinen Alltag passt."
"unterricht","local","P3","low","ok","rewritten-batch-16-stretched-review-needed","true","true","ratingen","Bratschenunterricht Ratingen","https://kim-marie-borger.com/unterricht/ratingen/","1338","519","8","2","0","1","65","1","true","true","43","138","https://kim-marie-borger.com/unterricht/aachen/","0.5","https://kim-marie-borger.com/unterricht/iserlohn/","0.5358","https://kim-marie-borger.com/unterricht/iserlohn/","0.9005","Bratschenunterricht Ratingen | Viola lernen","Bratschenunterricht in Ratingen, der ruhig aufbaut und wirklich in deinen Alltag passt."
"unterricht","local","P3","low","ok","rewritten-batch-16-stretched-review-needed","true","true","recklinghausen","Bratschenunterricht Recklinghausen","https://kim-marie-borger.com/unterricht/recklinghausen/","1335","514","8","2","0","1","65","1","true","true","49","144","https://kim-marie-borger.com/unterricht/aachen/","0.5","https://kim-marie-borger.com/unterricht/kreis-mettmann/","0.5008","https://kim-marie-borger.com/unterricht/solingen/","0.8765","Bratschenunterricht Recklinghausen | Viola lernen","Bratschenunterricht in Recklinghausen, der ruhig aufbaut und wirklich in deinen Alltag passt."
"unterricht","local","P3","low","ok","rewritten-batch-16-stretched-review-needed","true","true","remscheid","Bratschenunterricht Remscheid","https://kim-marie-borger.com/unterricht/remscheid/","1325","514","8","2","0","1","65","1","true","true","44","139","https://kim-marie-borger.com/unterricht/aachen/","0.5","https://kim-marie-borger.com/unterricht/velbert/","0.544","https://kim-marie-borger.com/unterricht/velbert/","0.9112","Bratschenunterricht Remscheid | Viola lernen","Bratschenunterricht in Remscheid, der ruhig aufbaut und wirklich in deinen Alltag passt."
"unterricht","local","P3","low","ok","rewritten-batch-16-stretched-review-needed","true","true","rhein-kreis-neuss","Bratschenunterricht Rhein-Kreis Neuss","https://kim-marie-borger.com/unterricht/rhein-kreis-neuss/","1386","513","8","2","0","1","65","1","true","true","52","147","https://kim-marie-borger.com/unterricht/neuss/","0.6667","https://kim-marie-borger.com/unterricht/rhein-ruhr/","0.5129","https://kim-marie-borger.com/unterricht/rhein-ruhr/","0.8722","Bratschenunterricht Rhein-Kreis Neuss | Viola lernen","Bratschenunterricht in Rhein-Kreis Neuss, der ruhig aufbaut und wirklich in deinen Alltag passt."
"unterricht","local","P3","low","ok","rewritten-batch-16-stretched-review-needed","true","true","rhein-ruhr","Bratschenunterricht Rhein-Ruhr","https://kim-marie-borger.com/unterricht/rhein-ruhr/","1354","526","8","2","0","1","65","1","true","true","45","140","https://kim-marie-borger.com/unterricht/monheim-am-rhein/","0.6667","https://kim-marie-borger.com/unterricht/rhein-kreis-neuss/","0.5129","https://kim-marie-borger.com/unterricht/rhein-kreis-neuss/","0.8722","Bratschenunterricht Rhein-Ruhr | Viola lernen","Bratschenunterricht in Rhein-Ruhr, der ruhig aufbaut und wirklich in deinen Alltag passt."
"unterricht","local","P3","low","ok","rewritten-batch-16-stretched-review-needed","true","true","rheinland","Bratschenunterricht Rheinland","https://kim-marie-borger.com/unterricht/rheinland/","1313","521","8","2","0","1","65","1","true","true","44","139","https://kim-marie-borger.com/unterricht/aachen/","0.5","https://kim-marie-borger.com/unterricht/dortmund/","0.5223","https://kim-marie-borger.com/unterricht/dortmund/","0.8761","Bratschenunterricht Rheinland | Viola lernen","Bratschenunterricht in Rheinland, der ruhig aufbaut und wirklich in deinen Alltag passt."
"unterricht","local","P3","low","ok","rewritten-batch-16-stretched-review-needed","true","true","ruhrgebiet","Bratschenunterricht Ruhrgebiet","https://kim-marie-borger.com/unterricht/ruhrgebiet/","1304","516","8","2","0","1","65","1","true","true","45","140","https://kim-marie-borger.com/unterricht/aachen/","0.5","https://kim-marie-borger.com/unterricht/dormagen/","0.5279","https://kim-marie-borger.com/unterricht/duisburg/","0.8917","Bratschenunterricht Ruhrgebiet | Viola lernen","Bratschenunterricht in Ruhrgebiet, der ruhig aufbaut und wirklich in deinen Alltag passt."
"unterricht","local","P3","low","ok","rewritten-batch-16-stretched-review-needed","true","true","siegen","Bratschenunterricht Siegen","https://kim-marie-borger.com/unterricht/siegen/","1295","516","8","2","0","1","65","1","true","true","41","136","https://kim-marie-borger.com/unterricht/aachen/","0.5","https://kim-marie-borger.com/unterricht/hagen/","0.5511","https://kim-marie-borger.com/unterricht/hagen/","0.9122","Bratschenunterricht Siegen | Viola lernen","Bratschenunterricht in Siegen, der ruhig aufbaut und wirklich in deinen Alltag passt."
"unterricht","local","P3","low","ok","rewritten-batch-16-stretched-review-needed","true","true","solingen","Bratschenunterricht Solingen","https://kim-marie-borger.com/unterricht/solingen/","1337","517","8","2","0","1","65","1","true","true","43","138","https://kim-marie-borger.com/unterricht/aachen/","0.5","https://kim-marie-borger.com/unterricht/siegen/","0.5257","https://kim-marie-borger.com/unterricht/siegen/","0.8782","Bratschenunterricht Solingen | Viola lernen","Bratschenunterricht in Solingen, der ruhig aufbaut und wirklich in deinen Alltag passt."
"unterricht","local","P3","low","ok","rewritten-batch-16-stretched-review-needed","true","true","unna","Bratschenunterricht Unna","https://kim-marie-borger.com/unterricht/unna/","1306","522","8","2","0","1","65","1","true","true","39","134","https://kim-marie-borger.com/unterricht/aachen/","0.5","https://kim-marie-borger.com/unterricht/herne/","0.5405","https://kim-marie-borger.com/unterricht/bochum/","0.9014","Bratschenunterricht Unna | Viola lernen","Bratschenunterricht in Unna, der ruhig aufbaut und wirklich in deinen Alltag passt."
"unterricht","local","P3","low","ok","rewritten-batch-16-stretched-review-needed","true","true","velbert","Bratschenunterricht Velbert","https://kim-marie-borger.com/unterricht/velbert/","1319","513","8","2","0","1","65","1","true","true","42","137","https://kim-marie-borger.com/unterricht/aachen/","0.5","https://kim-marie-borger.com/unterricht/remscheid/","0.544","https://kim-marie-borger.com/unterricht/remscheid/","0.9112","Bratschenunterricht Velbert | Viola lernen","Bratschenunterricht in Velbert, der ruhig aufbaut und wirklich in deinen Alltag passt."
"unterricht","local","P3","low","ok","rewritten-batch-16-stretched-review-needed","true","true","wuelfrath","Bratschenunterricht Wülfrath","https://kim-marie-borger.com/unterricht/wuelfrath/","1319","514","8","2","0","1","65","1","true","true","43","138","https://kim-marie-borger.com/unterricht/aachen/","0.5","https://kim-marie-borger.com/unterricht/neuss/","0.5377","https://kim-marie-borger.com/unterricht/neuss/","0.8977","Bratschenunterricht Wülfrath | Viola lernen","Bratschenunterricht in Wülfrath, der ruhig aufbaut und wirklich in deinen Alltag passt."
"unterricht","local","P3","low","ok","rewritten-batch-16-stretched-review-needed","true","true","wuppertal","Bratschenunterricht Wuppertal","https://kim-marie-borger.com/unterricht/wuppertal/","1346","513","8","2","0","1","65","1","true","true","44","139","https://kim-marie-borger.com/unterricht/aachen/","0.5","https://kim-marie-borger.com/unterricht/oberhausen/","0.5288","https://kim-marie-borger.com/unterricht/oberhausen/","0.9027","Bratschenunterricht Wuppertal | Viola lernen","Bratschenunterricht in Wuppertal, der ruhig aufbaut und wirklich in deinen Alltag passt."
"unterricht","topic","P2","low","ok","rewritten-batch-16-stretched-review-needed","true","true","bratsche-lernen","Bratsche lernen","https://kim-marie-borger.com/unterricht/bratsche-lernen/","1036","419","8","2","0","1","59","1","true","true","30","110","https://kim-marie-borger.com/unterricht/bratsche-unterricht/","0.5","https://kim-marie-borger.com/unterricht/bratsche-unterricht/","0.5107","https://kim-marie-borger.com/unterricht/bratsche-unterricht/","0.8521","Bratsche Lernen | Viola lernen","Bratsche lernen, wenn Klang, Körpergefühl und Geduld zusammenfinden sollen."
"unterricht","topic","P2","low","ok","rewritten-batch-16-stretched-review-needed","true","true","bratsche-unterricht","Bratsche Unterricht","https://kim-marie-borger.com/unterricht/bratsche-unterricht/","980","408","8","2","0","1","59","1","true","true","34","114","https://kim-marie-borger.com/unterricht/bratsche-lernen/","0.5","https://kim-marie-borger.com/unterricht/bratsche-lernen/","0.5107","https://kim-marie-borger.com/unterricht/bratsche-lernen/","0.8521","Bratsche Unterricht | Viola lernen","Bratsche Unterricht mit klarer Struktur und persönlichem Tempo."
"unterricht","topic","P2","low","ok","rewritten-batch-16-stretched-review-needed","true","true","bratschenunterricht","Bratschenunterricht","https://kim-marie-borger.com/unterricht/bratschenunterricht/","973","409","8","2","0","1","59","1","true","true","34","114","https://kim-marie-borger.com/unterricht/bratschenunterricht-anfaenger/","0.6667","https://kim-marie-borger.com/unterricht/bratschenunterricht-erwachsene/","0.563","https://kim-marie-borger.com/unterricht/bratschenunterricht-erwachsene/","0.8824","Bratschenunterricht | Viola lernen","Bratschenunterricht mit warmem Klang, klarer Technik und realistischem Übeplan."
"unterricht","topic","P2","low","ok","rewritten-batch-16-stretched-review-needed","true","true","bratschenunterricht-anfaenger","Bratschenunterricht Anfänger","https://kim-marie-borger.com/unterricht/bratschenunterricht-anfaenger/","981","411","8","2","0","1","59","1","true","true","43","123","https://kim-marie-borger.com/unterricht/bratschenunterricht/","0.6667","https://kim-marie-borger.com/unterricht/bratschenunterricht/","0.496","https://kim-marie-borger.com/unterricht/bratschenunterricht/","0.8361","Bratschenunterricht AnfäNger | Viola lernen","Bratschenunterricht für Anfänger:innen, der ruhig beginnt und trotzdem trägt."
"unterricht","topic","P2","low","ok","rewritten-batch-16-stretched-review-needed","true","true","bratschenunterricht-erwachsene","Bratschenunterricht Erwachsene","https://kim-marie-borger.com/unterricht/bratschenunterricht-erwachsene/","992","411","8","2","0","1","59","1","true","true","45","125","https://kim-marie-borger.com/unterricht/bratschenunterricht/","0.6667","https://kim-marie-borger.com/unterricht/bratschenunterricht/","0.563","https://kim-marie-borger.com/unterricht/bratschenunterricht/","0.8824","Bratschenunterricht Erwachsene | Viola lernen","Bratschenunterricht für Erwachsene, passend zu Alltag, Anspruch und Geduld."
"unterricht","topic","P2","low","ok","rewritten-batch-16-stretched-review-needed","true","true","bratschenunterricht-kinder","Bratschenunterricht Kinder","https://kim-marie-borger.com/unterricht/bratschenunterricht-kinder/","982","406","8","2","0","1","59","1","true","true","41","121","https://kim-marie-borger.com/unterricht/bratschenunterricht/","0.6667","https://kim-marie-borger.com/unterricht/bratschenunterricht/","0.4909","https://kim-marie-borger.com/unterricht/bratschenunterricht/","0.8426","Bratschenunterricht Kinder | Viola lernen","Bratschenunterricht für Kinder, spielerisch, geduldig und mit stabilem Fundament."
"unterricht","topic","P2","low","ok","rewritten-batch-16-stretched-review-needed","true","true","musikunterricht-bratsche","Musikunterricht Bratsche","https://kim-marie-borger.com/unterricht/musikunterricht-bratsche/","981","417","8","2","0","1","59","1","true","true","39","119","https://kim-marie-borger.com/unterricht/bratsche-lernen/","0.5","https://kim-marie-borger.com/unterricht/musikunterricht-viola/","0.5017","https://kim-marie-borger.com/unterricht/musikunterricht-viola/","0.8444","Musikunterricht Bratsche | Viola lernen","Musikunterricht für Bratsche, der Technik und musikalisches Verstehen verbindet."
"unterricht","topic","P2","low","ok","rewritten-batch-16-stretched-review-needed","true","true","musikunterricht-viola","Musikunterricht Viola","https://kim-marie-borger.com/unterricht/musikunterricht-viola/","1007","422","8","2","0","1","59","1","true","true","36","116","https://kim-marie-borger.com/unterricht/musikunterricht-bratsche/","0.5","https://kim-marie-borger.com/unterricht/musikunterricht-bratsche/","0.5017","https://kim-marie-borger.com/unterricht/viola-unterricht/","0.861","Musikunterricht Viola | Viola lernen","Musikunterricht für Viola mit warmem Ton und verständlicher Technik."
"unterricht","topic","P2","low","ok","rewritten-batch-16-stretched-review-needed","true","true","viola-lernen","Viola lernen","https://kim-marie-borger.com/unterricht/viola-lernen/","1010","418","8","2","0","1","59","1","true","true","27","107","https://kim-marie-borger.com/unterricht/bratsche-lernen/","0.5","https://kim-marie-borger.com/unterricht/viola-unterricht/","0.5247","https://kim-marie-borger.com/unterricht/viola-unterricht/","0.8523","Viola Lernen | Viola lernen","Viola lernen, wenn du einen warmen Klang und einen ruhigen Einstieg suchst."
"unterricht","topic","P2","low","ok","rewritten-batch-16-stretched-review-needed","true","true","viola-unterricht","Viola Unterricht","https://kim-marie-borger.com/unterricht/viola-unterricht/","1000","416","8","2","0","1","59","1","true","true","31","111","https://kim-marie-borger.com/unterricht/bratsche-unterricht/","0.5","https://kim-marie-borger.com/unterricht/viola-lernen/","0.5247","https://kim-marie-borger.com/unterricht/musikunterricht-viola/","0.861","Viola Unterricht | Viola lernen","Viola Unterricht für Menschen, die Klang bewusst entwickeln möchten."
